nohup: ignoring input
INFO:     Will watch for changes in these directories: ['/srv/sushi/rdom_test_new_sushi_20251030/backend_python/app']
INFO:     Uvicorn running on http://0.0.0.0:4071 (Press CTRL+C to quit)
INFO:     Started reloader process [1535558] using WatchFiles
INFO:     Started server process [1535560]
INFO:     Waiting for application startup.
INFO:     Application startup complete.
INFO:     130.60.193.7:49550 - "OPTIONS /auth/login_options HTTP/1.1" 200 OK
INFO:     130.60.193.7:49552 - "GET /auth/login_options HTTP/1.1" 200 OK
INFO:     130.60.193.7:49550 - "OPTIONS /auth/me HTTP/1.1" 200 OK
INFO:     130.60.193.7:49552 - "GET /auth/me HTTP/1.1" 200 OK
INFO:     130.60.193.7:49550 - "OPTIONS /projects/ HTTP/1.1" 200 OK
INFO:     130.60.193.7:49552 - "GET /projects/ HTTP/1.1" 200 OK
INFO:     130.60.193.7:49552 - "GET /auth/login_options HTTP/1.1" 200 OK
INFO:     130.60.193.7:49552 - "GET /auth/me HTTP/1.1" 200 OK
INFO:     130.60.193.7:49552 - "GET /projects/ HTTP/1.1" 200 OK
INFO:     130.60.193.7:49550 - "OPTIONS /projects/1001/datasets?q=&page=1&per=10 HTTP/1.1" 200 OK
2026-05-08 09:02:46,591 INFO sqlalchemy.engine.Engine BEGIN (implicit)
2026-05-08 09:02:46,594 INFO sqlalchemy.engine.Engine SELECT count(*) AS count_1 
FROM datasets JOIN projects ON datasets.project_id = projects.id 
WHERE projects.number = ?
2026-05-08 09:02:46,594 INFO sqlalchemy.engine.Engine [generated in 0.00014s] (1001,)
2026-05-08 09:02:46,645 INFO sqlalchemy.engine.Engine SELECT datasets.id, datasets.project_id, datasets.parent_id, datasets.user_id, datasets.name, datasets.md5, datasets.comment, datasets.num_samples, datasets.completed_samples, datasets.sushi_app_name, datasets.job_parameters, datasets.bfabric_id, datasets.workunit_id, datasets.order_ids, datasets.created_at, datasets.updated_at 
FROM datasets JOIN projects ON datasets.project_id = projects.id 
WHERE projects.number = ? ORDER BY datasets.created_at DESC
 LIMIT ? OFFSET ?
2026-05-08 09:02:46,645 INFO sqlalchemy.engine.Engine [generated in 0.00014s] (1001, 10, 0)
2026-05-08 09:02:46,646 INFO sqlalchemy.engine.Engine ROLLBACK
INFO:     130.60.193.7:49552 - "GET /projects/1001/datasets?q=&page=1&per=10 HTTP/1.1" 500 Internal Server Error
ERROR:    Exception in ASGI application
Traceback (most recent call last):
  File "/srv/sushi/rdom_test_new_sushi_20251030/backend_python/.venv/lib/python3.12/site-packages/uvicorn/protocols/http/httptools_impl.py", line 416, in run_asgi
    result = await app(  # type: ignore[func-returns-value]
             ^^^^^^^^^^^^^^^^^^^^^^^^^^^^^^^^^^^^^^^^^^^^^^
  File "/srv/sushi/rdom_test_new_sushi_20251030/backend_python/.venv/lib/python3.12/site-packages/uvicorn/middleware/proxy_headers.py", line 60, in __call__
    return await self.app(scope, receive, send)
           ^^^^^^^^^^^^^^^^^^^^^^^^^^^^^^^^^^^^
  File "/srv/sushi/rdom_test_new_sushi_20251030/backend_python/.venv/lib/python3.12/site-packages/fastapi/applications.py", line 1159, in __call__
    await super().__call__(scope, receive, send)
  File "/srv/sushi/rdom_test_new_sushi_20251030/backend_python/.venv/lib/python3.12/site-packages/starlette/applications.py", line 90, in __call__
    await self.middleware_stack(scope, receive, send)
  File "/srv/sushi/rdom_test_new_sushi_20251030/backend_python/.venv/lib/python3.12/site-packages/starlette/middleware/errors.py", line 186, in __call__
    raise exc
  File "/srv/sushi/rdom_test_new_sushi_20251030/backend_python/.venv/lib/python3.12/site-packages/starlette/middleware/errors.py", line 164, in __call__
    await self.app(scope, receive, _send)
  File "/srv/sushi/rdom_test_new_sushi_20251030/backend_python/.venv/lib/python3.12/site-packages/starlette/middleware/cors.py", line 96, in __call__
    await self.simple_response(scope, receive, send, request_headers=headers)
  File "/srv/sushi/rdom_test_new_sushi_20251030/backend_python/.venv/lib/python3.12/site-packages/starlette/middleware/cors.py", line 154, in simple_response
    await self.app(scope, receive, send)
  File "/srv/sushi/rdom_test_new_sushi_20251030/backend_python/.venv/lib/python3.12/site-packages/starlette/middleware/exceptions.py", line 63, in __call__
    await wrap_app_handling_exceptions(self.app, conn)(scope, receive, send)
  File "/srv/sushi/rdom_test_new_sushi_20251030/backend_python/.venv/lib/python3.12/site-packages/starlette/_exception_handler.py", line 53, in wrapped_app
    raise exc
  File "/srv/sushi/rdom_test_new_sushi_20251030/backend_python/.venv/lib/python3.12/site-packages/starlette/_exception_handler.py", line 42, in wrapped_app
    await app(scope, receive, sender)
  File "/srv/sushi/rdom_test_new_sushi_20251030/backend_python/.venv/lib/python3.12/site-packages/fastapi/middleware/asyncexitstack.py", line 18, in __call__
    await self.app(scope, receive, send)
  File "/srv/sushi/rdom_test_new_sushi_20251030/backend_python/.venv/lib/python3.12/site-packages/starlette/routing.py", line 660, in __call__
    await self.middleware_stack(scope, receive, send)
  File "/srv/sushi/rdom_test_new_sushi_20251030/backend_python/.venv/lib/python3.12/site-packages/starlette/routing.py", line 680, in app
    await route.handle(scope, receive, send)
  File "/srv/sushi/rdom_test_new_sushi_20251030/backend_python/.venv/lib/python3.12/site-packages/starlette/routing.py", line 276, in handle
    await self.app(scope, receive, send)
  File "/srv/sushi/rdom_test_new_sushi_20251030/backend_python/.venv/lib/python3.12/site-packages/fastapi/routing.py", line 134, in app
    await wrap_app_handling_exceptions(app, request)(scope, receive, send)
  File "/srv/sushi/rdom_test_new_sushi_20251030/backend_python/.venv/lib/python3.12/site-packages/starlette/_exception_handler.py", line 53, in wrapped_app
    raise exc
  File "/srv/sushi/rdom_test_new_sushi_20251030/backend_python/.venv/lib/python3.12/site-packages/starlette/_exception_handler.py", line 42, in wrapped_app
    await app(scope, receive, sender)
  File "/srv/sushi/rdom_test_new_sushi_20251030/backend_python/.venv/lib/python3.12/site-packages/fastapi/routing.py", line 120, in app
    response = await f(request)
               ^^^^^^^^^^^^^^^^
  File "/srv/sushi/rdom_test_new_sushi_20251030/backend_python/.venv/lib/python3.12/site-packages/fastapi/routing.py", line 674, in app
    raw_response = await run_endpoint_function(
                   ^^^^^^^^^^^^^^^^^^^^^^^^^^^^
  File "/srv/sushi/rdom_test_new_sushi_20251030/backend_python/.venv/lib/python3.12/site-packages/fastapi/routing.py", line 330, in run_endpoint_function
    return await run_in_threadpool(dependant.call, **values)
           ^^^^^^^^^^^^^^^^^^^^^^^^^^^^^^^^^^^^^^^^^^^^^^^^^
  File "/srv/sushi/rdom_test_new_sushi_20251030/backend_python/.venv/lib/python3.12/site-packages/starlette/concurrency.py", line 32, in run_in_threadpool
    return await anyio.to_thread.run_sync(func)
           ^^^^^^^^^^^^^^^^^^^^^^^^^^^^^^^^^^^^
  File "/srv/sushi/rdom_test_new_sushi_20251030/backend_python/.venv/lib/python3.12/site-packages/anyio/to_thread.py", line 63, in run_sync
    return await get_async_backend().run_sync_in_worker_thread(
           ^^^^^^^^^^^^^^^^^^^^^^^^^^^^^^^^^^^^^^^^^^^^^^^^^^^^
  File "/srv/sushi/rdom_test_new_sushi_20251030/backend_python/.venv/lib/python3.12/site-packages/anyio/_backends/_asyncio.py", line 2518, in run_sync_in_worker_thread
    return await future
           ^^^^^^^^^^^^
  File "/srv/sushi/rdom_test_new_sushi_20251030/backend_python/.venv/lib/python3.12/site-packages/anyio/_backends/_asyncio.py", line 1002, in run
    result = context.run(func, *args)
             ^^^^^^^^^^^^^^^^^^^^^^^^
  File "/srv/sushi/rdom_test_new_sushi_20251030/backend_python/app/api/routes/projects.py", line 52, in get_project_datasets
    return service.get_paginated(project_number, page, per, q)
           ^^^^^^^^^^^^^^^^^^^^^^^^^^^^^^^^^^^^^^^^^^^^^^^^^^^
  File "/srv/sushi/rdom_test_new_sushi_20251030/backend_python/app/services/dataset.py", line 65, in get_paginated
    datasets, total_count, total_pages = self.dataset_repo.get_by_project_paginated(
                                         ^^^^^^^^^^^^^^^^^^^^^^^^^^^^^^^^^^^^^^^^^^^
  File "/srv/sushi/rdom_test_new_sushi_20251030/backend_python/app/repositories/dataset.py", line 53, in get_by_project_paginated
    datasets = list(self.session.exec(statement).all())
                    ^^^^^^^^^^^^^^^^^^^^^^^^^^^^^^^^^^
  File "/srv/sushi/rdom_test_new_sushi_20251030/backend_python/.venv/lib/python3.12/site-packages/sqlalchemy/engine/result.py", line 1786, in all
    return self._allrows()
           ^^^^^^^^^^^^^^^
  File "/srv/sushi/rdom_test_new_sushi_20251030/backend_python/.venv/lib/python3.12/site-packages/sqlalchemy/engine/result.py", line 560, in _allrows
    rows = self._fetchall_impl()
           ^^^^^^^^^^^^^^^^^^^^^
  File "/srv/sushi/rdom_test_new_sushi_20251030/backend_python/.venv/lib/python3.12/site-packages/sqlalchemy/engine/result.py", line 1693, in _fetchall_impl
    return self._real_result._fetchall_impl()
           ^^^^^^^^^^^^^^^^^^^^^^^^^^^^^^^^^^
  File "/srv/sushi/rdom_test_new_sushi_20251030/backend_python/.venv/lib/python3.12/site-packages/sqlalchemy/engine/result.py", line 2287, in _fetchall_impl
    return list(self.iterator)
           ^^^^^^^^^^^^^^^^^^^
  File "/srv/sushi/rdom_test_new_sushi_20251030/backend_python/.venv/lib/python3.12/site-packages/sqlalchemy/orm/loading.py", line 220, in chunks
    fetch = cursor._raw_all_rows()
            ^^^^^^^^^^^^^^^^^^^^^^
  File "/srv/sushi/rdom_test_new_sushi_20251030/backend_python/.venv/lib/python3.12/site-packages/sqlalchemy/engine/result.py", line 553, in _raw_all_rows
    return [make_row(row) for row in rows]
            ^^^^^^^^^^^^^
  File "lib/sqlalchemy/cyextension/resultproxy.pyx", line 22, in sqlalchemy.cyextension.resultproxy.BaseRow.__init__
  File "lib/sqlalchemy/cyextension/resultproxy.pyx", line 79, in sqlalchemy.cyextension.resultproxy._apply_processors
  File "/srv/sushi/rdom_test_new_sushi_20251030/backend_python/.venv/lib/python3.12/site-packages/sqlalchemy/dialects/sqlite/base.py", line 1045, in process
    return default_processor(value)
           ^^^^^^^^^^^^^^^^^^^^^^^^
  File "/srv/sushi/rdom_test_new_sushi_20251030/backend_python/.venv/lib/python3.12/site-packages/sqlalchemy/sql/sqltypes.py", line 2820, in process
    return json_deserializer(value)
           ^^^^^^^^^^^^^^^^^^^^^^^^
  File "/misc/ngseq12/miniforge3/envs/gi_py3.12.8/lib/python3.12/json/__init__.py", line 346, in loads
    return _default_decoder.decode(s)
           ^^^^^^^^^^^^^^^^^^^^^^^^^^
  File "/misc/ngseq12/miniforge3/envs/gi_py3.12.8/lib/python3.12/json/decoder.py", line 338, in decode
    obj, end = self.raw_decode(s, idx=_w(s, 0).end())
               ^^^^^^^^^^^^^^^^^^^^^^^^^^^^^^^^^^^^^^
  File "/misc/ngseq12/miniforge3/envs/gi_py3.12.8/lib/python3.12/json/decoder.py", line 356, in raw_decode
    raise JSONDecodeError("Expecting value", s, err.value) from None
json.decoder.JSONDecodeError: Expecting value: line 1 column 1 (char 0)
2026-05-08 09:02:48,144 INFO sqlalchemy.engine.Engine BEGIN (implicit)
2026-05-08 09:02:48,145 INFO sqlalchemy.engine.Engine SELECT count(*) AS count_1 
FROM datasets JOIN projects ON datasets.project_id = projects.id 
WHERE projects.number = ?
2026-05-08 09:02:48,145 INFO sqlalchemy.engine.Engine [cached since 1.551s ago] (1001,)
2026-05-08 09:02:48,145 INFO sqlalchemy.engine.Engine SELECT datasets.id, datasets.project_id, datasets.parent_id, datasets.user_id, datasets.name, datasets.md5, datasets.comment, datasets.num_samples, datasets.completed_samples, datasets.sushi_app_name, datasets.job_parameters, datasets.bfabric_id, datasets.workunit_id, datasets.order_ids, datasets.created_at, datasets.updated_at 
FROM datasets JOIN projects ON datasets.project_id = projects.id 
WHERE projects.number = ? ORDER BY datasets.created_at DESC
 LIMIT ? OFFSET ?
2026-05-08 09:02:48,145 INFO sqlalchemy.engine.Engine [cached since 1.5s ago] (1001, 10, 0)
2026-05-08 09:02:48,146 INFO sqlalchemy.engine.Engine ROLLBACK
INFO:     130.60.193.7:49555 - "GET /projects/1001/datasets?q=&page=1&per=10 HTTP/1.1" 500 Internal Server Error
ERROR:    Exception in ASGI application
Traceback (most recent call last):
  File "/srv/sushi/rdom_test_new_sushi_20251030/backend_python/.venv/lib/python3.12/site-packages/uvicorn/protocols/http/httptools_impl.py", line 416, in run_asgi
    result = await app(  # type: ignore[func-returns-value]
             ^^^^^^^^^^^^^^^^^^^^^^^^^^^^^^^^^^^^^^^^^^^^^^
  File "/srv/sushi/rdom_test_new_sushi_20251030/backend_python/.venv/lib/python3.12/site-packages/uvicorn/middleware/proxy_headers.py", line 60, in __call__
    return await self.app(scope, receive, send)
           ^^^^^^^^^^^^^^^^^^^^^^^^^^^^^^^^^^^^
  File "/srv/sushi/rdom_test_new_sushi_20251030/backend_python/.venv/lib/python3.12/site-packages/fastapi/applications.py", line 1159, in __call__
    await super().__call__(scope, receive, send)
  File "/srv/sushi/rdom_test_new_sushi_20251030/backend_python/.venv/lib/python3.12/site-packages/starlette/applications.py", line 90, in __call__
    await self.middleware_stack(scope, receive, send)
  File "/srv/sushi/rdom_test_new_sushi_20251030/backend_python/.venv/lib/python3.12/site-packages/starlette/middleware/errors.py", line 186, in __call__
    raise exc
  File "/srv/sushi/rdom_test_new_sushi_20251030/backend_python/.venv/lib/python3.12/site-packages/starlette/middleware/errors.py", line 164, in __call__
    await self.app(scope, receive, _send)
  File "/srv/sushi/rdom_test_new_sushi_20251030/backend_python/.venv/lib/python3.12/site-packages/starlette/middleware/cors.py", line 96, in __call__
    await self.simple_response(scope, receive, send, request_headers=headers)
  File "/srv/sushi/rdom_test_new_sushi_20251030/backend_python/.venv/lib/python3.12/site-packages/starlette/middleware/cors.py", line 154, in simple_response
    await self.app(scope, receive, send)
  File "/srv/sushi/rdom_test_new_sushi_20251030/backend_python/.venv/lib/python3.12/site-packages/starlette/middleware/exceptions.py", line 63, in __call__
    await wrap_app_handling_exceptions(self.app, conn)(scope, receive, send)
  File "/srv/sushi/rdom_test_new_sushi_20251030/backend_python/.venv/lib/python3.12/site-packages/starlette/_exception_handler.py", line 53, in wrapped_app
    raise exc
  File "/srv/sushi/rdom_test_new_sushi_20251030/backend_python/.venv/lib/python3.12/site-packages/starlette/_exception_handler.py", line 42, in wrapped_app
    await app(scope, receive, sender)
  File "/srv/sushi/rdom_test_new_sushi_20251030/backend_python/.venv/lib/python3.12/site-packages/fastapi/middleware/asyncexitstack.py", line 18, in __call__
    await self.app(scope, receive, send)
  File "/srv/sushi/rdom_test_new_sushi_20251030/backend_python/.venv/lib/python3.12/site-packages/starlette/routing.py", line 660, in __call__
    await self.middleware_stack(scope, receive, send)
  File "/srv/sushi/rdom_test_new_sushi_20251030/backend_python/.venv/lib/python3.12/site-packages/starlette/routing.py", line 680, in app
    await route.handle(scope, receive, send)
  File "/srv/sushi/rdom_test_new_sushi_20251030/backend_python/.venv/lib/python3.12/site-packages/starlette/routing.py", line 276, in handle
    await self.app(scope, receive, send)
  File "/srv/sushi/rdom_test_new_sushi_20251030/backend_python/.venv/lib/python3.12/site-packages/fastapi/routing.py", line 134, in app
    await wrap_app_handling_exceptions(app, request)(scope, receive, send)
  File "/srv/sushi/rdom_test_new_sushi_20251030/backend_python/.venv/lib/python3.12/site-packages/starlette/_exception_handler.py", line 53, in wrapped_app
    raise exc
  File "/srv/sushi/rdom_test_new_sushi_20251030/backend_python/.venv/lib/python3.12/site-packages/starlette/_exception_handler.py", line 42, in wrapped_app
    await app(scope, receive, sender)
  File "/srv/sushi/rdom_test_new_sushi_20251030/backend_python/.venv/lib/python3.12/site-packages/fastapi/routing.py", line 120, in app
    response = await f(request)
               ^^^^^^^^^^^^^^^^
  File "/srv/sushi/rdom_test_new_sushi_20251030/backend_python/.venv/lib/python3.12/site-packages/fastapi/routing.py", line 674, in app
    raw_response = await run_endpoint_function(
                   ^^^^^^^^^^^^^^^^^^^^^^^^^^^^
  File "/srv/sushi/rdom_test_new_sushi_20251030/backend_python/.venv/lib/python3.12/site-packages/fastapi/routing.py", line 330, in run_endpoint_function
    return await run_in_threadpool(dependant.call, **values)
           ^^^^^^^^^^^^^^^^^^^^^^^^^^^^^^^^^^^^^^^^^^^^^^^^^
  File "/srv/sushi/rdom_test_new_sushi_20251030/backend_python/.venv/lib/python3.12/site-packages/starlette/concurrency.py", line 32, in run_in_threadpool
    return await anyio.to_thread.run_sync(func)
           ^^^^^^^^^^^^^^^^^^^^^^^^^^^^^^^^^^^^
  File "/srv/sushi/rdom_test_new_sushi_20251030/backend_python/.venv/lib/python3.12/site-packages/anyio/to_thread.py", line 63, in run_sync
    return await get_async_backend().run_sync_in_worker_thread(
           ^^^^^^^^^^^^^^^^^^^^^^^^^^^^^^^^^^^^^^^^^^^^^^^^^^^^
  File "/srv/sushi/rdom_test_new_sushi_20251030/backend_python/.venv/lib/python3.12/site-packages/anyio/_backends/_asyncio.py", line 2518, in run_sync_in_worker_thread
    return await future
           ^^^^^^^^^^^^
  File "/srv/sushi/rdom_test_new_sushi_20251030/backend_python/.venv/lib/python3.12/site-packages/anyio/_backends/_asyncio.py", line 1002, in run
    result = context.run(func, *args)
             ^^^^^^^^^^^^^^^^^^^^^^^^
  File "/srv/sushi/rdom_test_new_sushi_20251030/backend_python/app/api/routes/projects.py", line 52, in get_project_datasets
    return service.get_paginated(project_number, page, per, q)
           ^^^^^^^^^^^^^^^^^^^^^^^^^^^^^^^^^^^^^^^^^^^^^^^^^^^
  File "/srv/sushi/rdom_test_new_sushi_20251030/backend_python/app/services/dataset.py", line 65, in get_paginated
    datasets, total_count, total_pages = self.dataset_repo.get_by_project_paginated(
                                         ^^^^^^^^^^^^^^^^^^^^^^^^^^^^^^^^^^^^^^^^^^^
  File "/srv/sushi/rdom_test_new_sushi_20251030/backend_python/app/repositories/dataset.py", line 53, in get_by_project_paginated
    datasets = list(self.session.exec(statement).all())
                    ^^^^^^^^^^^^^^^^^^^^^^^^^^^^^^^^^^
  File "/srv/sushi/rdom_test_new_sushi_20251030/backend_python/.venv/lib/python3.12/site-packages/sqlalchemy/engine/result.py", line 1786, in all
    return self._allrows()
           ^^^^^^^^^^^^^^^
  File "/srv/sushi/rdom_test_new_sushi_20251030/backend_python/.venv/lib/python3.12/site-packages/sqlalchemy/engine/result.py", line 560, in _allrows
    rows = self._fetchall_impl()
           ^^^^^^^^^^^^^^^^^^^^^
  File "/srv/sushi/rdom_test_new_sushi_20251030/backend_python/.venv/lib/python3.12/site-packages/sqlalchemy/engine/result.py", line 1693, in _fetchall_impl
    return self._real_result._fetchall_impl()
           ^^^^^^^^^^^^^^^^^^^^^^^^^^^^^^^^^^
  File "/srv/sushi/rdom_test_new_sushi_20251030/backend_python/.venv/lib/python3.12/site-packages/sqlalchemy/engine/result.py", line 2287, in _fetchall_impl
    return list(self.iterator)
           ^^^^^^^^^^^^^^^^^^^
  File "/srv/sushi/rdom_test_new_sushi_20251030/backend_python/.venv/lib/python3.12/site-packages/sqlalchemy/orm/loading.py", line 220, in chunks
    fetch = cursor._raw_all_rows()
            ^^^^^^^^^^^^^^^^^^^^^^
  File "/srv/sushi/rdom_test_new_sushi_20251030/backend_python/.venv/lib/python3.12/site-packages/sqlalchemy/engine/result.py", line 553, in _raw_all_rows
    return [make_row(row) for row in rows]
            ^^^^^^^^^^^^^
  File "lib/sqlalchemy/cyextension/resultproxy.pyx", line 22, in sqlalchemy.cyextension.resultproxy.BaseRow.__init__
  File "lib/sqlalchemy/cyextension/resultproxy.pyx", line 79, in sqlalchemy.cyextension.resultproxy._apply_processors
  File "/srv/sushi/rdom_test_new_sushi_20251030/backend_python/.venv/lib/python3.12/site-packages/sqlalchemy/dialects/sqlite/base.py", line 1045, in process
    return default_processor(value)
           ^^^^^^^^^^^^^^^^^^^^^^^^
  File "/srv/sushi/rdom_test_new_sushi_20251030/backend_python/.venv/lib/python3.12/site-packages/sqlalchemy/sql/sqltypes.py", line 2820, in process
    return json_deserializer(value)
           ^^^^^^^^^^^^^^^^^^^^^^^^
  File "/misc/ngseq12/miniforge3/envs/gi_py3.12.8/lib/python3.12/json/__init__.py", line 346, in loads
    return _default_decoder.decode(s)
           ^^^^^^^^^^^^^^^^^^^^^^^^^^
  File "/misc/ngseq12/miniforge3/envs/gi_py3.12.8/lib/python3.12/json/decoder.py", line 338, in decode
    obj, end = self.raw_decode(s, idx=_w(s, 0).end())
               ^^^^^^^^^^^^^^^^^^^^^^^^^^^^^^^^^^^^^^
  File "/misc/ngseq12/miniforge3/envs/gi_py3.12.8/lib/python3.12/json/decoder.py", line 356, in raw_decode
    raise JSONDecodeError("Expecting value", s, err.value) from None
json.decoder.JSONDecodeError: Expecting value: line 1 column 1 (char 0)
INFO:     130.60.193.7:49558 - "OPTIONS /projects/1001/datasets/tree HTTP/1.1" 200 OK
2026-05-08 09:02:58,547 INFO sqlalchemy.engine.Engine BEGIN (implicit)
2026-05-08 09:02:58,549 INFO sqlalchemy.engine.Engine SELECT datasets.id, datasets.parent_id, datasets.name, datasets.comment 
FROM datasets JOIN projects ON datasets.project_id = projects.id 
WHERE projects.number = ?
2026-05-08 09:02:58,549 INFO sqlalchemy.engine.Engine [generated in 0.00011s] (1001,)
2026-05-08 09:02:58,550 INFO sqlalchemy.engine.Engine SELECT datasets.parent_id, count(datasets.id) AS count_1 
FROM datasets 
WHERE datasets.parent_id IN (?, ?, ?, ?, ?, ?, ?, ?, ?, ?, ?, ?, ?, ?, ?, ?, ?, ?, ?, ?, ?, ?, ?, ?, ?, ?, ?, ?, ?, ?, ?, ?, ?, ?, ?, ?, ?, ?, ?, ?, ?, ?, ?, ?, ?, ?, ?, ?, ?, ?, ?, ?, ?, ?, ?, ?, ?, ?, ?, ?, ?, ?, ?) GROUP BY datasets.parent_id
2026-05-08 09:02:58,550 INFO sqlalchemy.engine.Engine [generated in 0.00018s] (129, 130, 131, 132, 133, 137, 265, 266, 267, 141, 268, 269, 270, 17, 18, 19, 20, 145, 147, 23, 150, 151, 152, 153, 154, 155, 37, 39, 168, 169, 44, 172, 173, 47, 51, 179, 53, 54, 180, 182, 185, 186, 188, 189, 190, 199, 200, 201, 202, 203, 205, 206, 272, 220, 221, 222, 273, 224, 228, 234, 243, 245, 127)
INFO:     130.60.193.7:49560 - "GET /projects/1001/datasets/tree HTTP/1.1" 200 OK
2026-05-08 09:02:58,551 INFO sqlalchemy.engine.Engine ROLLBACK
INFO:     130.60.193.7:49558 - "OPTIONS /projects/1001/jobs?page=1&per=10 HTTP/1.1" 200 OK
2026-05-08 09:02:59,722 INFO sqlalchemy.engine.Engine BEGIN (implicit)
2026-05-08 09:02:59,723 INFO sqlalchemy.engine.Engine SELECT datasets.id 
FROM datasets JOIN projects ON datasets.project_id = projects.id 
WHERE projects.number = ?
2026-05-08 09:02:59,723 INFO sqlalchemy.engine.Engine [generated in 0.00011s] (1001,)
2026-05-08 09:02:59,724 INFO sqlalchemy.engine.Engine SELECT count(*) AS count_1 
FROM jobs 
WHERE jobs.next_dataset_id IN (?, ?, ?, ?, ?, ?, ?, ?, ?, ?, ?, ?, ?, ?, ?, ?, ?, ?, ?, ?, ?, ?, ?, ?, ?, ?, ?, ?, ?, ?, ?, ?, ?, ?, ?, ?, ?, ?, ?, ?, ?, ?, ?, ?, ?, ?, ?, ?, ?, ?, ?, ?, ?, ?, ?, ?, ?, ?, ?, ?, ?, ?, ?) OR jobs.input_dataset_id IN (?, ?, ?, ?, ?, ?, ?, ?, ?, ?, ?, ?, ?, ?, ?, ?, ?, ?, ?, ?, ?, ?, ?, ?, ?, ?, ?, ?, ?, ?, ?, ?, ?, ?, ?, ?, ?, ?, ?, ?, ?, ?, ?, ?, ?, ?, ?, ?, ?, ?, ?, ?, ?, ?, ?, ?, ?, ?, ?, ?, ?, ?, ?)
2026-05-08 09:02:59,724 INFO sqlalchemy.engine.Engine [generated in 0.00040s] (17, 18, 19, 20, 23, 37, 39, 44, 47, 51, 53, 54, 127, 129, 130, 131, 132, 133, 137, 141, 145, 147, 150, 151, 152, 153, 154, 155, 168, 169, 172, 173, 179, 180, 182, 185, 186, 188, 189, 190, 199, 200, 201, 202, 203, 205, 206, 220, 221, 222 ... 26 parameters truncated ... 129, 130, 131, 132, 133, 137, 141, 145, 147, 150, 151, 152, 153, 154, 155, 168, 169, 172, 173, 179, 180, 182, 185, 186, 188, 189, 190, 199, 200, 201, 202, 203, 205, 206, 220, 221, 222, 224, 228, 234, 243, 245, 265, 266, 267, 268, 269, 270, 272, 273)
2026-05-08 09:02:59,818 INFO sqlalchemy.engine.Engine SELECT jobs.id, jobs.submit_job_id, jobs.input_dataset_id, jobs.next_dataset_id, jobs.created_at, jobs.updated_at, jobs.script_path, jobs.stdout_path, jobs.stderr_path, jobs.submit_command, jobs.status, jobs.user, jobs.start_time, jobs.end_time 
FROM jobs 
WHERE jobs.next_dataset_id IN (?, ?, ?, ?, ?, ?, ?, ?, ?, ?, ?, ?, ?, ?, ?, ?, ?, ?, ?, ?, ?, ?, ?, ?, ?, ?, ?, ?, ?, ?, ?, ?, ?, ?, ?, ?, ?, ?, ?, ?, ?, ?, ?, ?, ?, ?, ?, ?, ?, ?, ?, ?, ?, ?, ?, ?, ?, ?, ?, ?, ?, ?, ?) OR jobs.input_dataset_id IN (?, ?, ?, ?, ?, ?, ?, ?, ?, ?, ?, ?, ?, ?, ?, ?, ?, ?, ?, ?, ?, ?, ?, ?, ?, ?, ?, ?, ?, ?, ?, ?, ?, ?, ?, ?, ?, ?, ?, ?, ?, ?, ?, ?, ?, ?, ?, ?, ?, ?, ?, ?, ?, ?, ?, ?, ?, ?, ?, ?, ?, ?, ?) ORDER BY jobs.created_at DESC
 LIMIT ? OFFSET ?
2026-05-08 09:02:59,819 INFO sqlalchemy.engine.Engine [generated in 0.00028s] (17, 18, 19, 20, 23, 37, 39, 44, 47, 51, 53, 54, 127, 129, 130, 131, 132, 133, 137, 141, 145, 147, 150, 151, 152, 153, 154, 155, 168, 169, 172, 173, 179, 180, 182, 185, 186, 188, 189, 190, 199, 200, 201, 202, 203, 205, 206, 220, 221, 222 ... 28 parameters truncated ... 131, 132, 133, 137, 141, 145, 147, 150, 151, 152, 153, 154, 155, 168, 169, 172, 173, 179, 180, 182, 185, 186, 188, 189, 190, 199, 200, 201, 202, 203, 205, 206, 220, 221, 222, 224, 228, 234, 243, 245, 265, 266, 267, 268, 269, 270, 272, 273, 10, 0)
2026-05-08 09:02:59,820 INFO sqlalchemy.engine.Engine SELECT datasets.id, datasets.name 
FROM datasets 
WHERE datasets.id IN (?, ?, ?, ?, ?, ?, ?, ?, ?, ?)
2026-05-08 09:02:59,820 INFO sqlalchemy.engine.Engine [generated in 0.00012s] (266, 267, 268, 269, 270, 234, 272, 273, 243, 245)
INFO:     130.60.193.7:49560 - "GET /projects/1001/jobs?page=1&per=10 HTTP/1.1" 200 OK
2026-05-08 09:02:59,821 INFO sqlalchemy.engine.Engine ROLLBACK
INFO:     130.60.193.7:49558 - "OPTIONS /files/?path=p1001 HTTP/1.1" 200 OK
INFO:     130.60.193.7:49560 - "GET /files/?path=p1001 HTTP/1.1" 400 Bad Request
INFO:     130.60.193.7:49560 - "GET /files/?path=p1001 HTTP/1.1" 400 Bad Request
INFO:     130.60.193.7:49558 - "OPTIONS /projects/NaN/datasets/tree HTTP/1.1" 200 OK
INFO:     130.60.193.7:49560 - "GET /projects/NaN/datasets/tree HTTP/1.1" 422 Unprocessable Entity
INFO:     130.60.193.7:49560 - "GET /projects/NaN/datasets/tree HTTP/1.1" 422 Unprocessable Entity
INFO:     127.0.0.1:46936 - "GET /api/v1/datasets HTTP/1.1" 404 Not Found
INFO:     127.0.0.1:60512 - "GET /datasets HTTP/1.1" 307 Temporary Redirect
INFO:     130.60.193.7:49578 - "GET /auth/login_options HTTP/1.1" 200 OK
INFO:     130.60.193.7:49578 - "GET /auth/me HTTP/1.1" 200 OK
INFO:     130.60.193.7:49578 - "GET /projects/ HTTP/1.1" 200 OK
2026-05-08 09:07:22,467 INFO sqlalchemy.engine.Engine BEGIN (implicit)
2026-05-08 09:07:22,467 INFO sqlalchemy.engine.Engine SELECT count(*) AS count_1 
FROM datasets JOIN projects ON datasets.project_id = projects.id 
WHERE projects.number = ?
2026-05-08 09:07:22,467 INFO sqlalchemy.engine.Engine [cached since 275.9s ago] (1001,)
2026-05-08 09:07:22,468 INFO sqlalchemy.engine.Engine SELECT datasets.id, datasets.project_id, datasets.parent_id, datasets.user_id, datasets.name, datasets.md5, datasets.comment, datasets.num_samples, datasets.completed_samples, datasets.sushi_app_name, datasets.job_parameters, datasets.bfabric_id, datasets.workunit_id, datasets.order_ids, datasets.created_at, datasets.updated_at 
FROM datasets JOIN projects ON datasets.project_id = projects.id 
WHERE projects.number = ? ORDER BY datasets.created_at DESC
 LIMIT ? OFFSET ?
2026-05-08 09:07:22,468 INFO sqlalchemy.engine.Engine [cached since 275.8s ago] (1001, 10, 0)
2026-05-08 09:07:22,468 INFO sqlalchemy.engine.Engine ROLLBACK
INFO:     130.60.193.7:49593 - "GET /projects/1001/datasets?q=&page=1&per=10 HTTP/1.1" 500 Internal Server Error
ERROR:    Exception in ASGI application
Traceback (most recent call last):
  File "/srv/sushi/rdom_test_new_sushi_20251030/backend_python/.venv/lib/python3.12/site-packages/uvicorn/protocols/http/httptools_impl.py", line 416, in run_asgi
    result = await app(  # type: ignore[func-returns-value]
             ^^^^^^^^^^^^^^^^^^^^^^^^^^^^^^^^^^^^^^^^^^^^^^
  File "/srv/sushi/rdom_test_new_sushi_20251030/backend_python/.venv/lib/python3.12/site-packages/uvicorn/middleware/proxy_headers.py", line 60, in __call__
    return await self.app(scope, receive, send)
           ^^^^^^^^^^^^^^^^^^^^^^^^^^^^^^^^^^^^
  File "/srv/sushi/rdom_test_new_sushi_20251030/backend_python/.venv/lib/python3.12/site-packages/fastapi/applications.py", line 1159, in __call__
    await super().__call__(scope, receive, send)
  File "/srv/sushi/rdom_test_new_sushi_20251030/backend_python/.venv/lib/python3.12/site-packages/starlette/applications.py", line 90, in __call__
    await self.middleware_stack(scope, receive, send)
  File "/srv/sushi/rdom_test_new_sushi_20251030/backend_python/.venv/lib/python3.12/site-packages/starlette/middleware/errors.py", line 186, in __call__
    raise exc
  File "/srv/sushi/rdom_test_new_sushi_20251030/backend_python/.venv/lib/python3.12/site-packages/starlette/middleware/errors.py", line 164, in __call__
    await self.app(scope, receive, _send)
  File "/srv/sushi/rdom_test_new_sushi_20251030/backend_python/.venv/lib/python3.12/site-packages/starlette/middleware/cors.py", line 96, in __call__
    await self.simple_response(scope, receive, send, request_headers=headers)
  File "/srv/sushi/rdom_test_new_sushi_20251030/backend_python/.venv/lib/python3.12/site-packages/starlette/middleware/cors.py", line 154, in simple_response
    await self.app(scope, receive, send)
  File "/srv/sushi/rdom_test_new_sushi_20251030/backend_python/.venv/lib/python3.12/site-packages/starlette/middleware/exceptions.py", line 63, in __call__
    await wrap_app_handling_exceptions(self.app, conn)(scope, receive, send)
  File "/srv/sushi/rdom_test_new_sushi_20251030/backend_python/.venv/lib/python3.12/site-packages/starlette/_exception_handler.py", line 53, in wrapped_app
    raise exc
  File "/srv/sushi/rdom_test_new_sushi_20251030/backend_python/.venv/lib/python3.12/site-packages/starlette/_exception_handler.py", line 42, in wrapped_app
    await app(scope, receive, sender)
  File "/srv/sushi/rdom_test_new_sushi_20251030/backend_python/.venv/lib/python3.12/site-packages/fastapi/middleware/asyncexitstack.py", line 18, in __call__
    await self.app(scope, receive, send)
  File "/srv/sushi/rdom_test_new_sushi_20251030/backend_python/.venv/lib/python3.12/site-packages/starlette/routing.py", line 660, in __call__
    await self.middleware_stack(scope, receive, send)
  File "/srv/sushi/rdom_test_new_sushi_20251030/backend_python/.venv/lib/python3.12/site-packages/starlette/routing.py", line 680, in app
    await route.handle(scope, receive, send)
  File "/srv/sushi/rdom_test_new_sushi_20251030/backend_python/.venv/lib/python3.12/site-packages/starlette/routing.py", line 276, in handle
    await self.app(scope, receive, send)
  File "/srv/sushi/rdom_test_new_sushi_20251030/backend_python/.venv/lib/python3.12/site-packages/fastapi/routing.py", line 134, in app
    await wrap_app_handling_exceptions(app, request)(scope, receive, send)
  File "/srv/sushi/rdom_test_new_sushi_20251030/backend_python/.venv/lib/python3.12/site-packages/starlette/_exception_handler.py", line 53, in wrapped_app
    raise exc
  File "/srv/sushi/rdom_test_new_sushi_20251030/backend_python/.venv/lib/python3.12/site-packages/starlette/_exception_handler.py", line 42, in wrapped_app
    await app(scope, receive, sender)
  File "/srv/sushi/rdom_test_new_sushi_20251030/backend_python/.venv/lib/python3.12/site-packages/fastapi/routing.py", line 120, in app
    response = await f(request)
               ^^^^^^^^^^^^^^^^
  File "/srv/sushi/rdom_test_new_sushi_20251030/backend_python/.venv/lib/python3.12/site-packages/fastapi/routing.py", line 674, in app
    raw_response = await run_endpoint_function(
                   ^^^^^^^^^^^^^^^^^^^^^^^^^^^^
  File "/srv/sushi/rdom_test_new_sushi_20251030/backend_python/.venv/lib/python3.12/site-packages/fastapi/routing.py", line 330, in run_endpoint_function
    return await run_in_threadpool(dependant.call, **values)
           ^^^^^^^^^^^^^^^^^^^^^^^^^^^^^^^^^^^^^^^^^^^^^^^^^
  File "/srv/sushi/rdom_test_new_sushi_20251030/backend_python/.venv/lib/python3.12/site-packages/starlette/concurrency.py", line 32, in run_in_threadpool
    return await anyio.to_thread.run_sync(func)
           ^^^^^^^^^^^^^^^^^^^^^^^^^^^^^^^^^^^^
  File "/srv/sushi/rdom_test_new_sushi_20251030/backend_python/.venv/lib/python3.12/site-packages/anyio/to_thread.py", line 63, in run_sync
    return await get_async_backend().run_sync_in_worker_thread(
           ^^^^^^^^^^^^^^^^^^^^^^^^^^^^^^^^^^^^^^^^^^^^^^^^^^^^
  File "/srv/sushi/rdom_test_new_sushi_20251030/backend_python/.venv/lib/python3.12/site-packages/anyio/_backends/_asyncio.py", line 2518, in run_sync_in_worker_thread
    return await future
           ^^^^^^^^^^^^
  File "/srv/sushi/rdom_test_new_sushi_20251030/backend_python/.venv/lib/python3.12/site-packages/anyio/_backends/_asyncio.py", line 1002, in run
    result = context.run(func, *args)
             ^^^^^^^^^^^^^^^^^^^^^^^^
  File "/srv/sushi/rdom_test_new_sushi_20251030/backend_python/app/api/routes/projects.py", line 52, in get_project_datasets
    return service.get_paginated(project_number, page, per, q)
           ^^^^^^^^^^^^^^^^^^^^^^^^^^^^^^^^^^^^^^^^^^^^^^^^^^^
  File "/srv/sushi/rdom_test_new_sushi_20251030/backend_python/app/services/dataset.py", line 65, in get_paginated
    datasets, total_count, total_pages = self.dataset_repo.get_by_project_paginated(
                                         ^^^^^^^^^^^^^^^^^^^^^^^^^^^^^^^^^^^^^^^^^^^
  File "/srv/sushi/rdom_test_new_sushi_20251030/backend_python/app/repositories/dataset.py", line 53, in get_by_project_paginated
    datasets = list(self.session.exec(statement).all())
                    ^^^^^^^^^^^^^^^^^^^^^^^^^^^^^^^^^^
  File "/srv/sushi/rdom_test_new_sushi_20251030/backend_python/.venv/lib/python3.12/site-packages/sqlalchemy/engine/result.py", line 1786, in all
    return self._allrows()
           ^^^^^^^^^^^^^^^
  File "/srv/sushi/rdom_test_new_sushi_20251030/backend_python/.venv/lib/python3.12/site-packages/sqlalchemy/engine/result.py", line 560, in _allrows
    rows = self._fetchall_impl()
           ^^^^^^^^^^^^^^^^^^^^^
  File "/srv/sushi/rdom_test_new_sushi_20251030/backend_python/.venv/lib/python3.12/site-packages/sqlalchemy/engine/result.py", line 1693, in _fetchall_impl
    return self._real_result._fetchall_impl()
           ^^^^^^^^^^^^^^^^^^^^^^^^^^^^^^^^^^
  File "/srv/sushi/rdom_test_new_sushi_20251030/backend_python/.venv/lib/python3.12/site-packages/sqlalchemy/engine/result.py", line 2287, in _fetchall_impl
    return list(self.iterator)
           ^^^^^^^^^^^^^^^^^^^
  File "/srv/sushi/rdom_test_new_sushi_20251030/backend_python/.venv/lib/python3.12/site-packages/sqlalchemy/orm/loading.py", line 220, in chunks
    fetch = cursor._raw_all_rows()
            ^^^^^^^^^^^^^^^^^^^^^^
  File "/srv/sushi/rdom_test_new_sushi_20251030/backend_python/.venv/lib/python3.12/site-packages/sqlalchemy/engine/result.py", line 553, in _raw_all_rows
    return [make_row(row) for row in rows]
            ^^^^^^^^^^^^^
  File "lib/sqlalchemy/cyextension/resultproxy.pyx", line 22, in sqlalchemy.cyextension.resultproxy.BaseRow.__init__
  File "lib/sqlalchemy/cyextension/resultproxy.pyx", line 79, in sqlalchemy.cyextension.resultproxy._apply_processors
  File "/srv/sushi/rdom_test_new_sushi_20251030/backend_python/.venv/lib/python3.12/site-packages/sqlalchemy/dialects/sqlite/base.py", line 1045, in process
    return default_processor(value)
           ^^^^^^^^^^^^^^^^^^^^^^^^
  File "/srv/sushi/rdom_test_new_sushi_20251030/backend_python/.venv/lib/python3.12/site-packages/sqlalchemy/sql/sqltypes.py", line 2820, in process
    return json_deserializer(value)
           ^^^^^^^^^^^^^^^^^^^^^^^^
  File "/misc/ngseq12/miniforge3/envs/gi_py3.12.8/lib/python3.12/json/__init__.py", line 346, in loads
    return _default_decoder.decode(s)
           ^^^^^^^^^^^^^^^^^^^^^^^^^^
  File "/misc/ngseq12/miniforge3/envs/gi_py3.12.8/lib/python3.12/json/decoder.py", line 338, in decode
    obj, end = self.raw_decode(s, idx=_w(s, 0).end())
               ^^^^^^^^^^^^^^^^^^^^^^^^^^^^^^^^^^^^^^
  File "/misc/ngseq12/miniforge3/envs/gi_py3.12.8/lib/python3.12/json/decoder.py", line 356, in raw_decode
    raise JSONDecodeError("Expecting value", s, err.value) from None
json.decoder.JSONDecodeError: Expecting value: line 1 column 1 (char 0)
2026-05-08 09:07:23,820 INFO sqlalchemy.engine.Engine BEGIN (implicit)
2026-05-08 09:07:23,820 INFO sqlalchemy.engine.Engine SELECT count(*) AS count_1 
FROM datasets JOIN projects ON datasets.project_id = projects.id 
WHERE projects.number = ?
2026-05-08 09:07:23,820 INFO sqlalchemy.engine.Engine [cached since 277.2s ago] (1001,)
2026-05-08 09:07:23,821 INFO sqlalchemy.engine.Engine SELECT datasets.id, datasets.project_id, datasets.parent_id, datasets.user_id, datasets.name, datasets.md5, datasets.comment, datasets.num_samples, datasets.completed_samples, datasets.sushi_app_name, datasets.job_parameters, datasets.bfabric_id, datasets.workunit_id, datasets.order_ids, datasets.created_at, datasets.updated_at 
FROM datasets JOIN projects ON datasets.project_id = projects.id 
WHERE projects.number = ? ORDER BY datasets.created_at DESC
 LIMIT ? OFFSET ?
2026-05-08 09:07:23,821 INFO sqlalchemy.engine.Engine [cached since 277.2s ago] (1001, 10, 0)
2026-05-08 09:07:23,822 INFO sqlalchemy.engine.Engine ROLLBACK
INFO:     130.60.193.7:49595 - "GET /projects/1001/datasets?q=&page=1&per=10 HTTP/1.1" 500 Internal Server Error
ERROR:    Exception in ASGI application
Traceback (most recent call last):
  File "/srv/sushi/rdom_test_new_sushi_20251030/backend_python/.venv/lib/python3.12/site-packages/uvicorn/protocols/http/httptools_impl.py", line 416, in run_asgi
    result = await app(  # type: ignore[func-returns-value]
             ^^^^^^^^^^^^^^^^^^^^^^^^^^^^^^^^^^^^^^^^^^^^^^
  File "/srv/sushi/rdom_test_new_sushi_20251030/backend_python/.venv/lib/python3.12/site-packages/uvicorn/middleware/proxy_headers.py", line 60, in __call__
    return await self.app(scope, receive, send)
           ^^^^^^^^^^^^^^^^^^^^^^^^^^^^^^^^^^^^
  File "/srv/sushi/rdom_test_new_sushi_20251030/backend_python/.venv/lib/python3.12/site-packages/fastapi/applications.py", line 1159, in __call__
    await super().__call__(scope, receive, send)
  File "/srv/sushi/rdom_test_new_sushi_20251030/backend_python/.venv/lib/python3.12/site-packages/starlette/applications.py", line 90, in __call__
    await self.middleware_stack(scope, receive, send)
  File "/srv/sushi/rdom_test_new_sushi_20251030/backend_python/.venv/lib/python3.12/site-packages/starlette/middleware/errors.py", line 186, in __call__
    raise exc
  File "/srv/sushi/rdom_test_new_sushi_20251030/backend_python/.venv/lib/python3.12/site-packages/starlette/middleware/errors.py", line 164, in __call__
    await self.app(scope, receive, _send)
  File "/srv/sushi/rdom_test_new_sushi_20251030/backend_python/.venv/lib/python3.12/site-packages/starlette/middleware/cors.py", line 96, in __call__
    await self.simple_response(scope, receive, send, request_headers=headers)
  File "/srv/sushi/rdom_test_new_sushi_20251030/backend_python/.venv/lib/python3.12/site-packages/starlette/middleware/cors.py", line 154, in simple_response
    await self.app(scope, receive, send)
  File "/srv/sushi/rdom_test_new_sushi_20251030/backend_python/.venv/lib/python3.12/site-packages/starlette/middleware/exceptions.py", line 63, in __call__
    await wrap_app_handling_exceptions(self.app, conn)(scope, receive, send)
  File "/srv/sushi/rdom_test_new_sushi_20251030/backend_python/.venv/lib/python3.12/site-packages/starlette/_exception_handler.py", line 53, in wrapped_app
    raise exc
  File "/srv/sushi/rdom_test_new_sushi_20251030/backend_python/.venv/lib/python3.12/site-packages/starlette/_exception_handler.py", line 42, in wrapped_app
    await app(scope, receive, sender)
  File "/srv/sushi/rdom_test_new_sushi_20251030/backend_python/.venv/lib/python3.12/site-packages/fastapi/middleware/asyncexitstack.py", line 18, in __call__
    await self.app(scope, receive, send)
  File "/srv/sushi/rdom_test_new_sushi_20251030/backend_python/.venv/lib/python3.12/site-packages/starlette/routing.py", line 660, in __call__
    await self.middleware_stack(scope, receive, send)
  File "/srv/sushi/rdom_test_new_sushi_20251030/backend_python/.venv/lib/python3.12/site-packages/starlette/routing.py", line 680, in app
    await route.handle(scope, receive, send)
  File "/srv/sushi/rdom_test_new_sushi_20251030/backend_python/.venv/lib/python3.12/site-packages/starlette/routing.py", line 276, in handle
    await self.app(scope, receive, send)
  File "/srv/sushi/rdom_test_new_sushi_20251030/backend_python/.venv/lib/python3.12/site-packages/fastapi/routing.py", line 134, in app
    await wrap_app_handling_exceptions(app, request)(scope, receive, send)
  File "/srv/sushi/rdom_test_new_sushi_20251030/backend_python/.venv/lib/python3.12/site-packages/starlette/_exception_handler.py", line 53, in wrapped_app
    raise exc
  File "/srv/sushi/rdom_test_new_sushi_20251030/backend_python/.venv/lib/python3.12/site-packages/starlette/_exception_handler.py", line 42, in wrapped_app
    await app(scope, receive, sender)
  File "/srv/sushi/rdom_test_new_sushi_20251030/backend_python/.venv/lib/python3.12/site-packages/fastapi/routing.py", line 120, in app
    response = await f(request)
               ^^^^^^^^^^^^^^^^
  File "/srv/sushi/rdom_test_new_sushi_20251030/backend_python/.venv/lib/python3.12/site-packages/fastapi/routing.py", line 674, in app
    raw_response = await run_endpoint_function(
                   ^^^^^^^^^^^^^^^^^^^^^^^^^^^^
  File "/srv/sushi/rdom_test_new_sushi_20251030/backend_python/.venv/lib/python3.12/site-packages/fastapi/routing.py", line 330, in run_endpoint_function
    return await run_in_threadpool(dependant.call, **values)
           ^^^^^^^^^^^^^^^^^^^^^^^^^^^^^^^^^^^^^^^^^^^^^^^^^
  File "/srv/sushi/rdom_test_new_sushi_20251030/backend_python/.venv/lib/python3.12/site-packages/starlette/concurrency.py", line 32, in run_in_threadpool
    return await anyio.to_thread.run_sync(func)
           ^^^^^^^^^^^^^^^^^^^^^^^^^^^^^^^^^^^^
  File "/srv/sushi/rdom_test_new_sushi_20251030/backend_python/.venv/lib/python3.12/site-packages/anyio/to_thread.py", line 63, in run_sync
    return await get_async_backend().run_sync_in_worker_thread(
           ^^^^^^^^^^^^^^^^^^^^^^^^^^^^^^^^^^^^^^^^^^^^^^^^^^^^
  File "/srv/sushi/rdom_test_new_sushi_20251030/backend_python/.venv/lib/python3.12/site-packages/anyio/_backends/_asyncio.py", line 2518, in run_sync_in_worker_thread
    return await future
           ^^^^^^^^^^^^
  File "/srv/sushi/rdom_test_new_sushi_20251030/backend_python/.venv/lib/python3.12/site-packages/anyio/_backends/_asyncio.py", line 1002, in run
    result = context.run(func, *args)
             ^^^^^^^^^^^^^^^^^^^^^^^^
  File "/srv/sushi/rdom_test_new_sushi_20251030/backend_python/app/api/routes/projects.py", line 52, in get_project_datasets
    return service.get_paginated(project_number, page, per, q)
           ^^^^^^^^^^^^^^^^^^^^^^^^^^^^^^^^^^^^^^^^^^^^^^^^^^^
  File "/srv/sushi/rdom_test_new_sushi_20251030/backend_python/app/services/dataset.py", line 65, in get_paginated
    datasets, total_count, total_pages = self.dataset_repo.get_by_project_paginated(
                                         ^^^^^^^^^^^^^^^^^^^^^^^^^^^^^^^^^^^^^^^^^^^
  File "/srv/sushi/rdom_test_new_sushi_20251030/backend_python/app/repositories/dataset.py", line 53, in get_by_project_paginated
    datasets = list(self.session.exec(statement).all())
                    ^^^^^^^^^^^^^^^^^^^^^^^^^^^^^^^^^^
  File "/srv/sushi/rdom_test_new_sushi_20251030/backend_python/.venv/lib/python3.12/site-packages/sqlalchemy/engine/result.py", line 1786, in all
    return self._allrows()
           ^^^^^^^^^^^^^^^
  File "/srv/sushi/rdom_test_new_sushi_20251030/backend_python/.venv/lib/python3.12/site-packages/sqlalchemy/engine/result.py", line 560, in _allrows
    rows = self._fetchall_impl()
           ^^^^^^^^^^^^^^^^^^^^^
  File "/srv/sushi/rdom_test_new_sushi_20251030/backend_python/.venv/lib/python3.12/site-packages/sqlalchemy/engine/result.py", line 1693, in _fetchall_impl
    return self._real_result._fetchall_impl()
           ^^^^^^^^^^^^^^^^^^^^^^^^^^^^^^^^^^
  File "/srv/sushi/rdom_test_new_sushi_20251030/backend_python/.venv/lib/python3.12/site-packages/sqlalchemy/engine/result.py", line 2287, in _fetchall_impl
    return list(self.iterator)
           ^^^^^^^^^^^^^^^^^^^
  File "/srv/sushi/rdom_test_new_sushi_20251030/backend_python/.venv/lib/python3.12/site-packages/sqlalchemy/orm/loading.py", line 220, in chunks
    fetch = cursor._raw_all_rows()
            ^^^^^^^^^^^^^^^^^^^^^^
  File "/srv/sushi/rdom_test_new_sushi_20251030/backend_python/.venv/lib/python3.12/site-packages/sqlalchemy/engine/result.py", line 553, in _raw_all_rows
    return [make_row(row) for row in rows]
            ^^^^^^^^^^^^^
  File "lib/sqlalchemy/cyextension/resultproxy.pyx", line 22, in sqlalchemy.cyextension.resultproxy.BaseRow.__init__
  File "lib/sqlalchemy/cyextension/resultproxy.pyx", line 79, in sqlalchemy.cyextension.resultproxy._apply_processors
  File "/srv/sushi/rdom_test_new_sushi_20251030/backend_python/.venv/lib/python3.12/site-packages/sqlalchemy/dialects/sqlite/base.py", line 1045, in process
    return default_processor(value)
           ^^^^^^^^^^^^^^^^^^^^^^^^
  File "/srv/sushi/rdom_test_new_sushi_20251030/backend_python/.venv/lib/python3.12/site-packages/sqlalchemy/sql/sqltypes.py", line 2820, in process
    return json_deserializer(value)
           ^^^^^^^^^^^^^^^^^^^^^^^^
  File "/misc/ngseq12/miniforge3/envs/gi_py3.12.8/lib/python3.12/json/__init__.py", line 346, in loads
    return _default_decoder.decode(s)
           ^^^^^^^^^^^^^^^^^^^^^^^^^^
  File "/misc/ngseq12/miniforge3/envs/gi_py3.12.8/lib/python3.12/json/decoder.py", line 338, in decode
    obj, end = self.raw_decode(s, idx=_w(s, 0).end())
               ^^^^^^^^^^^^^^^^^^^^^^^^^^^^^^^^^^^^^^
  File "/misc/ngseq12/miniforge3/envs/gi_py3.12.8/lib/python3.12/json/decoder.py", line 356, in raw_decode
    raise JSONDecodeError("Expecting value", s, err.value) from None
json.decoder.JSONDecodeError: Expecting value: line 1 column 1 (char 0)
2026-05-08 09:07:58,390 INFO sqlalchemy.engine.Engine BEGIN (implicit)
2026-05-08 09:07:58,390 INFO sqlalchemy.engine.Engine SELECT count(*) AS count_1 
FROM datasets JOIN projects ON datasets.project_id = projects.id 
WHERE projects.number = ?
2026-05-08 09:07:58,390 INFO sqlalchemy.engine.Engine [cached since 311.8s ago] (1001,)
2026-05-08 09:07:58,391 INFO sqlalchemy.engine.Engine SELECT datasets.id, datasets.project_id, datasets.parent_id, datasets.user_id, datasets.name, datasets.md5, datasets.comment, datasets.num_samples, datasets.completed_samples, datasets.sushi_app_name, datasets.job_parameters, datasets.bfabric_id, datasets.workunit_id, datasets.order_ids, datasets.created_at, datasets.updated_at 
FROM datasets JOIN projects ON datasets.project_id = projects.id 
WHERE projects.number = ? ORDER BY datasets.created_at DESC
 LIMIT ? OFFSET ?
2026-05-08 09:07:58,391 INFO sqlalchemy.engine.Engine [cached since 311.7s ago] (1001, 10, 0)
2026-05-08 09:07:58,392 INFO sqlalchemy.engine.Engine ROLLBACK
INFO:     127.0.0.1:47750 - "GET /projects/1001/datasets?page=1&per=10 HTTP/1.1" 500 Internal Server Error
ERROR:    Exception in ASGI application
Traceback (most recent call last):
  File "/srv/sushi/rdom_test_new_sushi_20251030/backend_python/.venv/lib/python3.12/site-packages/uvicorn/protocols/http/httptools_impl.py", line 416, in run_asgi
    result = await app(  # type: ignore[func-returns-value]
             ^^^^^^^^^^^^^^^^^^^^^^^^^^^^^^^^^^^^^^^^^^^^^^
  File "/srv/sushi/rdom_test_new_sushi_20251030/backend_python/.venv/lib/python3.12/site-packages/uvicorn/middleware/proxy_headers.py", line 60, in __call__
    return await self.app(scope, receive, send)
           ^^^^^^^^^^^^^^^^^^^^^^^^^^^^^^^^^^^^
  File "/srv/sushi/rdom_test_new_sushi_20251030/backend_python/.venv/lib/python3.12/site-packages/fastapi/applications.py", line 1159, in __call__
    await super().__call__(scope, receive, send)
  File "/srv/sushi/rdom_test_new_sushi_20251030/backend_python/.venv/lib/python3.12/site-packages/starlette/applications.py", line 90, in __call__
    await self.middleware_stack(scope, receive, send)
  File "/srv/sushi/rdom_test_new_sushi_20251030/backend_python/.venv/lib/python3.12/site-packages/starlette/middleware/errors.py", line 186, in __call__
    raise exc
  File "/srv/sushi/rdom_test_new_sushi_20251030/backend_python/.venv/lib/python3.12/site-packages/starlette/middleware/errors.py", line 164, in __call__
    await self.app(scope, receive, _send)
  File "/srv/sushi/rdom_test_new_sushi_20251030/backend_python/.venv/lib/python3.12/site-packages/starlette/middleware/cors.py", line 88, in __call__
    await self.app(scope, receive, send)
  File "/srv/sushi/rdom_test_new_sushi_20251030/backend_python/.venv/lib/python3.12/site-packages/starlette/middleware/exceptions.py", line 63, in __call__
    await wrap_app_handling_exceptions(self.app, conn)(scope, receive, send)
  File "/srv/sushi/rdom_test_new_sushi_20251030/backend_python/.venv/lib/python3.12/site-packages/starlette/_exception_handler.py", line 53, in wrapped_app
    raise exc
  File "/srv/sushi/rdom_test_new_sushi_20251030/backend_python/.venv/lib/python3.12/site-packages/starlette/_exception_handler.py", line 42, in wrapped_app
    await app(scope, receive, sender)
  File "/srv/sushi/rdom_test_new_sushi_20251030/backend_python/.venv/lib/python3.12/site-packages/fastapi/middleware/asyncexitstack.py", line 18, in __call__
    await self.app(scope, receive, send)
  File "/srv/sushi/rdom_test_new_sushi_20251030/backend_python/.venv/lib/python3.12/site-packages/starlette/routing.py", line 660, in __call__
    await self.middleware_stack(scope, receive, send)
  File "/srv/sushi/rdom_test_new_sushi_20251030/backend_python/.venv/lib/python3.12/site-packages/starlette/routing.py", line 680, in app
    await route.handle(scope, receive, send)
  File "/srv/sushi/rdom_test_new_sushi_20251030/backend_python/.venv/lib/python3.12/site-packages/starlette/routing.py", line 276, in handle
    await self.app(scope, receive, send)
  File "/srv/sushi/rdom_test_new_sushi_20251030/backend_python/.venv/lib/python3.12/site-packages/fastapi/routing.py", line 134, in app
    await wrap_app_handling_exceptions(app, request)(scope, receive, send)
  File "/srv/sushi/rdom_test_new_sushi_20251030/backend_python/.venv/lib/python3.12/site-packages/starlette/_exception_handler.py", line 53, in wrapped_app
    raise exc
  File "/srv/sushi/rdom_test_new_sushi_20251030/backend_python/.venv/lib/python3.12/site-packages/starlette/_exception_handler.py", line 42, in wrapped_app
    await app(scope, receive, sender)
  File "/srv/sushi/rdom_test_new_sushi_20251030/backend_python/.venv/lib/python3.12/site-packages/fastapi/routing.py", line 120, in app
    response = await f(request)
               ^^^^^^^^^^^^^^^^
  File "/srv/sushi/rdom_test_new_sushi_20251030/backend_python/.venv/lib/python3.12/site-packages/fastapi/routing.py", line 674, in app
    raw_response = await run_endpoint_function(
                   ^^^^^^^^^^^^^^^^^^^^^^^^^^^^
  File "/srv/sushi/rdom_test_new_sushi_20251030/backend_python/.venv/lib/python3.12/site-packages/fastapi/routing.py", line 330, in run_endpoint_function
    return await run_in_threadpool(dependant.call, **values)
           ^^^^^^^^^^^^^^^^^^^^^^^^^^^^^^^^^^^^^^^^^^^^^^^^^
  File "/srv/sushi/rdom_test_new_sushi_20251030/backend_python/.venv/lib/python3.12/site-packages/starlette/concurrency.py", line 32, in run_in_threadpool
    return await anyio.to_thread.run_sync(func)
           ^^^^^^^^^^^^^^^^^^^^^^^^^^^^^^^^^^^^
  File "/srv/sushi/rdom_test_new_sushi_20251030/backend_python/.venv/lib/python3.12/site-packages/anyio/to_thread.py", line 63, in run_sync
    return await get_async_backend().run_sync_in_worker_thread(
           ^^^^^^^^^^^^^^^^^^^^^^^^^^^^^^^^^^^^^^^^^^^^^^^^^^^^
  File "/srv/sushi/rdom_test_new_sushi_20251030/backend_python/.venv/lib/python3.12/site-packages/anyio/_backends/_asyncio.py", line 2518, in run_sync_in_worker_thread
    return await future
           ^^^^^^^^^^^^
  File "/srv/sushi/rdom_test_new_sushi_20251030/backend_python/.venv/lib/python3.12/site-packages/anyio/_backends/_asyncio.py", line 1002, in run
    result = context.run(func, *args)
             ^^^^^^^^^^^^^^^^^^^^^^^^
  File "/srv/sushi/rdom_test_new_sushi_20251030/backend_python/app/api/routes/projects.py", line 52, in get_project_datasets
    return service.get_paginated(project_number, page, per, q)
           ^^^^^^^^^^^^^^^^^^^^^^^^^^^^^^^^^^^^^^^^^^^^^^^^^^^
  File "/srv/sushi/rdom_test_new_sushi_20251030/backend_python/app/services/dataset.py", line 65, in get_paginated
    datasets, total_count, total_pages = self.dataset_repo.get_by_project_paginated(
                                         ^^^^^^^^^^^^^^^^^^^^^^^^^^^^^^^^^^^^^^^^^^^
  File "/srv/sushi/rdom_test_new_sushi_20251030/backend_python/app/repositories/dataset.py", line 53, in get_by_project_paginated
    datasets = list(self.session.exec(statement).all())
                    ^^^^^^^^^^^^^^^^^^^^^^^^^^^^^^^^^^
  File "/srv/sushi/rdom_test_new_sushi_20251030/backend_python/.venv/lib/python3.12/site-packages/sqlalchemy/engine/result.py", line 1786, in all
    return self._allrows()
           ^^^^^^^^^^^^^^^
  File "/srv/sushi/rdom_test_new_sushi_20251030/backend_python/.venv/lib/python3.12/site-packages/sqlalchemy/engine/result.py", line 560, in _allrows
    rows = self._fetchall_impl()
           ^^^^^^^^^^^^^^^^^^^^^
  File "/srv/sushi/rdom_test_new_sushi_20251030/backend_python/.venv/lib/python3.12/site-packages/sqlalchemy/engine/result.py", line 1693, in _fetchall_impl
    return self._real_result._fetchall_impl()
           ^^^^^^^^^^^^^^^^^^^^^^^^^^^^^^^^^^
  File "/srv/sushi/rdom_test_new_sushi_20251030/backend_python/.venv/lib/python3.12/site-packages/sqlalchemy/engine/result.py", line 2287, in _fetchall_impl
    return list(self.iterator)
           ^^^^^^^^^^^^^^^^^^^
  File "/srv/sushi/rdom_test_new_sushi_20251030/backend_python/.venv/lib/python3.12/site-packages/sqlalchemy/orm/loading.py", line 220, in chunks
    fetch = cursor._raw_all_rows()
            ^^^^^^^^^^^^^^^^^^^^^^
  File "/srv/sushi/rdom_test_new_sushi_20251030/backend_python/.venv/lib/python3.12/site-packages/sqlalchemy/engine/result.py", line 553, in _raw_all_rows
    return [make_row(row) for row in rows]
            ^^^^^^^^^^^^^
  File "lib/sqlalchemy/cyextension/resultproxy.pyx", line 22, in sqlalchemy.cyextension.resultproxy.BaseRow.__init__
  File "lib/sqlalchemy/cyextension/resultproxy.pyx", line 79, in sqlalchemy.cyextension.resultproxy._apply_processors
  File "/srv/sushi/rdom_test_new_sushi_20251030/backend_python/.venv/lib/python3.12/site-packages/sqlalchemy/dialects/sqlite/base.py", line 1045, in process
    return default_processor(value)
           ^^^^^^^^^^^^^^^^^^^^^^^^
  File "/srv/sushi/rdom_test_new_sushi_20251030/backend_python/.venv/lib/python3.12/site-packages/sqlalchemy/sql/sqltypes.py", line 2820, in process
    return json_deserializer(value)
           ^^^^^^^^^^^^^^^^^^^^^^^^
  File "/misc/ngseq12/miniforge3/envs/gi_py3.12.8/lib/python3.12/json/__init__.py", line 346, in loads
    return _default_decoder.decode(s)
           ^^^^^^^^^^^^^^^^^^^^^^^^^^
  File "/misc/ngseq12/miniforge3/envs/gi_py3.12.8/lib/python3.12/json/decoder.py", line 338, in decode
    obj, end = self.raw_decode(s, idx=_w(s, 0).end())
               ^^^^^^^^^^^^^^^^^^^^^^^^^^^^^^^^^^^^^^
  File "/misc/ngseq12/miniforge3/envs/gi_py3.12.8/lib/python3.12/json/decoder.py", line 356, in raw_decode
    raise JSONDecodeError("Expecting value", s, err.value) from None
json.decoder.JSONDecodeError: Expecting value: line 1 column 1 (char 0)
WARNING:  WatchFiles detected changes in 'app/models.py'. Reloading...
INFO:     Shutting down
INFO:     Waiting for application shutdown.
INFO:     Application shutdown complete.
INFO:     Finished server process [1535560]
Process SpawnProcess-2:
Traceback (most recent call last):
  File "/misc/ngseq12/miniforge3/envs/gi_py3.12.8/lib/python3.12/multiprocessing/process.py", line 314, in _bootstrap
    self.run()
  File "/misc/ngseq12/miniforge3/envs/gi_py3.12.8/lib/python3.12/multiprocessing/process.py", line 108, in run
    self._target(*self._args, **self._kwargs)
  File "/srv/sushi/rdom_test_new_sushi_20251030/backend_python/.venv/lib/python3.12/site-packages/uvicorn/_subprocess.py", line 80, in subprocess_started
    target(sockets=sockets)
  File "/srv/sushi/rdom_test_new_sushi_20251030/backend_python/.venv/lib/python3.12/site-packages/uvicorn/server.py", line 75, in run
    return asyncio_run(self.serve(sockets=sockets), loop_factory=self.config.get_loop_factory())
           ^^^^^^^^^^^^^^^^^^^^^^^^^^^^^^^^^^^^^^^^^^^^^^^^^^^^^^^^^^^^^^^^^^^^^^^^^^^^^^^^^^^^^
  File "/misc/ngseq12/miniforge3/envs/gi_py3.12.8/lib/python3.12/asyncio/runners.py", line 194, in run
    return runner.run(main)
           ^^^^^^^^^^^^^^^^
  File "/misc/ngseq12/miniforge3/envs/gi_py3.12.8/lib/python3.12/asyncio/runners.py", line 118, in run
    return self._loop.run_until_complete(task)
           ^^^^^^^^^^^^^^^^^^^^^^^^^^^^^^^^^^^
  File "uvloop/loop.pyx", line 1518, in uvloop.loop.Loop.run_until_complete
  File "/srv/sushi/rdom_test_new_sushi_20251030/backend_python/.venv/lib/python3.12/site-packages/uvicorn/server.py", line 79, in serve
    await self._serve(sockets)
  File "/srv/sushi/rdom_test_new_sushi_20251030/backend_python/.venv/lib/python3.12/site-packages/uvicorn/server.py", line 86, in _serve
    config.load()
  File "/srv/sushi/rdom_test_new_sushi_20251030/backend_python/.venv/lib/python3.12/site-packages/uvicorn/config.py", line 441, in load
    self.loaded_app = import_from_string(self.app)
                      ^^^^^^^^^^^^^^^^^^^^^^^^^^^^
  File "/srv/sushi/rdom_test_new_sushi_20251030/backend_python/.venv/lib/python3.12/site-packages/uvicorn/importer.py", line 19, in import_from_string
    module = importlib.import_module(module_str)
             ^^^^^^^^^^^^^^^^^^^^^^^^^^^^^^^^^^^
  File "/misc/ngseq12/miniforge3/envs/gi_py3.12.8/lib/python3.12/importlib/__init__.py", line 90, in import_module
    return _bootstrap._gcd_import(name[level:], package, level)
           ^^^^^^^^^^^^^^^^^^^^^^^^^^^^^^^^^^^^^^^^^^^^^^^^^^^^
  File "<frozen importlib._bootstrap>", line 1387, in _gcd_import
  File "<frozen importlib._bootstrap>", line 1360, in _find_and_load
  File "<frozen importlib._bootstrap>", line 1331, in _find_and_load_unlocked
  File "<frozen importlib._bootstrap>", line 935, in _load_unlocked
  File "<frozen importlib._bootstrap_external>", line 999, in exec_module
  File "<frozen importlib._bootstrap>", line 488, in _call_with_frames_removed
  File "/srv/sushi/rdom_test_new_sushi_20251030/backend_python/app/main.py", line 6, in <module>
    from app.api.main import api_router
  File "/srv/sushi/rdom_test_new_sushi_20251030/backend_python/app/api/main.py", line 3, in <module>
    from app.api.routes import applications, auth, datasets, files, jobs, projects
  File "/srv/sushi/rdom_test_new_sushi_20251030/backend_python/app/api/routes/applications.py", line 5, in <module>
    from app.api.deps import CurrentUserDep
  File "/srv/sushi/rdom_test_new_sushi_20251030/backend_python/app/api/deps.py", line 14, in <module>
    from app.repositories import (
  File "/srv/sushi/rdom_test_new_sushi_20251030/backend_python/app/repositories/__init__.py", line 4, in <module>
    from app.repositories.dataset import DatasetRepository
  File "/srv/sushi/rdom_test_new_sushi_20251030/backend_python/app/repositories/dataset.py", line 7, in <module>
    from app.models import DataSet, Project
  File "/srv/sushi/rdom_test_new_sushi_20251030/backend_python/app/models.py", line 50, in <module>
    class DataSet(SQLModel, table=True):
  File "/srv/sushi/rdom_test_new_sushi_20251030/backend_python/app/models.py", line 82, in DataSet
    default=None, sa_column=Column(JSON)
                                   ^^^^
NameError: name 'JSON' is not defined
WARNING:  WatchFiles detected changes in 'app/models.py'. Reloading...
INFO:     Started server process [1540843]
INFO:     Waiting for application startup.
INFO:     Application startup complete.
2026-05-08 09:10:22,871 INFO sqlalchemy.engine.Engine BEGIN (implicit)
2026-05-08 09:10:22,873 INFO sqlalchemy.engine.Engine SELECT count(*) AS count_1 
FROM datasets JOIN projects ON datasets.project_id = projects.id 
WHERE projects.number = ?
2026-05-08 09:10:22,873 INFO sqlalchemy.engine.Engine [generated in 0.00013s] (1001,)
2026-05-08 09:10:22,879 INFO sqlalchemy.engine.Engine SELECT datasets.id, datasets.project_id, datasets.parent_id, datasets.user_id, datasets.name, datasets.md5, datasets.comment, datasets.num_samples, datasets.completed_samples, datasets.sushi_app_name, datasets.job_parameters, datasets.bfabric_id, datasets.workunit_id, datasets.order_ids, datasets.created_at, datasets.updated_at 
FROM datasets JOIN projects ON datasets.project_id = projects.id 
WHERE projects.number = ? ORDER BY datasets.created_at DESC
 LIMIT ? OFFSET ?
2026-05-08 09:10:22,880 INFO sqlalchemy.engine.Engine [generated in 0.00023s] (1001, 5, 0)
2026-05-08 09:10:22,886 INFO sqlalchemy.engine.Engine SELECT users.id, users.login, users.email 
FROM users 
WHERE users.id IN (?)
2026-05-08 09:10:22,886 INFO sqlalchemy.engine.Engine [generated in 0.00015s] (2,)
2026-05-08 09:10:22,888 INFO sqlalchemy.engine.Engine SELECT datasets.id, datasets.parent_id 
FROM datasets 
WHERE datasets.parent_id IN (?, ?, ?, ?, ?)
2026-05-08 09:10:22,888 INFO sqlalchemy.engine.Engine [generated in 0.00013s] (273, 272, 270, 269, 268)
INFO:     127.0.0.1:54386 - "GET /projects/1001/datasets?page=1&per=5 HTTP/1.1" 200 OK
2026-05-08 09:10:22,888 INFO sqlalchemy.engine.Engine ROLLBACK
INFO:     130.60.193.7:49608 - "GET /auth/login_options HTTP/1.1" 200 OK
2026-05-08 09:10:34,884 INFO sqlalchemy.engine.Engine BEGIN (implicit)
2026-05-08 09:10:34,884 INFO sqlalchemy.engine.Engine SELECT count(*) AS count_1 
FROM datasets JOIN projects ON datasets.project_id = projects.id 
WHERE projects.number = ?
2026-05-08 09:10:34,885 INFO sqlalchemy.engine.Engine [cached since 12.01s ago] (1001,)
2026-05-08 09:10:34,885 INFO sqlalchemy.engine.Engine SELECT datasets.id, datasets.project_id, datasets.parent_id, datasets.user_id, datasets.name, datasets.md5, datasets.comment, datasets.num_samples, datasets.completed_samples, datasets.sushi_app_name, datasets.job_parameters, datasets.bfabric_id, datasets.workunit_id, datasets.order_ids, datasets.created_at, datasets.updated_at 
FROM datasets JOIN projects ON datasets.project_id = projects.id 
WHERE projects.number = ? ORDER BY datasets.created_at DESC
 LIMIT ? OFFSET ?
2026-05-08 09:10:34,885 INFO sqlalchemy.engine.Engine [cached since 12.01s ago] (1001, 10, 0)
2026-05-08 09:10:34,896 INFO sqlalchemy.engine.Engine SELECT users.id, users.login, users.email 
FROM users 
WHERE users.id IN (?)
2026-05-08 09:10:34,896 INFO sqlalchemy.engine.Engine [cached since 12.01s ago] (2,)
2026-05-08 09:10:34,896 INFO sqlalchemy.engine.Engine SELECT datasets.id, datasets.parent_id 
FROM datasets 
WHERE datasets.parent_id IN (?, ?, ?, ?, ?, ?, ?, ?, ?, ?)
2026-05-08 09:10:34,896 INFO sqlalchemy.engine.Engine [cached since 12.01s ago] (273, 272, 270, 269, 268, 267, 266, 265, 245, 243)
INFO:     130.60.193.7:49607 - "GET /projects/1001/datasets?q=&page=1&per=10 HTTP/1.1" 200 OK
2026-05-08 09:10:34,897 INFO sqlalchemy.engine.Engine ROLLBACK
INFO:     130.60.193.7:49608 - "GET /auth/me HTTP/1.1" 200 OK
INFO:     130.60.193.7:49608 - "GET /projects/ HTTP/1.1" 200 OK
INFO:     130.60.193.7:49608 - "GET /auth/login_options HTTP/1.1" 200 OK
INFO:     130.60.193.7:49612 - "OPTIONS /datasets/273 HTTP/1.1" 200 OK
INFO:     130.60.193.7:49611 - "OPTIONS /datasets/273/tree HTTP/1.1" 200 OK
INFO:     130.60.193.7:49608 - "GET /auth/me HTTP/1.1" 200 OK
2026-05-08 09:10:37,509 INFO sqlalchemy.engine.Engine BEGIN (implicit)
2026-05-08 09:10:37,510 INFO sqlalchemy.engine.Engine SELECT datasets.id AS datasets_id, datasets.project_id AS datasets_project_id, datasets.parent_id AS datasets_parent_id, datasets.user_id AS datasets_user_id, datasets.name AS datasets_name, datasets.md5 AS datasets_md5, datasets.comment AS datasets_comment, datasets.num_samples AS datasets_num_samples, datasets.completed_samples AS datasets_completed_samples, datasets.sushi_app_name AS datasets_sushi_app_name, datasets.job_parameters AS datasets_job_parameters, datasets.bfabric_id AS datasets_bfabric_id, datasets.workunit_id AS datasets_workunit_id, datasets.order_ids AS datasets_order_ids, datasets.created_at AS datasets_created_at, datasets.updated_at AS datasets_updated_at 
FROM datasets 
WHERE datasets.id = ?
2026-05-08 09:10:37,510 INFO sqlalchemy.engine.Engine [generated in 0.00013s] (273,)
2026-05-08 09:10:37,513 INFO sqlalchemy.engine.Engine SELECT users.id, users.login, users.email 
FROM users 
WHERE users.id IN (?)
2026-05-08 09:10:37,513 INFO sqlalchemy.engine.Engine [cached since 14.63s ago] (2,)
2026-05-08 09:10:37,513 INFO sqlalchemy.engine.Engine SELECT projects.id, projects.number, projects.created_at, projects.updated_at 
FROM projects 
WHERE projects.id = ?
2026-05-08 09:10:37,514 INFO sqlalchemy.engine.Engine [generated in 0.00092s] (3,)
2026-05-08 09:10:37,515 INFO sqlalchemy.engine.Engine SELECT datasets.id 
FROM datasets 
WHERE datasets.parent_id = ?
2026-05-08 09:10:37,515 INFO sqlalchemy.engine.Engine [generated in 0.00010s] (273,)
2026-05-08 09:10:37,518 INFO sqlalchemy.engine.Engine SELECT samples.id, samples.key_value, samples.data_set_id, samples.created_at, samples.updated_at 
FROM samples 
WHERE samples.data_set_id = ?
2026-05-08 09:10:37,518 INFO sqlalchemy.engine.Engine [generated in 0.00012s] (273,)
2026-05-08 09:10:37,519 INFO sqlalchemy.engine.Engine SELECT samples.id, samples.key_value, samples.data_set_id, samples.created_at, samples.updated_at 
FROM samples 
WHERE samples.data_set_id = ?
2026-05-08 09:10:37,519 INFO sqlalchemy.engine.Engine [cached since 0.001337s ago] (273,)
2026-05-08 09:10:37,519 INFO sqlalchemy.engine.Engine BEGIN (implicit)
2026-05-08 09:10:37,519 INFO sqlalchemy.engine.Engine SELECT datasets.id AS datasets_id, datasets.project_id AS datasets_project_id, datasets.parent_id AS datasets_parent_id, datasets.user_id AS datasets_user_id, datasets.name AS datasets_name, datasets.md5 AS datasets_md5, datasets.comment AS datasets_comment, datasets.num_samples AS datasets_num_samples, datasets.completed_samples AS datasets_completed_samples, datasets.sushi_app_name AS datasets_sushi_app_name, datasets.job_parameters AS datasets_job_parameters, datasets.bfabric_id AS datasets_bfabric_id, datasets.workunit_id AS datasets_workunit_id, datasets.order_ids AS datasets_order_ids, datasets.created_at AS datasets_created_at, datasets.updated_at AS datasets_updated_at 
FROM datasets 
WHERE datasets.id = ?
2026-05-08 09:10:37,519 INFO sqlalchemy.engine.Engine [cached since 0.008969s ago] (273,)
2026-05-08 09:10:37,520 INFO sqlalchemy.engine.Engine SELECT samples.id, samples.key_value, samples.data_set_id, samples.created_at, samples.updated_at 
FROM samples 
WHERE samples.data_set_id = ?
2026-05-08 09:10:37,520 INFO sqlalchemy.engine.Engine [cached since 0.00228s ago] (273,)
2026-05-08 09:10:37,522 INFO sqlalchemy.engine.Engine SELECT datasets.id AS datasets_id, datasets.project_id AS datasets_project_id, datasets.parent_id AS datasets_parent_id, datasets.user_id AS datasets_user_id, datasets.name AS datasets_name, datasets.md5 AS datasets_md5, datasets.comment AS datasets_comment, datasets.num_samples AS datasets_num_samples, datasets.completed_samples AS datasets_completed_samples, datasets.sushi_app_name AS datasets_sushi_app_name, datasets.job_parameters AS datasets_job_parameters, datasets.bfabric_id AS datasets_bfabric_id, datasets.workunit_id AS datasets_workunit_id, datasets.order_ids AS datasets_order_ids, datasets.created_at AS datasets_created_at, datasets.updated_at AS datasets_updated_at 
FROM datasets 
WHERE datasets.id = ?
2026-05-08 09:10:37,522 INFO sqlalchemy.engine.Engine [cached since 0.01153s ago] (172,)
2026-05-08 09:10:37,523 INFO sqlalchemy.engine.Engine SELECT datasets.id, datasets.project_id, datasets.parent_id, datasets.user_id, datasets.name, datasets.md5, datasets.comment, datasets.num_samples, datasets.completed_samples, datasets.sushi_app_name, datasets.job_parameters, datasets.bfabric_id, datasets.workunit_id, datasets.order_ids, datasets.created_at, datasets.updated_at 
FROM datasets 
WHERE datasets.parent_id = ?
2026-05-08 09:10:37,523 INFO sqlalchemy.engine.Engine [generated in 0.00010s] (273,)
INFO:     130.60.193.7:49607 - "GET /datasets/273 HTTP/1.1" 200 OK
2026-05-08 09:10:37,524 INFO sqlalchemy.engine.Engine ROLLBACK
INFO:     130.60.193.7:49608 - "GET /datasets/273/tree HTTP/1.1" 200 OK
2026-05-08 09:10:37,524 INFO sqlalchemy.engine.Engine ROLLBACK
INFO:     130.60.193.7:49613 - "GET /projects/ HTTP/1.1" 200 OK
INFO:     130.60.193.7:49611 - "OPTIONS /projects/1001/datasets?q=&page=2&per=10 HTTP/1.1" 200 OK
2026-05-08 09:10:42,181 INFO sqlalchemy.engine.Engine BEGIN (implicit)
2026-05-08 09:10:42,182 INFO sqlalchemy.engine.Engine SELECT count(*) AS count_1 
FROM datasets JOIN projects ON datasets.project_id = projects.id 
WHERE projects.number = ?
2026-05-08 09:10:42,182 INFO sqlalchemy.engine.Engine [cached since 19.31s ago] (1001,)
2026-05-08 09:10:42,182 INFO sqlalchemy.engine.Engine SELECT datasets.id, datasets.project_id, datasets.parent_id, datasets.user_id, datasets.name, datasets.md5, datasets.comment, datasets.num_samples, datasets.completed_samples, datasets.sushi_app_name, datasets.job_parameters, datasets.bfabric_id, datasets.workunit_id, datasets.order_ids, datasets.created_at, datasets.updated_at 
FROM datasets JOIN projects ON datasets.project_id = projects.id 
WHERE projects.number = ? ORDER BY datasets.created_at DESC
 LIMIT ? OFFSET ?
2026-05-08 09:10:42,182 INFO sqlalchemy.engine.Engine [cached since 19.3s ago] (1001, 10, 10)
2026-05-08 09:10:42,195 INFO sqlalchemy.engine.Engine SELECT users.id, users.login, users.email 
FROM users 
WHERE users.id IN (?)
2026-05-08 09:10:42,195 INFO sqlalchemy.engine.Engine [cached since 19.31s ago] (2,)
2026-05-08 09:10:42,196 INFO sqlalchemy.engine.Engine SELECT datasets.id, datasets.parent_id 
FROM datasets 
WHERE datasets.parent_id IN (?, ?, ?, ?, ?, ?, ?, ?, ?, ?)
2026-05-08 09:10:42,196 INFO sqlalchemy.engine.Engine [cached since 19.31s ago] (234, 228, 224, 222, 221, 220, 206, 205, 203, 202)
INFO:     130.60.193.7:49613 - "GET /projects/1001/datasets?q=&page=2&per=10 HTTP/1.1" 200 OK
2026-05-08 09:10:42,197 INFO sqlalchemy.engine.Engine ROLLBACK
INFO:     130.60.193.7:49611 - "OPTIONS /projects/1001/datasets?q=&page=3&per=10 HTTP/1.1" 200 OK
2026-05-08 09:10:42,338 INFO sqlalchemy.engine.Engine BEGIN (implicit)
2026-05-08 09:10:42,338 INFO sqlalchemy.engine.Engine SELECT count(*) AS count_1 
FROM datasets JOIN projects ON datasets.project_id = projects.id 
WHERE projects.number = ?
2026-05-08 09:10:42,338 INFO sqlalchemy.engine.Engine [cached since 19.47s ago] (1001,)
2026-05-08 09:10:42,339 INFO sqlalchemy.engine.Engine SELECT datasets.id, datasets.project_id, datasets.parent_id, datasets.user_id, datasets.name, datasets.md5, datasets.comment, datasets.num_samples, datasets.completed_samples, datasets.sushi_app_name, datasets.job_parameters, datasets.bfabric_id, datasets.workunit_id, datasets.order_ids, datasets.created_at, datasets.updated_at 
FROM datasets JOIN projects ON datasets.project_id = projects.id 
WHERE projects.number = ? ORDER BY datasets.created_at DESC
 LIMIT ? OFFSET ?
2026-05-08 09:10:42,339 INFO sqlalchemy.engine.Engine [cached since 19.46s ago] (1001, 10, 20)
2026-05-08 09:10:42,351 INFO sqlalchemy.engine.Engine SELECT users.id, users.login, users.email 
FROM users 
WHERE users.id IN (?)
2026-05-08 09:10:42,351 INFO sqlalchemy.engine.Engine [cached since 19.46s ago] (2,)
2026-05-08 09:10:42,351 INFO sqlalchemy.engine.Engine SELECT datasets.id, datasets.parent_id 
FROM datasets 
WHERE datasets.parent_id IN (?, ?, ?, ?, ?, ?, ?, ?, ?, ?)
2026-05-08 09:10:42,351 INFO sqlalchemy.engine.Engine [cached since 19.46s ago] (201, 200, 199, 190, 189, 188, 186, 185, 182, 180)
INFO:     130.60.193.7:49613 - "GET /projects/1001/datasets?q=&page=3&per=10 HTTP/1.1" 200 OK
2026-05-08 09:10:42,353 INFO sqlalchemy.engine.Engine ROLLBACK
INFO:     130.60.193.7:49611 - "OPTIONS /projects/1001/datasets?q=&page=4&per=10 HTTP/1.1" 200 OK
2026-05-08 09:10:42,495 INFO sqlalchemy.engine.Engine BEGIN (implicit)
2026-05-08 09:10:42,496 INFO sqlalchemy.engine.Engine SELECT count(*) AS count_1 
FROM datasets JOIN projects ON datasets.project_id = projects.id 
WHERE projects.number = ?
2026-05-08 09:10:42,496 INFO sqlalchemy.engine.Engine [cached since 19.62s ago] (1001,)
2026-05-08 09:10:42,496 INFO sqlalchemy.engine.Engine SELECT datasets.id, datasets.project_id, datasets.parent_id, datasets.user_id, datasets.name, datasets.md5, datasets.comment, datasets.num_samples, datasets.completed_samples, datasets.sushi_app_name, datasets.job_parameters, datasets.bfabric_id, datasets.workunit_id, datasets.order_ids, datasets.created_at, datasets.updated_at 
FROM datasets JOIN projects ON datasets.project_id = projects.id 
WHERE projects.number = ? ORDER BY datasets.created_at DESC
 LIMIT ? OFFSET ?
2026-05-08 09:10:42,496 INFO sqlalchemy.engine.Engine [cached since 19.62s ago] (1001, 10, 30)
2026-05-08 09:10:42,505 INFO sqlalchemy.engine.Engine SELECT users.id, users.login, users.email 
FROM users 
WHERE users.id IN (?)
2026-05-08 09:10:42,505 INFO sqlalchemy.engine.Engine [cached since 19.62s ago] (2,)
2026-05-08 09:10:42,505 INFO sqlalchemy.engine.Engine SELECT datasets.id, datasets.parent_id 
FROM datasets 
WHERE datasets.parent_id IN (?, ?, ?, ?, ?, ?, ?, ?, ?, ?)
2026-05-08 09:10:42,505 INFO sqlalchemy.engine.Engine [cached since 19.62s ago] (179, 173, 172, 169, 168, 155, 154, 153, 152, 151)
INFO:     130.60.193.7:49613 - "GET /projects/1001/datasets?q=&page=4&per=10 HTTP/1.1" 200 OK
2026-05-08 09:10:42,506 INFO sqlalchemy.engine.Engine ROLLBACK
INFO:     130.60.193.7:49611 - "OPTIONS /projects/1001/datasets?q=&page=5&per=10 HTTP/1.1" 200 OK
2026-05-08 09:10:42,701 INFO sqlalchemy.engine.Engine BEGIN (implicit)
2026-05-08 09:10:42,701 INFO sqlalchemy.engine.Engine SELECT count(*) AS count_1 
FROM datasets JOIN projects ON datasets.project_id = projects.id 
WHERE projects.number = ?
2026-05-08 09:10:42,702 INFO sqlalchemy.engine.Engine [cached since 19.83s ago] (1001,)
2026-05-08 09:10:42,702 INFO sqlalchemy.engine.Engine SELECT datasets.id, datasets.project_id, datasets.parent_id, datasets.user_id, datasets.name, datasets.md5, datasets.comment, datasets.num_samples, datasets.completed_samples, datasets.sushi_app_name, datasets.job_parameters, datasets.bfabric_id, datasets.workunit_id, datasets.order_ids, datasets.created_at, datasets.updated_at 
FROM datasets JOIN projects ON datasets.project_id = projects.id 
WHERE projects.number = ? ORDER BY datasets.created_at DESC
 LIMIT ? OFFSET ?
2026-05-08 09:10:42,702 INFO sqlalchemy.engine.Engine [cached since 19.82s ago] (1001, 10, 40)
2026-05-08 09:10:42,713 INFO sqlalchemy.engine.Engine SELECT users.id, users.login, users.email 
FROM users 
WHERE users.id IN (?)
2026-05-08 09:10:42,713 INFO sqlalchemy.engine.Engine [cached since 19.83s ago] (2,)
2026-05-08 09:10:42,713 INFO sqlalchemy.engine.Engine SELECT datasets.id, datasets.parent_id 
FROM datasets 
WHERE datasets.parent_id IN (?, ?, ?, ?, ?, ?, ?, ?, ?, ?)
2026-05-08 09:10:42,713 INFO sqlalchemy.engine.Engine [cached since 19.83s ago] (150, 147, 145, 141, 137, 132, 131, 130, 129, 133)
INFO:     130.60.193.7:49613 - "GET /projects/1001/datasets?q=&page=5&per=10 HTTP/1.1" 200 OK
2026-05-08 09:10:42,714 INFO sqlalchemy.engine.Engine ROLLBACK
INFO:     130.60.193.7:49611 - "OPTIONS /projects/1001/datasets?q=&page=6&per=10 HTTP/1.1" 200 OK
2026-05-08 09:10:42,756 INFO sqlalchemy.engine.Engine BEGIN (implicit)
2026-05-08 09:10:42,756 INFO sqlalchemy.engine.Engine SELECT count(*) AS count_1 
FROM datasets JOIN projects ON datasets.project_id = projects.id 
WHERE projects.number = ?
2026-05-08 09:10:42,756 INFO sqlalchemy.engine.Engine [cached since 19.88s ago] (1001,)
2026-05-08 09:10:42,757 INFO sqlalchemy.engine.Engine SELECT datasets.id, datasets.project_id, datasets.parent_id, datasets.user_id, datasets.name, datasets.md5, datasets.comment, datasets.num_samples, datasets.completed_samples, datasets.sushi_app_name, datasets.job_parameters, datasets.bfabric_id, datasets.workunit_id, datasets.order_ids, datasets.created_at, datasets.updated_at 
FROM datasets JOIN projects ON datasets.project_id = projects.id 
WHERE projects.number = ? ORDER BY datasets.created_at DESC
 LIMIT ? OFFSET ?
2026-05-08 09:10:42,757 INFO sqlalchemy.engine.Engine [cached since 19.88s ago] (1001, 10, 50)
2026-05-08 09:10:42,763 INFO sqlalchemy.engine.Engine SELECT users.id, users.login, users.email 
FROM users 
WHERE users.id IN (?)
2026-05-08 09:10:42,763 INFO sqlalchemy.engine.Engine [cached since 19.88s ago] (2,)
2026-05-08 09:10:42,763 INFO sqlalchemy.engine.Engine SELECT datasets.id, datasets.parent_id 
FROM datasets 
WHERE datasets.parent_id IN (?, ?, ?, ?, ?, ?, ?, ?, ?, ?)
2026-05-08 09:10:42,763 INFO sqlalchemy.engine.Engine [cached since 19.88s ago] (127, 54, 53, 51, 47, 44, 39, 37, 23, 20)
INFO:     130.60.193.7:49613 - "GET /projects/1001/datasets?q=&page=6&per=10 HTTP/1.1" 200 OK
2026-05-08 09:10:42,764 INFO sqlalchemy.engine.Engine ROLLBACK
INFO:     130.60.193.7:49611 - "OPTIONS /projects/1001/datasets?q=&page=7&per=10 HTTP/1.1" 200 OK
2026-05-08 09:10:46,037 INFO sqlalchemy.engine.Engine BEGIN (implicit)
2026-05-08 09:10:46,037 INFO sqlalchemy.engine.Engine SELECT count(*) AS count_1 
FROM datasets JOIN projects ON datasets.project_id = projects.id 
WHERE projects.number = ?
2026-05-08 09:10:46,037 INFO sqlalchemy.engine.Engine [cached since 23.16s ago] (1001,)
2026-05-08 09:10:46,037 INFO sqlalchemy.engine.Engine SELECT datasets.id, datasets.project_id, datasets.parent_id, datasets.user_id, datasets.name, datasets.md5, datasets.comment, datasets.num_samples, datasets.completed_samples, datasets.sushi_app_name, datasets.job_parameters, datasets.bfabric_id, datasets.workunit_id, datasets.order_ids, datasets.created_at, datasets.updated_at 
FROM datasets JOIN projects ON datasets.project_id = projects.id 
WHERE projects.number = ? ORDER BY datasets.created_at DESC
 LIMIT ? OFFSET ?
2026-05-08 09:10:46,037 INFO sqlalchemy.engine.Engine [cached since 23.16s ago] (1001, 10, 60)
2026-05-08 09:10:46,040 INFO sqlalchemy.engine.Engine SELECT users.id, users.login, users.email 
FROM users 
WHERE users.id IN (?)
2026-05-08 09:10:46,040 INFO sqlalchemy.engine.Engine [cached since 23.15s ago] (2,)
2026-05-08 09:10:46,040 INFO sqlalchemy.engine.Engine SELECT datasets.id, datasets.parent_id 
FROM datasets 
WHERE datasets.parent_id IN (?, ?, ?)
2026-05-08 09:10:46,040 INFO sqlalchemy.engine.Engine [cached since 23.15s ago] (19, 18, 17)
INFO:     130.60.193.7:49613 - "GET /projects/1001/datasets?q=&page=7&per=10 HTTP/1.1" 200 OK
2026-05-08 09:10:46,041 INFO sqlalchemy.engine.Engine ROLLBACK
INFO:     130.60.193.7:49622 - "OPTIONS /datasets/133 HTTP/1.1" 200 OK
INFO:     130.60.193.7:49623 - "OPTIONS /datasets/133/tree HTTP/1.1" 200 OK
INFO:     130.60.193.7:49624 - "GET /auth/login_options HTTP/1.1" 200 OK
2026-05-08 09:10:51,645 INFO sqlalchemy.engine.Engine BEGIN (implicit)
2026-05-08 09:10:51,646 INFO sqlalchemy.engine.Engine SELECT datasets.id AS datasets_id, datasets.project_id AS datasets_project_id, datasets.parent_id AS datasets_parent_id, datasets.user_id AS datasets_user_id, datasets.name AS datasets_name, datasets.md5 AS datasets_md5, datasets.comment AS datasets_comment, datasets.num_samples AS datasets_num_samples, datasets.completed_samples AS datasets_completed_samples, datasets.sushi_app_name AS datasets_sushi_app_name, datasets.job_parameters AS datasets_job_parameters, datasets.bfabric_id AS datasets_bfabric_id, datasets.workunit_id AS datasets_workunit_id, datasets.order_ids AS datasets_order_ids, datasets.created_at AS datasets_created_at, datasets.updated_at AS datasets_updated_at 
FROM datasets 
WHERE datasets.id = ?
2026-05-08 09:10:51,646 INFO sqlalchemy.engine.Engine [cached since 14.14s ago] (133,)
2026-05-08 09:10:51,646 INFO sqlalchemy.engine.Engine SELECT projects.id, projects.number, projects.created_at, projects.updated_at 
FROM projects 
WHERE projects.id = ?
2026-05-08 09:10:51,646 INFO sqlalchemy.engine.Engine [cached since 14.13s ago] (3,)
2026-05-08 09:10:51,646 INFO sqlalchemy.engine.Engine SELECT datasets.id 
FROM datasets 
WHERE datasets.parent_id = ?
2026-05-08 09:10:51,647 INFO sqlalchemy.engine.Engine [cached since 14.13s ago] (133,)
2026-05-08 09:10:51,647 INFO sqlalchemy.engine.Engine SELECT samples.id, samples.key_value, samples.data_set_id, samples.created_at, samples.updated_at 
FROM samples 
WHERE samples.data_set_id = ?
2026-05-08 09:10:51,647 INFO sqlalchemy.engine.Engine [cached since 14.13s ago] (133,)
2026-05-08 09:10:51,647 INFO sqlalchemy.engine.Engine SELECT samples.id, samples.key_value, samples.data_set_id, samples.created_at, samples.updated_at 
FROM samples 
WHERE samples.data_set_id = ?
2026-05-08 09:10:51,647 INFO sqlalchemy.engine.Engine [cached since 14.13s ago] (133,)
2026-05-08 09:10:51,648 INFO sqlalchemy.engine.Engine SELECT samples.id, samples.key_value, samples.data_set_id, samples.created_at, samples.updated_at 
FROM samples 
WHERE samples.data_set_id = ?
2026-05-08 09:10:51,648 INFO sqlalchemy.engine.Engine [cached since 14.13s ago] (133,)
INFO:     130.60.193.7:49624 - "GET /datasets/133 HTTP/1.1" 200 OK
2026-05-08 09:10:51,649 INFO sqlalchemy.engine.Engine ROLLBACK
INFO:     130.60.193.7:49626 - "GET /auth/me HTTP/1.1" 200 OK
2026-05-08 09:10:51,659 INFO sqlalchemy.engine.Engine BEGIN (implicit)
2026-05-08 09:10:51,659 INFO sqlalchemy.engine.Engine SELECT datasets.id AS datasets_id, datasets.project_id AS datasets_project_id, datasets.parent_id AS datasets_parent_id, datasets.user_id AS datasets_user_id, datasets.name AS datasets_name, datasets.md5 AS datasets_md5, datasets.comment AS datasets_comment, datasets.num_samples AS datasets_num_samples, datasets.completed_samples AS datasets_completed_samples, datasets.sushi_app_name AS datasets_sushi_app_name, datasets.job_parameters AS datasets_job_parameters, datasets.bfabric_id AS datasets_bfabric_id, datasets.workunit_id AS datasets_workunit_id, datasets.order_ids AS datasets_order_ids, datasets.created_at AS datasets_created_at, datasets.updated_at AS datasets_updated_at 
FROM datasets 
WHERE datasets.id = ?
2026-05-08 09:10:51,659 INFO sqlalchemy.engine.Engine [cached since 14.15s ago] (133,)
2026-05-08 09:10:51,660 INFO sqlalchemy.engine.Engine SELECT datasets.id, datasets.project_id, datasets.parent_id, datasets.user_id, datasets.name, datasets.md5, datasets.comment, datasets.num_samples, datasets.completed_samples, datasets.sushi_app_name, datasets.job_parameters, datasets.bfabric_id, datasets.workunit_id, datasets.order_ids, datasets.created_at, datasets.updated_at 
FROM datasets 
WHERE datasets.parent_id = ?
2026-05-08 09:10:51,660 INFO sqlalchemy.engine.Engine [cached since 14.14s ago] (133,)
INFO:     130.60.193.7:49625 - "GET /datasets/133/tree HTTP/1.1" 200 OK
2026-05-08 09:10:51,660 INFO sqlalchemy.engine.Engine ROLLBACK
INFO:     130.60.193.7:49625 - "GET /projects/ HTTP/1.1" 200 OK
INFO:     130.60.193.7:49623 - "OPTIONS /applications/FastQC HTTP/1.1" 200 OK
INFO:     130.60.193.7:49625 - "GET /applications/FastQC HTTP/1.1" 200 OK
INFO:     130.60.193.7:49632 - "OPTIONS /files/?path=p1001%2Fventricles HTTP/1.1" 200 OK
INFO:     130.60.193.7:49627 - "GET /files/?path=p1001%2Fventricles HTTP/1.1" 400 Bad Request
INFO:     130.60.193.7:49627 - "GET /files/?path=p1001%2Fventricles HTTP/1.1" 400 Bad Request
INFO:     127.0.0.1:33448 - "GET /files/ HTTP/1.1" 400 Bad Request
INFO:     127.0.0.1:51834 - "GET /files/p1001 HTTP/1.1" 200 OK
INFO:     127.0.0.1:41046 - "GET /files/p1001?per_page=2 HTTP/1.1" 200 OK
INFO:     130.60.193.7:49643 - "OPTIONS /files/p1001/ventricles?page=1&per_page=50 HTTP/1.1" 200 OK
INFO:     130.60.193.7:49644 - "OPTIONS /auth/login_options HTTP/1.1" 200 OK
INFO:     130.60.193.7:49646 - "GET /auth/login_options HTTP/1.1" 200 OK
INFO:     130.60.193.7:49645 - "GET /files/p1001/ventricles?page=1&per_page=50 HTTP/1.1" 200 OK
INFO:     130.60.193.7:49644 - "OPTIONS /auth/me HTTP/1.1" 200 OK
INFO:     130.60.193.7:49645 - "GET /auth/me HTTP/1.1" 200 OK
INFO:     130.60.193.7:49644 - "OPTIONS /projects/ HTTP/1.1" 200 OK
INFO:     130.60.193.7:49645 - "GET /projects/ HTTP/1.1" 200 OK
INFO:     130.60.193.7:49656 - "GET /files/p1001/ventricles?page=1&per_page=50 HTTP/1.1" 200 OK
INFO:     130.60.193.7:49655 - "GET /auth/login_options HTTP/1.1" 200 OK
INFO:     130.60.193.7:49655 - "GET /auth/me HTTP/1.1" 200 OK
INFO:     130.60.193.7:49655 - "GET /projects/ HTTP/1.1" 200 OK
INFO:     130.60.193.7:49657 - "OPTIONS /files/p1001?page=1&per_page=50 HTTP/1.1" 200 OK
INFO:     130.60.193.7:49658 - "GET /files/p1001?page=1&per_page=50 HTTP/1.1" 200 OK
INFO:     130.60.193.7:49657 - "OPTIONS /files/p1001/Kallisto_60299_o25340_Test_PE_2021-08-16--09-47-28?page=1&per_page=50 HTTP/1.1" 200 OK
INFO:     130.60.193.7:49658 - "GET /files/p1001/Kallisto_60299_o25340_Test_PE_2021-08-16--09-47-28?page=1&per_page=50 HTTP/1.1" 200 OK
INFO:     130.60.193.7:49657 - "OPTIONS /files/p1001/Kallisto_60299_o25340_Test_PE_2021-08-16--09-47-28/scripts?page=1&per_page=50 HTTP/1.1" 200 OK
INFO:     130.60.193.7:49658 - "GET /files/p1001/Kallisto_60299_o25340_Test_PE_2021-08-16--09-47-28/scripts?page=1&per_page=50 HTTP/1.1" 200 OK
INFO:     130.60.193.7:49667 - "OPTIONS /projects/1001/datasets/tree HTTP/1.1" 200 OK
2026-05-08 09:13:57,462 INFO sqlalchemy.engine.Engine BEGIN (implicit)
2026-05-08 09:13:57,463 INFO sqlalchemy.engine.Engine SELECT datasets.id, datasets.parent_id, datasets.name, datasets.comment 
FROM datasets JOIN projects ON datasets.project_id = projects.id 
WHERE projects.number = ?
2026-05-08 09:13:57,463 INFO sqlalchemy.engine.Engine [generated in 0.00012s] (1001,)
2026-05-08 09:13:57,465 INFO sqlalchemy.engine.Engine SELECT datasets.parent_id, count(datasets.id) AS count_1 
FROM datasets 
WHERE datasets.parent_id IN (?, ?, ?, ?, ?, ?, ?, ?, ?, ?, ?, ?, ?, ?, ?, ?, ?, ?, ?, ?, ?, ?, ?, ?, ?, ?, ?, ?, ?, ?, ?, ?, ?, ?, ?, ?, ?, ?, ?, ?, ?, ?, ?, ?, ?, ?, ?, ?, ?, ?, ?, ?, ?, ?, ?, ?, ?, ?, ?, ?, ?, ?, ?) GROUP BY datasets.parent_id
2026-05-08 09:13:57,465 INFO sqlalchemy.engine.Engine [generated in 0.00020s] (129, 130, 131, 132, 133, 137, 265, 266, 267, 141, 268, 269, 270, 17, 18, 19, 20, 145, 147, 23, 150, 151, 152, 153, 154, 155, 37, 39, 168, 169, 44, 172, 173, 47, 51, 179, 53, 54, 180, 182, 185, 186, 188, 189, 190, 199, 200, 201, 202, 203, 205, 206, 272, 220, 221, 222, 273, 224, 228, 234, 243, 245, 127)
INFO:     130.60.193.7:49668 - "GET /projects/1001/datasets/tree HTTP/1.1" 200 OK
2026-05-08 09:13:57,466 INFO sqlalchemy.engine.Engine ROLLBACK
INFO:     130.60.193.7:49667 - "OPTIONS /projects/1001/jobs?page=1&per=10 HTTP/1.1" 200 OK
2026-05-08 09:14:00,275 INFO sqlalchemy.engine.Engine BEGIN (implicit)
2026-05-08 09:14:00,276 INFO sqlalchemy.engine.Engine SELECT datasets.id 
FROM datasets JOIN projects ON datasets.project_id = projects.id 
WHERE projects.number = ?
2026-05-08 09:14:00,276 INFO sqlalchemy.engine.Engine [generated in 0.00012s] (1001,)
2026-05-08 09:14:00,277 INFO sqlalchemy.engine.Engine SELECT count(*) AS count_1 
FROM jobs 
WHERE jobs.next_dataset_id IN (?, ?, ?, ?, ?, ?, ?, ?, ?, ?, ?, ?, ?, ?, ?, ?, ?, ?, ?, ?, ?, ?, ?, ?, ?, ?, ?, ?, ?, ?, ?, ?, ?, ?, ?, ?, ?, ?, ?, ?, ?, ?, ?, ?, ?, ?, ?, ?, ?, ?, ?, ?, ?, ?, ?, ?, ?, ?, ?, ?, ?, ?, ?) OR jobs.input_dataset_id IN (?, ?, ?, ?, ?, ?, ?, ?, ?, ?, ?, ?, ?, ?, ?, ?, ?, ?, ?, ?, ?, ?, ?, ?, ?, ?, ?, ?, ?, ?, ?, ?, ?, ?, ?, ?, ?, ?, ?, ?, ?, ?, ?, ?, ?, ?, ?, ?, ?, ?, ?, ?, ?, ?, ?, ?, ?, ?, ?, ?, ?, ?, ?)
2026-05-08 09:14:00,277 INFO sqlalchemy.engine.Engine [generated in 0.00024s] (17, 18, 19, 20, 23, 37, 39, 44, 47, 51, 53, 54, 127, 129, 130, 131, 132, 133, 137, 141, 145, 147, 150, 151, 152, 153, 154, 155, 168, 169, 172, 173, 179, 180, 182, 185, 186, 188, 189, 190, 199, 200, 201, 202, 203, 205, 206, 220, 221, 222 ... 26 parameters truncated ... 129, 130, 131, 132, 133, 137, 141, 145, 147, 150, 151, 152, 153, 154, 155, 168, 169, 172, 173, 179, 180, 182, 185, 186, 188, 189, 190, 199, 200, 201, 202, 203, 205, 206, 220, 221, 222, 224, 228, 234, 243, 245, 265, 266, 267, 268, 269, 270, 272, 273)
2026-05-08 09:14:00,280 INFO sqlalchemy.engine.Engine SELECT jobs.id, jobs.submit_job_id, jobs.input_dataset_id, jobs.next_dataset_id, jobs.created_at, jobs.updated_at, jobs.script_path, jobs.stdout_path, jobs.stderr_path, jobs.submit_command, jobs.status, jobs.user, jobs.start_time, jobs.end_time 
FROM jobs 
WHERE jobs.next_dataset_id IN (?, ?, ?, ?, ?, ?, ?, ?, ?, ?, ?, ?, ?, ?, ?, ?, ?, ?, ?, ?, ?, ?, ?, ?, ?, ?, ?, ?, ?, ?, ?, ?, ?, ?, ?, ?, ?, ?, ?, ?, ?, ?, ?, ?, ?, ?, ?, ?, ?, ?, ?, ?, ?, ?, ?, ?, ?, ?, ?, ?, ?, ?, ?) OR jobs.input_dataset_id IN (?, ?, ?, ?, ?, ?, ?, ?, ?, ?, ?, ?, ?, ?, ?, ?, ?, ?, ?, ?, ?, ?, ?, ?, ?, ?, ?, ?, ?, ?, ?, ?, ?, ?, ?, ?, ?, ?, ?, ?, ?, ?, ?, ?, ?, ?, ?, ?, ?, ?, ?, ?, ?, ?, ?, ?, ?, ?, ?, ?, ?, ?, ?) ORDER BY jobs.created_at DESC
 LIMIT ? OFFSET ?
2026-05-08 09:14:00,280 INFO sqlalchemy.engine.Engine [generated in 0.00024s] (17, 18, 19, 20, 23, 37, 39, 44, 47, 51, 53, 54, 127, 129, 130, 131, 132, 133, 137, 141, 145, 147, 150, 151, 152, 153, 154, 155, 168, 169, 172, 173, 179, 180, 182, 185, 186, 188, 189, 190, 199, 200, 201, 202, 203, 205, 206, 220, 221, 222 ... 28 parameters truncated ... 131, 132, 133, 137, 141, 145, 147, 150, 151, 152, 153, 154, 155, 168, 169, 172, 173, 179, 180, 182, 185, 186, 188, 189, 190, 199, 200, 201, 202, 203, 205, 206, 220, 221, 222, 224, 228, 234, 243, 245, 265, 266, 267, 268, 269, 270, 272, 273, 10, 0)
2026-05-08 09:14:00,281 INFO sqlalchemy.engine.Engine SELECT datasets.id, datasets.name 
FROM datasets 
WHERE datasets.id IN (?, ?, ?, ?, ?, ?, ?, ?, ?, ?)
2026-05-08 09:14:00,281 INFO sqlalchemy.engine.Engine [generated in 0.00012s] (266, 267, 268, 269, 270, 234, 272, 273, 243, 245)
INFO:     130.60.193.7:49668 - "GET /projects/1001/jobs?page=1&per=10 HTTP/1.1" 200 OK
2026-05-08 09:14:00,282 INFO sqlalchemy.engine.Engine ROLLBACK
INFO:     130.60.193.7:49683 - "OPTIONS /projects/1001/datasets?q=&page=1&per=10 HTTP/1.1" 200 OK
2026-05-08 09:16:30,604 INFO sqlalchemy.engine.Engine BEGIN (implicit)
2026-05-08 09:16:30,604 INFO sqlalchemy.engine.Engine SELECT count(*) AS count_1 
FROM datasets JOIN projects ON datasets.project_id = projects.id 
WHERE projects.number = ?
2026-05-08 09:16:30,604 INFO sqlalchemy.engine.Engine [cached since 367.7s ago] (1001,)
2026-05-08 09:16:30,605 INFO sqlalchemy.engine.Engine SELECT datasets.id, datasets.project_id, datasets.parent_id, datasets.user_id, datasets.name, datasets.md5, datasets.comment, datasets.num_samples, datasets.completed_samples, datasets.sushi_app_name, datasets.job_parameters, datasets.bfabric_id, datasets.workunit_id, datasets.order_ids, datasets.created_at, datasets.updated_at 
FROM datasets JOIN projects ON datasets.project_id = projects.id 
WHERE projects.number = ? ORDER BY datasets.created_at DESC
 LIMIT ? OFFSET ?
2026-05-08 09:16:30,605 INFO sqlalchemy.engine.Engine [cached since 367.7s ago] (1001, 10, 0)
2026-05-08 09:16:30,615 INFO sqlalchemy.engine.Engine SELECT users.id, users.login, users.email 
FROM users 
WHERE users.id IN (?)
2026-05-08 09:16:30,615 INFO sqlalchemy.engine.Engine [cached since 367.7s ago] (2,)
2026-05-08 09:16:30,616 INFO sqlalchemy.engine.Engine SELECT datasets.id, datasets.parent_id 
FROM datasets 
WHERE datasets.parent_id IN (?, ?, ?, ?, ?, ?, ?, ?, ?, ?)
2026-05-08 09:16:30,616 INFO sqlalchemy.engine.Engine [cached since 367.7s ago] (273, 272, 270, 269, 268, 267, 266, 265, 245, 243)
INFO:     130.60.193.7:49685 - "GET /projects/1001/datasets?q=&page=1&per=10 HTTP/1.1" 200 OK
2026-05-08 09:16:30,617 INFO sqlalchemy.engine.Engine ROLLBACK
INFO:     130.60.193.7:49683 - "OPTIONS /projects/1001/datasets?q=tes&page=1&per=10 HTTP/1.1" 200 OK
2026-05-08 09:16:34,276 INFO sqlalchemy.engine.Engine BEGIN (implicit)
2026-05-08 09:16:34,277 INFO sqlalchemy.engine.Engine SELECT count(*) AS count_1 
FROM datasets JOIN projects ON datasets.project_id = projects.id 
WHERE projects.number = ? AND (datasets.name LIKE '%' || ? || '%')
2026-05-08 09:16:34,277 INFO sqlalchemy.engine.Engine [generated in 0.00012s] (1001, 'tes')
2026-05-08 09:16:34,278 INFO sqlalchemy.engine.Engine SELECT datasets.id, datasets.project_id, datasets.parent_id, datasets.user_id, datasets.name, datasets.md5, datasets.comment, datasets.num_samples, datasets.completed_samples, datasets.sushi_app_name, datasets.job_parameters, datasets.bfabric_id, datasets.workunit_id, datasets.order_ids, datasets.created_at, datasets.updated_at 
FROM datasets JOIN projects ON datasets.project_id = projects.id 
WHERE projects.number = ? AND (datasets.name LIKE '%' || ? || '%') ORDER BY datasets.created_at DESC
 LIMIT ? OFFSET ?
2026-05-08 09:16:34,278 INFO sqlalchemy.engine.Engine [generated in 0.00010s] (1001, 'tes', 10, 0)
2026-05-08 09:16:34,279 INFO sqlalchemy.engine.Engine SELECT datasets.id, datasets.parent_id 
FROM datasets 
WHERE datasets.parent_id IN (?)
2026-05-08 09:16:34,279 INFO sqlalchemy.engine.Engine [cached since 371.4s ago] (133,)
INFO:     130.60.193.7:49685 - "GET /projects/1001/datasets?q=tes&page=1&per=10 HTTP/1.1" 200 OK
2026-05-08 09:16:34,280 INFO sqlalchemy.engine.Engine ROLLBACK
2026-05-08 09:16:35,754 INFO sqlalchemy.engine.Engine BEGIN (implicit)
2026-05-08 09:16:35,755 INFO sqlalchemy.engine.Engine SELECT datasets.id AS datasets_id, datasets.project_id AS datasets_project_id, datasets.parent_id AS datasets_parent_id, datasets.user_id AS datasets_user_id, datasets.name AS datasets_name, datasets.md5 AS datasets_md5, datasets.comment AS datasets_comment, datasets.num_samples AS datasets_num_samples, datasets.completed_samples AS datasets_completed_samples, datasets.sushi_app_name AS datasets_sushi_app_name, datasets.job_parameters AS datasets_job_parameters, datasets.bfabric_id AS datasets_bfabric_id, datasets.workunit_id AS datasets_workunit_id, datasets.order_ids AS datasets_order_ids, datasets.created_at AS datasets_created_at, datasets.updated_at AS datasets_updated_at 
FROM datasets 
WHERE datasets.id = ?
2026-05-08 09:16:35,755 INFO sqlalchemy.engine.Engine [cached since 358.2s ago] (133,)
2026-05-08 09:16:35,755 INFO sqlalchemy.engine.Engine SELECT projects.id, projects.number, projects.created_at, projects.updated_at 
FROM projects 
WHERE projects.id = ?
2026-05-08 09:16:35,755 INFO sqlalchemy.engine.Engine [cached since 358.2s ago] (3,)
2026-05-08 09:16:35,755 INFO sqlalchemy.engine.Engine SELECT datasets.id 
FROM datasets 
WHERE datasets.parent_id = ?
2026-05-08 09:16:35,755 INFO sqlalchemy.engine.Engine [cached since 358.2s ago] (133,)
2026-05-08 09:16:35,756 INFO sqlalchemy.engine.Engine SELECT samples.id, samples.key_value, samples.data_set_id, samples.created_at, samples.updated_at 
FROM samples 
WHERE samples.data_set_id = ?
2026-05-08 09:16:35,756 INFO sqlalchemy.engine.Engine [cached since 358.2s ago] (133,)
2026-05-08 09:16:35,756 INFO sqlalchemy.engine.Engine SELECT samples.id, samples.key_value, samples.data_set_id, samples.created_at, samples.updated_at 
FROM samples 
WHERE samples.data_set_id = ?
2026-05-08 09:16:35,756 INFO sqlalchemy.engine.Engine [cached since 358.2s ago] (133,)
2026-05-08 09:16:35,757 INFO sqlalchemy.engine.Engine SELECT samples.id, samples.key_value, samples.data_set_id, samples.created_at, samples.updated_at 
FROM samples 
WHERE samples.data_set_id = ?
2026-05-08 09:16:35,757 INFO sqlalchemy.engine.Engine [cached since 358.2s ago] (133,)
INFO:     130.60.193.7:49685 - "GET /datasets/133 HTTP/1.1" 200 OK
2026-05-08 09:16:35,758 INFO sqlalchemy.engine.Engine ROLLBACK
INFO:     130.60.193.7:49689 - "GET /auth/login_options HTTP/1.1" 200 OK
2026-05-08 09:16:35,769 INFO sqlalchemy.engine.Engine BEGIN (implicit)
2026-05-08 09:16:35,770 INFO sqlalchemy.engine.Engine SELECT datasets.id AS datasets_id, datasets.project_id AS datasets_project_id, datasets.parent_id AS datasets_parent_id, datasets.user_id AS datasets_user_id, datasets.name AS datasets_name, datasets.md5 AS datasets_md5, datasets.comment AS datasets_comment, datasets.num_samples AS datasets_num_samples, datasets.completed_samples AS datasets_completed_samples, datasets.sushi_app_name AS datasets_sushi_app_name, datasets.job_parameters AS datasets_job_parameters, datasets.bfabric_id AS datasets_bfabric_id, datasets.workunit_id AS datasets_workunit_id, datasets.order_ids AS datasets_order_ids, datasets.created_at AS datasets_created_at, datasets.updated_at AS datasets_updated_at 
FROM datasets 
WHERE datasets.id = ?
2026-05-08 09:16:35,770 INFO sqlalchemy.engine.Engine [cached since 358.3s ago] (133,)
2026-05-08 09:16:35,770 INFO sqlalchemy.engine.Engine SELECT datasets.id, datasets.project_id, datasets.parent_id, datasets.user_id, datasets.name, datasets.md5, datasets.comment, datasets.num_samples, datasets.completed_samples, datasets.sushi_app_name, datasets.job_parameters, datasets.bfabric_id, datasets.workunit_id, datasets.order_ids, datasets.created_at, datasets.updated_at 
FROM datasets 
WHERE datasets.parent_id = ?
2026-05-08 09:16:35,770 INFO sqlalchemy.engine.Engine [cached since 358.2s ago] (133,)
INFO:     130.60.193.7:49688 - "GET /datasets/133/tree HTTP/1.1" 200 OK
2026-05-08 09:16:35,771 INFO sqlalchemy.engine.Engine ROLLBACK
INFO:     130.60.193.7:49688 - "GET /auth/me HTTP/1.1" 200 OK
INFO:     130.60.193.7:49688 - "GET /projects/ HTTP/1.1" 200 OK
INFO:     130.60.193.7:50089 - "OPTIONS /auth/login_options HTTP/1.1" 200 OK
INFO:     130.60.193.7:50090 - "GET /auth/login_options HTTP/1.1" 200 OK
INFO:     130.60.193.7:50089 - "OPTIONS /auth/me HTTP/1.1" 200 OK
INFO:     130.60.193.7:50090 - "GET /auth/me HTTP/1.1" 200 OK
INFO:     130.60.193.7:50089 - "OPTIONS /projects/ HTTP/1.1" 200 OK
INFO:     130.60.193.7:50090 - "GET /projects/ HTTP/1.1" 200 OK
INFO:     130.60.193.7:50099 - "GET /auth/login_options HTTP/1.1" 200 OK
INFO:     130.60.193.7:50099 - "GET /auth/me HTTP/1.1" 200 OK
INFO:     130.60.193.7:50099 - "GET /projects/ HTTP/1.1" 200 OK
INFO:     130.60.193.7:50107 - "OPTIONS /projects/1001/datasets?q=&page=1&per=10 HTTP/1.1" 200 OK
2026-05-08 13:24:55,183 INFO sqlalchemy.engine.Engine BEGIN (implicit)
2026-05-08 13:24:55,184 INFO sqlalchemy.engine.Engine SELECT count(*) AS count_1 
FROM datasets JOIN projects ON datasets.project_id = projects.id 
WHERE projects.number = ?
2026-05-08 13:24:55,184 INFO sqlalchemy.engine.Engine [cached since 1.527e+04s ago] (1001,)
2026-05-08 13:24:55,184 INFO sqlalchemy.engine.Engine SELECT datasets.id, datasets.project_id, datasets.parent_id, datasets.user_id, datasets.name, datasets.md5, datasets.comment, datasets.num_samples, datasets.completed_samples, datasets.sushi_app_name, datasets.job_parameters, datasets.bfabric_id, datasets.workunit_id, datasets.order_ids, datasets.created_at, datasets.updated_at 
FROM datasets JOIN projects ON datasets.project_id = projects.id 
WHERE projects.number = ? ORDER BY datasets.created_at DESC
 LIMIT ? OFFSET ?
2026-05-08 13:24:55,184 INFO sqlalchemy.engine.Engine [cached since 1.527e+04s ago] (1001, 10, 0)
2026-05-08 13:24:55,195 INFO sqlalchemy.engine.Engine SELECT users.id, users.login, users.email 
FROM users 
WHERE users.id IN (?)
2026-05-08 13:24:55,195 INFO sqlalchemy.engine.Engine [cached since 1.527e+04s ago] (2,)
2026-05-08 13:24:55,195 INFO sqlalchemy.engine.Engine SELECT datasets.id, datasets.parent_id 
FROM datasets 
WHERE datasets.parent_id IN (?, ?, ?, ?, ?, ?, ?, ?, ?, ?)
2026-05-08 13:24:55,195 INFO sqlalchemy.engine.Engine [cached since 1.527e+04s ago] (273, 272, 270, 269, 268, 267, 266, 265, 245, 243)
INFO:     130.60.193.7:50108 - "GET /projects/1001/datasets?q=&page=1&per=10 HTTP/1.1" 200 OK
2026-05-08 13:24:55,196 INFO sqlalchemy.engine.Engine ROLLBACK
INFO:     130.60.193.7:50107 - "OPTIONS /projects/1001/datasets/tree HTTP/1.1" 200 OK
2026-05-08 13:24:56,343 INFO sqlalchemy.engine.Engine BEGIN (implicit)
2026-05-08 13:24:56,344 INFO sqlalchemy.engine.Engine SELECT datasets.id, datasets.parent_id, datasets.name, datasets.comment 
FROM datasets JOIN projects ON datasets.project_id = projects.id 
WHERE projects.number = ?
2026-05-08 13:24:56,344 INFO sqlalchemy.engine.Engine [cached since 1.506e+04s ago] (1001,)
2026-05-08 13:24:56,345 INFO sqlalchemy.engine.Engine SELECT datasets.parent_id, count(datasets.id) AS count_1 
FROM datasets 
WHERE datasets.parent_id IN (?, ?, ?, ?, ?, ?, ?, ?, ?, ?, ?, ?, ?, ?, ?, ?, ?, ?, ?, ?, ?, ?, ?, ?, ?, ?, ?, ?, ?, ?, ?, ?, ?, ?, ?, ?, ?, ?, ?, ?, ?, ?, ?, ?, ?, ?, ?, ?, ?, ?, ?, ?, ?, ?, ?, ?, ?, ?, ?, ?, ?, ?, ?) GROUP BY datasets.parent_id
2026-05-08 13:24:56,345 INFO sqlalchemy.engine.Engine [cached since 1.506e+04s ago] (129, 130, 131, 132, 133, 137, 265, 266, 267, 141, 268, 269, 270, 17, 18, 19, 20, 145, 147, 23, 150, 151, 152, 153, 154, 155, 37, 39, 168, 169, 44, 172, 173, 47, 51, 179, 53, 54, 180, 182, 185, 186, 188, 189, 190, 199, 200, 201, 202, 203, 205, 206, 272, 220, 221, 222, 273, 224, 228, 234, 243, 245, 127)
INFO:     130.60.193.7:50108 - "GET /projects/1001/datasets/tree HTTP/1.1" 200 OK
2026-05-08 13:24:56,345 INFO sqlalchemy.engine.Engine ROLLBACK
INFO:     130.60.193.7:50225 - "OPTIONS /projects/1001/datasets?q=&page=1&per=10 HTTP/1.1" 200 OK
INFO:     130.60.193.7:50226 - "OPTIONS /projects/1001/datasets/tree HTTP/1.1" 200 OK
INFO:     130.60.193.7:50227 - "OPTIONS /auth/login_options HTTP/1.1" 200 OK
2026-05-08 13:54:35,295 INFO sqlalchemy.engine.Engine BEGIN (implicit)
2026-05-08 13:54:35,296 INFO sqlalchemy.engine.Engine SELECT count(*) AS count_1 
FROM datasets JOIN projects ON datasets.project_id = projects.id 
WHERE projects.number = ?
2026-05-08 13:54:35,296 INFO sqlalchemy.engine.Engine [cached since 1.705e+04s ago] (1001,)
2026-05-08 13:54:35,296 INFO sqlalchemy.engine.Engine SELECT datasets.id, datasets.project_id, datasets.parent_id, datasets.user_id, datasets.name, datasets.md5, datasets.comment, datasets.num_samples, datasets.completed_samples, datasets.sushi_app_name, datasets.job_parameters, datasets.bfabric_id, datasets.workunit_id, datasets.order_ids, datasets.created_at, datasets.updated_at 
FROM datasets JOIN projects ON datasets.project_id = projects.id 
WHERE projects.number = ? ORDER BY datasets.created_at DESC
 LIMIT ? OFFSET ?
2026-05-08 13:54:35,296 INFO sqlalchemy.engine.Engine [cached since 1.705e+04s ago] (1001, 10, 0)
2026-05-08 13:54:35,307 INFO sqlalchemy.engine.Engine SELECT users.id, users.login, users.email 
FROM users 
WHERE users.id IN (?)
2026-05-08 13:54:35,308 INFO sqlalchemy.engine.Engine [cached since 1.705e+04s ago] (2,)
2026-05-08 13:54:35,309 INFO sqlalchemy.engine.Engine SELECT datasets.id, datasets.parent_id 
FROM datasets 
WHERE datasets.parent_id IN (?, ?, ?, ?, ?, ?, ?, ?, ?, ?)
2026-05-08 13:54:35,309 INFO sqlalchemy.engine.Engine [cached since 1.705e+04s ago] (273, 272, 270, 269, 268, 267, 266, 265, 245, 243)
INFO:     130.60.193.7:50228 - "GET /projects/1001/datasets?q=&page=1&per=10 HTTP/1.1" 200 OK
2026-05-08 13:54:35,311 INFO sqlalchemy.engine.Engine ROLLBACK
INFO:     130.60.193.7:50230 - "GET /auth/login_options HTTP/1.1" 200 OK
2026-05-08 13:54:35,312 INFO sqlalchemy.engine.Engine BEGIN (implicit)
2026-05-08 13:54:35,312 INFO sqlalchemy.engine.Engine SELECT datasets.id, datasets.parent_id, datasets.name, datasets.comment 
FROM datasets JOIN projects ON datasets.project_id = projects.id 
WHERE projects.number = ?
2026-05-08 13:54:35,312 INFO sqlalchemy.engine.Engine [cached since 1.684e+04s ago] (1001,)
2026-05-08 13:54:35,313 INFO sqlalchemy.engine.Engine SELECT datasets.parent_id, count(datasets.id) AS count_1 
FROM datasets 
WHERE datasets.parent_id IN (?, ?, ?, ?, ?, ?, ?, ?, ?, ?, ?, ?, ?, ?, ?, ?, ?, ?, ?, ?, ?, ?, ?, ?, ?, ?, ?, ?, ?, ?, ?, ?, ?, ?, ?, ?, ?, ?, ?, ?, ?, ?, ?, ?, ?, ?, ?, ?, ?, ?, ?, ?, ?, ?, ?, ?, ?, ?, ?, ?, ?, ?, ?) GROUP BY datasets.parent_id
2026-05-08 13:54:35,313 INFO sqlalchemy.engine.Engine [cached since 1.684e+04s ago] (129, 130, 131, 132, 133, 137, 265, 266, 267, 141, 268, 269, 270, 17, 18, 19, 20, 145, 147, 23, 150, 151, 152, 153, 154, 155, 37, 39, 168, 169, 44, 172, 173, 47, 51, 179, 53, 54, 180, 182, 185, 186, 188, 189, 190, 199, 200, 201, 202, 203, 205, 206, 272, 220, 221, 222, 273, 224, 228, 234, 243, 245, 127)
INFO:     130.60.193.7:50229 - "GET /projects/1001/datasets/tree HTTP/1.1" 200 OK
2026-05-08 13:54:35,314 INFO sqlalchemy.engine.Engine ROLLBACK
INFO:     130.60.193.7:50227 - "OPTIONS /auth/me HTTP/1.1" 200 OK
INFO:     130.60.193.7:50229 - "GET /auth/me HTTP/1.1" 200 OK
INFO:     130.60.193.7:50227 - "OPTIONS /projects/ HTTP/1.1" 200 OK
INFO:     130.60.193.7:50229 - "GET /projects/ HTTP/1.1" 200 OK
INFO:     130.60.193.7:63514 - "OPTIONS /auth/login_options HTTP/1.1" 200 OK
INFO:     130.60.193.7:63515 - "GET /auth/login_options HTTP/1.1" 200 OK
INFO:     130.60.193.7:63514 - "OPTIONS /auth/me HTTP/1.1" 200 OK
INFO:     130.60.193.7:63515 - "GET /auth/me HTTP/1.1" 200 OK
INFO:     130.60.193.7:63514 - "OPTIONS /projects/ HTTP/1.1" 200 OK
INFO:     130.60.193.7:63515 - "GET /projects/ HTTP/1.1" 200 OK
INFO:     130.60.193.7:63514 - "OPTIONS /projects/1001/datasets?q=&page=1&per=10 HTTP/1.1" 200 OK
2026-05-08 13:57:10,995 INFO sqlalchemy.engine.Engine BEGIN (implicit)
2026-05-08 13:57:10,995 INFO sqlalchemy.engine.Engine SELECT count(*) AS count_1 
FROM datasets JOIN projects ON datasets.project_id = projects.id 
WHERE projects.number = ?
2026-05-08 13:57:10,995 INFO sqlalchemy.engine.Engine [cached since 1.721e+04s ago] (1001,)
2026-05-08 13:57:10,996 INFO sqlalchemy.engine.Engine SELECT datasets.id, datasets.project_id, datasets.parent_id, datasets.user_id, datasets.name, datasets.md5, datasets.comment, datasets.num_samples, datasets.completed_samples, datasets.sushi_app_name, datasets.job_parameters, datasets.bfabric_id, datasets.workunit_id, datasets.order_ids, datasets.created_at, datasets.updated_at 
FROM datasets JOIN projects ON datasets.project_id = projects.id 
WHERE projects.number = ? ORDER BY datasets.created_at DESC
 LIMIT ? OFFSET ?
2026-05-08 13:57:10,996 INFO sqlalchemy.engine.Engine [cached since 1.721e+04s ago] (1001, 10, 0)
2026-05-08 13:57:11,006 INFO sqlalchemy.engine.Engine SELECT users.id, users.login, users.email 
FROM users 
WHERE users.id IN (?)
2026-05-08 13:57:11,006 INFO sqlalchemy.engine.Engine [cached since 1.721e+04s ago] (2,)
2026-05-08 13:57:11,007 INFO sqlalchemy.engine.Engine SELECT datasets.id, datasets.parent_id 
FROM datasets 
WHERE datasets.parent_id IN (?, ?, ?, ?, ?, ?, ?, ?, ?, ?)
2026-05-08 13:57:11,007 INFO sqlalchemy.engine.Engine [cached since 1.721e+04s ago] (273, 272, 270, 269, 268, 267, 266, 265, 245, 243)
INFO:     130.60.193.7:63515 - "GET /projects/1001/datasets?q=&page=1&per=10 HTTP/1.1" 200 OK
2026-05-08 13:57:11,008 INFO sqlalchemy.engine.Engine ROLLBACK
INFO:     130.60.193.7:63514 - "OPTIONS /projects/1001/datasets/tree HTTP/1.1" 200 OK
2026-05-08 13:57:13,828 INFO sqlalchemy.engine.Engine BEGIN (implicit)
2026-05-08 13:57:13,828 INFO sqlalchemy.engine.Engine SELECT datasets.id, datasets.parent_id, datasets.name, datasets.comment 
FROM datasets JOIN projects ON datasets.project_id = projects.id 
WHERE projects.number = ?
2026-05-08 13:57:13,828 INFO sqlalchemy.engine.Engine [cached since 1.7e+04s ago] (1001,)
2026-05-08 13:57:13,829 INFO sqlalchemy.engine.Engine SELECT datasets.parent_id, count(datasets.id) AS count_1 
FROM datasets 
WHERE datasets.parent_id IN (?, ?, ?, ?, ?, ?, ?, ?, ?, ?, ?, ?, ?, ?, ?, ?, ?, ?, ?, ?, ?, ?, ?, ?, ?, ?, ?, ?, ?, ?, ?, ?, ?, ?, ?, ?, ?, ?, ?, ?, ?, ?, ?, ?, ?, ?, ?, ?, ?, ?, ?, ?, ?, ?, ?, ?, ?, ?, ?, ?, ?, ?, ?) GROUP BY datasets.parent_id
2026-05-08 13:57:13,829 INFO sqlalchemy.engine.Engine [cached since 1.7e+04s ago] (129, 130, 131, 132, 133, 137, 265, 266, 267, 141, 268, 269, 270, 17, 18, 19, 20, 145, 147, 23, 150, 151, 152, 153, 154, 155, 37, 39, 168, 169, 44, 172, 173, 47, 51, 179, 53, 54, 180, 182, 185, 186, 188, 189, 190, 199, 200, 201, 202, 203, 205, 206, 272, 220, 221, 222, 273, 224, 228, 234, 243, 245, 127)
INFO:     130.60.193.7:63515 - "GET /projects/1001/datasets/tree HTTP/1.1" 200 OK
2026-05-08 13:57:13,830 INFO sqlalchemy.engine.Engine ROLLBACK
2026-05-08 13:57:41,023 INFO sqlalchemy.engine.Engine BEGIN (implicit)
2026-05-08 13:57:41,023 INFO sqlalchemy.engine.Engine SELECT count(*) AS count_1 
FROM datasets JOIN projects ON datasets.project_id = projects.id 
WHERE projects.number = ?
2026-05-08 13:57:41,023 INFO sqlalchemy.engine.Engine [cached since 1.724e+04s ago] (1001,)
2026-05-08 13:57:41,024 INFO sqlalchemy.engine.Engine SELECT datasets.id, datasets.project_id, datasets.parent_id, datasets.user_id, datasets.name, datasets.md5, datasets.comment, datasets.num_samples, datasets.completed_samples, datasets.sushi_app_name, datasets.job_parameters, datasets.bfabric_id, datasets.workunit_id, datasets.order_ids, datasets.created_at, datasets.updated_at 
FROM datasets JOIN projects ON datasets.project_id = projects.id 
WHERE projects.number = ? ORDER BY datasets.created_at DESC
 LIMIT ? OFFSET ?
2026-05-08 13:57:41,024 INFO sqlalchemy.engine.Engine [cached since 1.724e+04s ago] (1001, 10, 0)
2026-05-08 13:57:41,034 INFO sqlalchemy.engine.Engine SELECT users.id, users.login, users.email 
FROM users 
WHERE users.id IN (?)
2026-05-08 13:57:41,034 INFO sqlalchemy.engine.Engine [cached since 1.724e+04s ago] (2,)
2026-05-08 13:57:41,035 INFO sqlalchemy.engine.Engine SELECT datasets.id, datasets.parent_id 
FROM datasets 
WHERE datasets.parent_id IN (?, ?, ?, ?, ?, ?, ?, ?, ?, ?)
2026-05-08 13:57:41,035 INFO sqlalchemy.engine.Engine [cached since 1.724e+04s ago] (273, 272, 270, 269, 268, 267, 266, 265, 245, 243)
INFO:     130.60.193.7:50244 - "GET /auth/login_options HTTP/1.1" 200 OK
INFO:     130.60.193.7:50242 - "GET /projects/1001/datasets?q=&page=1&per=10 HTTP/1.1" 200 OK
2026-05-08 13:57:41,038 INFO sqlalchemy.engine.Engine BEGIN (implicit)
2026-05-08 13:57:41,038 INFO sqlalchemy.engine.Engine SELECT datasets.id, datasets.parent_id, datasets.name, datasets.comment 
FROM datasets JOIN projects ON datasets.project_id = projects.id 
WHERE projects.number = ?
2026-05-08 13:57:41,038 INFO sqlalchemy.engine.Engine [cached since 1.702e+04s ago] (1001,)
2026-05-08 13:57:41,038 INFO sqlalchemy.engine.Engine ROLLBACK
2026-05-08 13:57:41,039 INFO sqlalchemy.engine.Engine SELECT datasets.parent_id, count(datasets.id) AS count_1 
FROM datasets 
WHERE datasets.parent_id IN (?, ?, ?, ?, ?, ?, ?, ?, ?, ?, ?, ?, ?, ?, ?, ?, ?, ?, ?, ?, ?, ?, ?, ?, ?, ?, ?, ?, ?, ?, ?, ?, ?, ?, ?, ?, ?, ?, ?, ?, ?, ?, ?, ?, ?, ?, ?, ?, ?, ?, ?, ?, ?, ?, ?, ?, ?, ?, ?, ?, ?, ?, ?) GROUP BY datasets.parent_id
2026-05-08 13:57:41,039 INFO sqlalchemy.engine.Engine [cached since 1.702e+04s ago] (129, 130, 131, 132, 133, 137, 265, 266, 267, 141, 268, 269, 270, 17, 18, 19, 20, 145, 147, 23, 150, 151, 152, 153, 154, 155, 37, 39, 168, 169, 44, 172, 173, 47, 51, 179, 53, 54, 180, 182, 185, 186, 188, 189, 190, 199, 200, 201, 202, 203, 205, 206, 272, 220, 221, 222, 273, 224, 228, 234, 243, 245, 127)
INFO:     130.60.193.7:50243 - "GET /projects/1001/datasets/tree HTTP/1.1" 200 OK
2026-05-08 13:57:41,040 INFO sqlalchemy.engine.Engine ROLLBACK
INFO:     130.60.193.7:50244 - "GET /auth/me HTTP/1.1" 200 OK
INFO:     130.60.193.7:50244 - "GET /projects/ HTTP/1.1" 200 OK
2026-05-08 13:57:53,751 INFO sqlalchemy.engine.Engine BEGIN (implicit)
2026-05-08 13:57:53,751 INFO sqlalchemy.engine.Engine SELECT count(*) AS count_1 
FROM datasets JOIN projects ON datasets.project_id = projects.id 
WHERE projects.number = ?
2026-05-08 13:57:53,751 INFO sqlalchemy.engine.Engine [cached since 1.725e+04s ago] (1001,)
2026-05-08 13:57:53,752 INFO sqlalchemy.engine.Engine SELECT datasets.id, datasets.project_id, datasets.parent_id, datasets.user_id, datasets.name, datasets.md5, datasets.comment, datasets.num_samples, datasets.completed_samples, datasets.sushi_app_name, datasets.job_parameters, datasets.bfabric_id, datasets.workunit_id, datasets.order_ids, datasets.created_at, datasets.updated_at 
FROM datasets JOIN projects ON datasets.project_id = projects.id 
WHERE projects.number = ? ORDER BY datasets.created_at DESC
 LIMIT ? OFFSET ?
2026-05-08 13:57:53,752 INFO sqlalchemy.engine.Engine [cached since 1.725e+04s ago] (1001, 10, 0)
2026-05-08 13:57:53,763 INFO sqlalchemy.engine.Engine SELECT users.id, users.login, users.email 
FROM users 
WHERE users.id IN (?)
2026-05-08 13:57:53,763 INFO sqlalchemy.engine.Engine [cached since 1.725e+04s ago] (2,)
2026-05-08 13:57:53,764 INFO sqlalchemy.engine.Engine SELECT datasets.id, datasets.parent_id 
FROM datasets 
WHERE datasets.parent_id IN (?, ?, ?, ?, ?, ?, ?, ?, ?, ?)
2026-05-08 13:57:53,764 INFO sqlalchemy.engine.Engine [cached since 1.725e+04s ago] (273, 272, 270, 269, 268, 267, 266, 265, 245, 243)
INFO:     130.60.193.7:50252 - "GET /projects/1001/datasets?q=&page=1&per=10 HTTP/1.1" 200 OK
INFO:     130.60.193.7:50254 - "GET /auth/login_options HTTP/1.1" 200 OK
2026-05-08 13:57:53,766 INFO sqlalchemy.engine.Engine ROLLBACK
2026-05-08 13:57:53,767 INFO sqlalchemy.engine.Engine BEGIN (implicit)
2026-05-08 13:57:53,767 INFO sqlalchemy.engine.Engine SELECT datasets.id, datasets.parent_id, datasets.name, datasets.comment 
FROM datasets JOIN projects ON datasets.project_id = projects.id 
WHERE projects.number = ?
2026-05-08 13:57:53,768 INFO sqlalchemy.engine.Engine [cached since 1.704e+04s ago] (1001,)
2026-05-08 13:57:53,768 INFO sqlalchemy.engine.Engine SELECT datasets.parent_id, count(datasets.id) AS count_1 
FROM datasets 
WHERE datasets.parent_id IN (?, ?, ?, ?, ?, ?, ?, ?, ?, ?, ?, ?, ?, ?, ?, ?, ?, ?, ?, ?, ?, ?, ?, ?, ?, ?, ?, ?, ?, ?, ?, ?, ?, ?, ?, ?, ?, ?, ?, ?, ?, ?, ?, ?, ?, ?, ?, ?, ?, ?, ?, ?, ?, ?, ?, ?, ?, ?, ?, ?, ?, ?, ?) GROUP BY datasets.parent_id
2026-05-08 13:57:53,768 INFO sqlalchemy.engine.Engine [cached since 1.704e+04s ago] (129, 130, 131, 132, 133, 137, 265, 266, 267, 141, 268, 269, 270, 17, 18, 19, 20, 145, 147, 23, 150, 151, 152, 153, 154, 155, 37, 39, 168, 169, 44, 172, 173, 47, 51, 179, 53, 54, 180, 182, 185, 186, 188, 189, 190, 199, 200, 201, 202, 203, 205, 206, 272, 220, 221, 222, 273, 224, 228, 234, 243, 245, 127)
INFO:     130.60.193.7:50253 - "GET /projects/1001/datasets/tree HTTP/1.1" 200 OK
2026-05-08 13:57:53,769 INFO sqlalchemy.engine.Engine ROLLBACK
INFO:     130.60.193.7:50253 - "GET /auth/me HTTP/1.1" 200 OK
INFO:     130.60.193.7:50253 - "GET /projects/ HTTP/1.1" 200 OK
2026-05-08 13:57:59,757 INFO sqlalchemy.engine.Engine BEGIN (implicit)
2026-05-08 13:57:59,757 INFO sqlalchemy.engine.Engine SELECT count(*) AS count_1 
FROM datasets JOIN projects ON datasets.project_id = projects.id 
WHERE projects.number = ?
2026-05-08 13:57:59,757 INFO sqlalchemy.engine.Engine [cached since 1.726e+04s ago] (1001,)
2026-05-08 13:57:59,758 INFO sqlalchemy.engine.Engine SELECT datasets.id, datasets.project_id, datasets.parent_id, datasets.user_id, datasets.name, datasets.md5, datasets.comment, datasets.num_samples, datasets.completed_samples, datasets.sushi_app_name, datasets.job_parameters, datasets.bfabric_id, datasets.workunit_id, datasets.order_ids, datasets.created_at, datasets.updated_at 
FROM datasets JOIN projects ON datasets.project_id = projects.id 
WHERE projects.number = ? ORDER BY datasets.created_at DESC
 LIMIT ? OFFSET ?
2026-05-08 13:57:59,758 INFO sqlalchemy.engine.Engine [cached since 1.726e+04s ago] (1001, 10, 0)
2026-05-08 13:57:59,768 INFO sqlalchemy.engine.Engine SELECT users.id, users.login, users.email 
FROM users 
WHERE users.id IN (?)
2026-05-08 13:57:59,768 INFO sqlalchemy.engine.Engine [cached since 1.726e+04s ago] (2,)
INFO:     130.60.193.7:50266 - "GET /auth/login_options HTTP/1.1" 200 OK
2026-05-08 13:57:59,770 INFO sqlalchemy.engine.Engine SELECT datasets.id, datasets.parent_id 
FROM datasets 
WHERE datasets.parent_id IN (?, ?, ?, ?, ?, ?, ?, ?, ?, ?)
2026-05-08 13:57:59,770 INFO sqlalchemy.engine.Engine [cached since 1.726e+04s ago] (273, 272, 270, 269, 268, 267, 266, 265, 245, 243)
INFO:     130.60.193.7:50264 - "GET /projects/1001/datasets?q=&page=1&per=10 HTTP/1.1" 200 OK
2026-05-08 13:57:59,771 INFO sqlalchemy.engine.Engine ROLLBACK
2026-05-08 13:57:59,772 INFO sqlalchemy.engine.Engine BEGIN (implicit)
2026-05-08 13:57:59,772 INFO sqlalchemy.engine.Engine SELECT datasets.id, datasets.parent_id, datasets.name, datasets.comment 
FROM datasets JOIN projects ON datasets.project_id = projects.id 
WHERE projects.number = ?
2026-05-08 13:57:59,773 INFO sqlalchemy.engine.Engine [cached since 1.704e+04s ago] (1001,)
2026-05-08 13:57:59,773 INFO sqlalchemy.engine.Engine SELECT datasets.parent_id, count(datasets.id) AS count_1 
FROM datasets 
WHERE datasets.parent_id IN (?, ?, ?, ?, ?, ?, ?, ?, ?, ?, ?, ?, ?, ?, ?, ?, ?, ?, ?, ?, ?, ?, ?, ?, ?, ?, ?, ?, ?, ?, ?, ?, ?, ?, ?, ?, ?, ?, ?, ?, ?, ?, ?, ?, ?, ?, ?, ?, ?, ?, ?, ?, ?, ?, ?, ?, ?, ?, ?, ?, ?, ?, ?) GROUP BY datasets.parent_id
2026-05-08 13:57:59,773 INFO sqlalchemy.engine.Engine [cached since 1.704e+04s ago] (129, 130, 131, 132, 133, 137, 265, 266, 267, 141, 268, 269, 270, 17, 18, 19, 20, 145, 147, 23, 150, 151, 152, 153, 154, 155, 37, 39, 168, 169, 44, 172, 173, 47, 51, 179, 53, 54, 180, 182, 185, 186, 188, 189, 190, 199, 200, 201, 202, 203, 205, 206, 272, 220, 221, 222, 273, 224, 228, 234, 243, 245, 127)
INFO:     130.60.193.7:50265 - "GET /projects/1001/datasets/tree HTTP/1.1" 200 OK
2026-05-08 13:57:59,774 INFO sqlalchemy.engine.Engine ROLLBACK
INFO:     130.60.193.7:50266 - "GET /auth/me HTTP/1.1" 200 OK
INFO:     130.60.193.7:50266 - "GET /projects/ HTTP/1.1" 200 OK
2026-05-08 13:58:08,890 INFO sqlalchemy.engine.Engine BEGIN (implicit)
2026-05-08 13:58:08,891 INFO sqlalchemy.engine.Engine SELECT count(*) AS count_1 
FROM datasets JOIN projects ON datasets.project_id = projects.id 
WHERE projects.number = ?
2026-05-08 13:58:08,891 INFO sqlalchemy.engine.Engine [cached since 1.727e+04s ago] (1001,)
2026-05-08 13:58:08,891 INFO sqlalchemy.engine.Engine SELECT datasets.id, datasets.project_id, datasets.parent_id, datasets.user_id, datasets.name, datasets.md5, datasets.comment, datasets.num_samples, datasets.completed_samples, datasets.sushi_app_name, datasets.job_parameters, datasets.bfabric_id, datasets.workunit_id, datasets.order_ids, datasets.created_at, datasets.updated_at 
FROM datasets JOIN projects ON datasets.project_id = projects.id 
WHERE projects.number = ? ORDER BY datasets.created_at DESC
 LIMIT ? OFFSET ?
2026-05-08 13:58:08,891 INFO sqlalchemy.engine.Engine [cached since 1.727e+04s ago] (1001, 10, 0)
2026-05-08 13:58:08,902 INFO sqlalchemy.engine.Engine SELECT users.id, users.login, users.email 
FROM users 
WHERE users.id IN (?)
2026-05-08 13:58:08,902 INFO sqlalchemy.engine.Engine [cached since 1.727e+04s ago] (2,)
INFO:     130.60.193.7:50277 - "GET /auth/login_options HTTP/1.1" 200 OK
2026-05-08 13:58:08,905 INFO sqlalchemy.engine.Engine SELECT datasets.id, datasets.parent_id 
FROM datasets 
WHERE datasets.parent_id IN (?, ?, ?, ?, ?, ?, ?, ?, ?, ?)
2026-05-08 13:58:08,905 INFO sqlalchemy.engine.Engine BEGIN (implicit)
2026-05-08 13:58:08,906 INFO sqlalchemy.engine.Engine [cached since 1.727e+04s ago] (273, 272, 270, 269, 268, 267, 266, 265, 245, 243)
2026-05-08 13:58:08,906 INFO sqlalchemy.engine.Engine SELECT datasets.id, datasets.parent_id, datasets.name, datasets.comment 
FROM datasets JOIN projects ON datasets.project_id = projects.id 
WHERE projects.number = ?
2026-05-08 13:58:08,906 INFO sqlalchemy.engine.Engine [cached since 1.705e+04s ago] (1001,)
INFO:     130.60.193.7:50276 - "GET /projects/1001/datasets?q=&page=1&per=10 HTTP/1.1" 200 OK
2026-05-08 13:58:08,907 INFO sqlalchemy.engine.Engine ROLLBACK
2026-05-08 13:58:08,908 INFO sqlalchemy.engine.Engine SELECT datasets.parent_id, count(datasets.id) AS count_1 
FROM datasets 
WHERE datasets.parent_id IN (?, ?, ?, ?, ?, ?, ?, ?, ?, ?, ?, ?, ?, ?, ?, ?, ?, ?, ?, ?, ?, ?, ?, ?, ?, ?, ?, ?, ?, ?, ?, ?, ?, ?, ?, ?, ?, ?, ?, ?, ?, ?, ?, ?, ?, ?, ?, ?, ?, ?, ?, ?, ?, ?, ?, ?, ?, ?, ?, ?, ?, ?, ?) GROUP BY datasets.parent_id
2026-05-08 13:58:08,908 INFO sqlalchemy.engine.Engine [cached since 1.705e+04s ago] (129, 130, 131, 132, 133, 137, 265, 266, 267, 141, 268, 269, 270, 17, 18, 19, 20, 145, 147, 23, 150, 151, 152, 153, 154, 155, 37, 39, 168, 169, 44, 172, 173, 47, 51, 179, 53, 54, 180, 182, 185, 186, 188, 189, 190, 199, 200, 201, 202, 203, 205, 206, 272, 220, 221, 222, 273, 224, 228, 234, 243, 245, 127)
INFO:     130.60.193.7:50275 - "GET /projects/1001/datasets/tree HTTP/1.1" 200 OK
2026-05-08 13:58:08,908 INFO sqlalchemy.engine.Engine ROLLBACK
INFO:     130.60.193.7:50277 - "GET /auth/me HTTP/1.1" 200 OK
INFO:     130.60.193.7:50277 - "GET /projects/ HTTP/1.1" 200 OK
2026-05-08 14:00:34,710 INFO sqlalchemy.engine.Engine BEGIN (implicit)
2026-05-08 14:00:34,710 INFO sqlalchemy.engine.Engine SELECT count(*) AS count_1 
FROM datasets JOIN projects ON datasets.project_id = projects.id 
WHERE projects.number = ?
2026-05-08 14:00:34,710 INFO sqlalchemy.engine.Engine [cached since 1.741e+04s ago] (1001,)
2026-05-08 14:00:34,711 INFO sqlalchemy.engine.Engine SELECT datasets.id, datasets.project_id, datasets.parent_id, datasets.user_id, datasets.name, datasets.md5, datasets.comment, datasets.num_samples, datasets.completed_samples, datasets.sushi_app_name, datasets.job_parameters, datasets.bfabric_id, datasets.workunit_id, datasets.order_ids, datasets.created_at, datasets.updated_at 
FROM datasets JOIN projects ON datasets.project_id = projects.id 
WHERE projects.number = ? ORDER BY datasets.created_at DESC
 LIMIT ? OFFSET ?
2026-05-08 14:00:34,711 INFO sqlalchemy.engine.Engine [cached since 1.741e+04s ago] (1001, 10, 0)
2026-05-08 14:00:34,724 INFO sqlalchemy.engine.Engine SELECT users.id, users.login, users.email 
FROM users 
WHERE users.id IN (?)
2026-05-08 14:00:34,724 INFO sqlalchemy.engine.Engine [cached since 1.741e+04s ago] (2,)
2026-05-08 14:00:34,725 INFO sqlalchemy.engine.Engine BEGIN (implicit)
2026-05-08 14:00:34,725 INFO sqlalchemy.engine.Engine SELECT datasets.id, datasets.parent_id, datasets.name, datasets.comment 
FROM datasets JOIN projects ON datasets.project_id = projects.id 
WHERE projects.number = ?
2026-05-08 14:00:34,725 INFO sqlalchemy.engine.Engine [cached since 1.72e+04s ago] (1001,)
2026-05-08 14:00:34,726 INFO sqlalchemy.engine.Engine SELECT datasets.id, datasets.parent_id 
FROM datasets 
WHERE datasets.parent_id IN (?, ?, ?, ?, ?, ?, ?, ?, ?, ?)
2026-05-08 14:00:34,726 INFO sqlalchemy.engine.Engine [cached since 1.741e+04s ago] (273, 272, 270, 269, 268, 267, 266, 265, 245, 243)
INFO:     130.60.193.7:50289 - "GET /auth/login_options HTTP/1.1" 200 OK
INFO:     130.60.193.7:50290 - "GET /projects/1001/datasets?q=&page=1&per=10 HTTP/1.1" 200 OK
2026-05-08 14:00:34,727 INFO sqlalchemy.engine.Engine ROLLBACK
2026-05-08 14:00:34,728 INFO sqlalchemy.engine.Engine SELECT datasets.parent_id, count(datasets.id) AS count_1 
FROM datasets 
WHERE datasets.parent_id IN (?, ?, ?, ?, ?, ?, ?, ?, ?, ?, ?, ?, ?, ?, ?, ?, ?, ?, ?, ?, ?, ?, ?, ?, ?, ?, ?, ?, ?, ?, ?, ?, ?, ?, ?, ?, ?, ?, ?, ?, ?, ?, ?, ?, ?, ?, ?, ?, ?, ?, ?, ?, ?, ?, ?, ?, ?, ?, ?, ?, ?, ?, ?) GROUP BY datasets.parent_id
2026-05-08 14:00:34,728 INFO sqlalchemy.engine.Engine [cached since 1.72e+04s ago] (129, 130, 131, 132, 133, 137, 265, 266, 267, 141, 268, 269, 270, 17, 18, 19, 20, 145, 147, 23, 150, 151, 152, 153, 154, 155, 37, 39, 168, 169, 44, 172, 173, 47, 51, 179, 53, 54, 180, 182, 185, 186, 188, 189, 190, 199, 200, 201, 202, 203, 205, 206, 272, 220, 221, 222, 273, 224, 228, 234, 243, 245, 127)
INFO:     130.60.193.7:50291 - "GET /projects/1001/datasets/tree HTTP/1.1" 200 OK
2026-05-08 14:00:34,729 INFO sqlalchemy.engine.Engine ROLLBACK
INFO:     130.60.193.7:50289 - "GET /auth/me HTTP/1.1" 200 OK
INFO:     130.60.193.7:50289 - "GET /projects/ HTTP/1.1" 200 OK
2026-05-08 14:00:59,195 INFO sqlalchemy.engine.Engine BEGIN (implicit)
INFO:     130.60.193.7:50301 - "GET /auth/login_options HTTP/1.1" 200 OK
2026-05-08 14:00:59,208 INFO sqlalchemy.engine.Engine SELECT count(*) AS count_1 
FROM datasets JOIN projects ON datasets.project_id = projects.id 
WHERE projects.number = ?
2026-05-08 14:00:59,209 INFO sqlalchemy.engine.Engine [cached since 1.744e+04s ago] (1001,)
2026-05-08 14:00:59,210 INFO sqlalchemy.engine.Engine SELECT datasets.id, datasets.project_id, datasets.parent_id, datasets.user_id, datasets.name, datasets.md5, datasets.comment, datasets.num_samples, datasets.completed_samples, datasets.sushi_app_name, datasets.job_parameters, datasets.bfabric_id, datasets.workunit_id, datasets.order_ids, datasets.created_at, datasets.updated_at 
FROM datasets JOIN projects ON datasets.project_id = projects.id 
WHERE projects.number = ? ORDER BY datasets.created_at DESC
 LIMIT ? OFFSET ?
2026-05-08 14:00:59,210 INFO sqlalchemy.engine.Engine [cached since 1.744e+04s ago] (1001, 10, 0)
2026-05-08 14:00:59,211 INFO sqlalchemy.engine.Engine BEGIN (implicit)
2026-05-08 14:00:59,211 INFO sqlalchemy.engine.Engine SELECT datasets.id, datasets.parent_id, datasets.name, datasets.comment 
FROM datasets JOIN projects ON datasets.project_id = projects.id 
WHERE projects.number = ?
2026-05-08 14:00:59,211 INFO sqlalchemy.engine.Engine [cached since 1.722e+04s ago] (1001,)
2026-05-08 14:00:59,212 INFO sqlalchemy.engine.Engine SELECT datasets.parent_id, count(datasets.id) AS count_1 
FROM datasets 
WHERE datasets.parent_id IN (?, ?, ?, ?, ?, ?, ?, ?, ?, ?, ?, ?, ?, ?, ?, ?, ?, ?, ?, ?, ?, ?, ?, ?, ?, ?, ?, ?, ?, ?, ?, ?, ?, ?, ?, ?, ?, ?, ?, ?, ?, ?, ?, ?, ?, ?, ?, ?, ?, ?, ?, ?, ?, ?, ?, ?, ?, ?, ?, ?, ?, ?, ?) GROUP BY datasets.parent_id
2026-05-08 14:00:59,212 INFO sqlalchemy.engine.Engine [cached since 1.722e+04s ago] (129, 130, 131, 132, 133, 137, 265, 266, 267, 141, 268, 269, 270, 17, 18, 19, 20, 145, 147, 23, 150, 151, 152, 153, 154, 155, 37, 39, 168, 169, 44, 172, 173, 47, 51, 179, 53, 54, 180, 182, 185, 186, 188, 189, 190, 199, 200, 201, 202, 203, 205, 206, 272, 220, 221, 222, 273, 224, 228, 234, 243, 245, 127)
2026-05-08 14:00:59,222 INFO sqlalchemy.engine.Engine SELECT users.id, users.login, users.email 
FROM users 
WHERE users.id IN (?)
2026-05-08 14:00:59,222 INFO sqlalchemy.engine.Engine [cached since 1.744e+04s ago] (2,)
2026-05-08 14:00:59,223 INFO sqlalchemy.engine.Engine SELECT datasets.id, datasets.parent_id 
FROM datasets 
WHERE datasets.parent_id IN (?, ?, ?, ?, ?, ?, ?, ?, ?, ?)
2026-05-08 14:00:59,223 INFO sqlalchemy.engine.Engine [cached since 1.744e+04s ago] (273, 272, 270, 269, 268, 267, 266, 265, 245, 243)
INFO:     130.60.193.7:50299 - "GET /projects/1001/datasets?q=&page=1&per=10 HTTP/1.1" 200 OK
2026-05-08 14:00:59,224 INFO sqlalchemy.engine.Engine ROLLBACK
INFO:     130.60.193.7:50300 - "GET /projects/1001/datasets/tree HTTP/1.1" 200 OK
2026-05-08 14:00:59,225 INFO sqlalchemy.engine.Engine ROLLBACK
INFO:     130.60.193.7:50301 - "GET /auth/me HTTP/1.1" 200 OK
INFO:     130.60.193.7:50301 - "GET /projects/ HTTP/1.1" 200 OK
INFO:     130.60.193.7:50306 - "GET /auth/login_options HTTP/1.1" 200 OK
2026-05-08 14:03:05,365 INFO sqlalchemy.engine.Engine BEGIN (implicit)
2026-05-08 14:03:05,365 INFO sqlalchemy.engine.Engine SELECT count(*) AS count_1 
FROM datasets JOIN projects ON datasets.project_id = projects.id 
WHERE projects.number = ?
2026-05-08 14:03:05,365 INFO sqlalchemy.engine.Engine [cached since 1.756e+04s ago] (1001,)
2026-05-08 14:03:05,366 INFO sqlalchemy.engine.Engine SELECT datasets.id, datasets.project_id, datasets.parent_id, datasets.user_id, datasets.name, datasets.md5, datasets.comment, datasets.num_samples, datasets.completed_samples, datasets.sushi_app_name, datasets.job_parameters, datasets.bfabric_id, datasets.workunit_id, datasets.order_ids, datasets.created_at, datasets.updated_at 
FROM datasets JOIN projects ON datasets.project_id = projects.id 
WHERE projects.number = ? ORDER BY datasets.created_at DESC
 LIMIT ? OFFSET ?
2026-05-08 14:03:05,366 INFO sqlalchemy.engine.Engine [cached since 1.756e+04s ago] (1001, 10, 0)
2026-05-08 14:03:05,366 INFO sqlalchemy.engine.Engine BEGIN (implicit)
2026-05-08 14:03:05,366 INFO sqlalchemy.engine.Engine SELECT datasets.id, datasets.parent_id, datasets.name, datasets.comment 
FROM datasets JOIN projects ON datasets.project_id = projects.id 
WHERE projects.number = ?
2026-05-08 14:03:05,367 INFO sqlalchemy.engine.Engine [cached since 1.735e+04s ago] (1001,)
2026-05-08 14:03:05,379 INFO sqlalchemy.engine.Engine SELECT users.id, users.login, users.email 
FROM users 
WHERE users.id IN (?)
2026-05-08 14:03:05,379 INFO sqlalchemy.engine.Engine [cached since 1.756e+04s ago] (2,)
2026-05-08 14:03:05,379 INFO sqlalchemy.engine.Engine SELECT datasets.id, datasets.parent_id 
FROM datasets 
WHERE datasets.parent_id IN (?, ?, ?, ?, ?, ?, ?, ?, ?, ?)
2026-05-08 14:03:05,379 INFO sqlalchemy.engine.Engine [cached since 1.756e+04s ago] (273, 272, 270, 269, 268, 267, 266, 265, 245, 243)
2026-05-08 14:03:05,380 INFO sqlalchemy.engine.Engine SELECT datasets.parent_id, count(datasets.id) AS count_1 
FROM datasets 
WHERE datasets.parent_id IN (?, ?, ?, ?, ?, ?, ?, ?, ?, ?, ?, ?, ?, ?, ?, ?, ?, ?, ?, ?, ?, ?, ?, ?, ?, ?, ?, ?, ?, ?, ?, ?, ?, ?, ?, ?, ?, ?, ?, ?, ?, ?, ?, ?, ?, ?, ?, ?, ?, ?, ?, ?, ?, ?, ?, ?, ?, ?, ?, ?, ?, ?, ?) GROUP BY datasets.parent_id
2026-05-08 14:03:05,381 INFO sqlalchemy.engine.Engine [cached since 1.735e+04s ago] (129, 130, 131, 132, 133, 137, 265, 266, 267, 141, 268, 269, 270, 17, 18, 19, 20, 145, 147, 23, 150, 151, 152, 153, 154, 155, 37, 39, 168, 169, 44, 172, 173, 47, 51, 179, 53, 54, 180, 182, 185, 186, 188, 189, 190, 199, 200, 201, 202, 203, 205, 206, 272, 220, 221, 222, 273, 224, 228, 234, 243, 245, 127)
INFO:     130.60.193.7:50308 - "GET /projects/1001/datasets?q=&page=1&per=10 HTTP/1.1" 200 OK
2026-05-08 14:03:05,382 INFO sqlalchemy.engine.Engine ROLLBACK
INFO:     130.60.193.7:50306 - "GET /auth/me HTTP/1.1" 200 OK
INFO:     130.60.193.7:50307 - "GET /projects/1001/datasets/tree HTTP/1.1" 200 OK
2026-05-08 14:03:05,383 INFO sqlalchemy.engine.Engine ROLLBACK
INFO:     130.60.193.7:50307 - "GET /projects/ HTTP/1.1" 200 OK
INFO:     130.60.193.7:50306 - "GET /auth/login_options HTTP/1.1" 200 OK
2026-05-08 14:03:05,778 INFO sqlalchemy.engine.Engine BEGIN (implicit)
2026-05-08 14:03:05,778 INFO sqlalchemy.engine.Engine SELECT datasets.id, datasets.parent_id, datasets.name, datasets.comment 
FROM datasets JOIN projects ON datasets.project_id = projects.id 
WHERE projects.number = ?
2026-05-08 14:03:05,778 INFO sqlalchemy.engine.Engine [cached since 1.735e+04s ago] (1001,)
2026-05-08 14:03:05,779 INFO sqlalchemy.engine.Engine SELECT datasets.parent_id, count(datasets.id) AS count_1 
FROM datasets 
WHERE datasets.parent_id IN (?, ?, ?, ?, ?, ?, ?, ?, ?, ?, ?, ?, ?, ?, ?, ?, ?, ?, ?, ?, ?, ?, ?, ?, ?, ?, ?, ?, ?, ?, ?, ?, ?, ?, ?, ?, ?, ?, ?, ?, ?, ?, ?, ?, ?, ?, ?, ?, ?, ?, ?, ?, ?, ?, ?, ?, ?, ?, ?, ?, ?, ?, ?) GROUP BY datasets.parent_id
2026-05-08 14:03:05,779 INFO sqlalchemy.engine.Engine [cached since 1.735e+04s ago] (129, 130, 131, 132, 133, 137, 265, 266, 267, 141, 268, 269, 270, 17, 18, 19, 20, 145, 147, 23, 150, 151, 152, 153, 154, 155, 37, 39, 168, 169, 44, 172, 173, 47, 51, 179, 53, 54, 180, 182, 185, 186, 188, 189, 190, 199, 200, 201, 202, 203, 205, 206, 272, 220, 221, 222, 273, 224, 228, 234, 243, 245, 127)
2026-05-08 14:03:05,779 INFO sqlalchemy.engine.Engine BEGIN (implicit)
2026-05-08 14:03:05,779 INFO sqlalchemy.engine.Engine SELECT count(*) AS count_1 
FROM datasets JOIN projects ON datasets.project_id = projects.id 
WHERE projects.number = ?
2026-05-08 14:03:05,779 INFO sqlalchemy.engine.Engine [cached since 1.756e+04s ago] (1001,)
2026-05-08 14:03:05,780 INFO sqlalchemy.engine.Engine SELECT datasets.id, datasets.project_id, datasets.parent_id, datasets.user_id, datasets.name, datasets.md5, datasets.comment, datasets.num_samples, datasets.completed_samples, datasets.sushi_app_name, datasets.job_parameters, datasets.bfabric_id, datasets.workunit_id, datasets.order_ids, datasets.created_at, datasets.updated_at 
FROM datasets JOIN projects ON datasets.project_id = projects.id 
WHERE projects.number = ? ORDER BY datasets.created_at DESC
 LIMIT ? OFFSET ?
2026-05-08 14:03:05,780 INFO sqlalchemy.engine.Engine [cached since 1.756e+04s ago] (1001, 10, 0)
INFO:     130.60.193.7:50306 - "GET /auth/me HTTP/1.1" 200 OK
2026-05-08 14:03:05,793 INFO sqlalchemy.engine.Engine SELECT users.id, users.login, users.email 
FROM users 
WHERE users.id IN (?)
2026-05-08 14:03:05,793 INFO sqlalchemy.engine.Engine [cached since 1.756e+04s ago] (2,)
2026-05-08 14:03:05,793 INFO sqlalchemy.engine.Engine SELECT datasets.id, datasets.parent_id 
FROM datasets 
WHERE datasets.parent_id IN (?, ?, ?, ?, ?, ?, ?, ?, ?, ?)
2026-05-08 14:03:05,794 INFO sqlalchemy.engine.Engine [cached since 1.756e+04s ago] (273, 272, 270, 269, 268, 267, 266, 265, 245, 243)
INFO:     130.60.193.7:50308 - "GET /projects/1001/datasets/tree HTTP/1.1" 200 OK
INFO:     130.60.193.7:50307 - "GET /projects/1001/datasets?q=&page=1&per=10 HTTP/1.1" 200 OK
2026-05-08 14:03:05,795 INFO sqlalchemy.engine.Engine ROLLBACK
2026-05-08 14:03:05,795 INFO sqlalchemy.engine.Engine ROLLBACK
INFO:     130.60.193.7:50306 - "GET /projects/ HTTP/1.1" 200 OK
2026-05-08 14:04:11,841 INFO sqlalchemy.engine.Engine BEGIN (implicit)
2026-05-08 14:04:11,842 INFO sqlalchemy.engine.Engine SELECT datasets.id, datasets.parent_id, datasets.name, datasets.comment 
FROM datasets JOIN projects ON datasets.project_id = projects.id 
WHERE projects.number = ?
2026-05-08 14:04:11,842 INFO sqlalchemy.engine.Engine [cached since 1.741e+04s ago] (1001,)
2026-05-08 14:04:11,843 INFO sqlalchemy.engine.Engine SELECT datasets.parent_id, count(datasets.id) AS count_1 
FROM datasets 
WHERE datasets.parent_id IN (?, ?, ?, ?, ?, ?, ?, ?, ?, ?, ?, ?, ?, ?, ?, ?, ?, ?, ?, ?, ?, ?, ?, ?, ?, ?, ?, ?, ?, ?, ?, ?, ?, ?, ?, ?, ?, ?, ?, ?, ?, ?, ?, ?, ?, ?, ?, ?, ?, ?, ?, ?, ?, ?, ?, ?, ?, ?, ?, ?, ?, ?, ?) GROUP BY datasets.parent_id
2026-05-08 14:04:11,843 INFO sqlalchemy.engine.Engine [cached since 1.741e+04s ago] (129, 130, 131, 132, 133, 137, 265, 266, 267, 141, 268, 269, 270, 17, 18, 19, 20, 145, 147, 23, 150, 151, 152, 153, 154, 155, 37, 39, 168, 169, 44, 172, 173, 47, 51, 179, 53, 54, 180, 182, 185, 186, 188, 189, 190, 199, 200, 201, 202, 203, 205, 206, 272, 220, 221, 222, 273, 224, 228, 234, 243, 245, 127)
INFO:     130.60.193.7:50315 - "GET /projects/1001/datasets/tree HTTP/1.1" 200 OK
2026-05-08 14:04:11,844 INFO sqlalchemy.engine.Engine BEGIN (implicit)
2026-05-08 14:04:11,844 INFO sqlalchemy.engine.Engine SELECT count(*) AS count_1 
FROM datasets JOIN projects ON datasets.project_id = projects.id 
WHERE projects.number = ?
2026-05-08 14:04:11,844 INFO sqlalchemy.engine.Engine [cached since 1.763e+04s ago] (1001,)
2026-05-08 14:04:11,844 INFO sqlalchemy.engine.Engine ROLLBACK
2026-05-08 14:04:11,845 INFO sqlalchemy.engine.Engine SELECT datasets.id, datasets.project_id, datasets.parent_id, datasets.user_id, datasets.name, datasets.md5, datasets.comment, datasets.num_samples, datasets.completed_samples, datasets.sushi_app_name, datasets.job_parameters, datasets.bfabric_id, datasets.workunit_id, datasets.order_ids, datasets.created_at, datasets.updated_at 
FROM datasets JOIN projects ON datasets.project_id = projects.id 
WHERE projects.number = ? ORDER BY datasets.created_at DESC
 LIMIT ? OFFSET ?
2026-05-08 14:04:11,845 INFO sqlalchemy.engine.Engine [cached since 1.763e+04s ago] (1001, 10, 0)
2026-05-08 14:04:11,855 INFO sqlalchemy.engine.Engine SELECT users.id, users.login, users.email 
FROM users 
WHERE users.id IN (?)
2026-05-08 14:04:11,855 INFO sqlalchemy.engine.Engine [cached since 1.763e+04s ago] (2,)
2026-05-08 14:04:11,856 INFO sqlalchemy.engine.Engine SELECT datasets.id, datasets.parent_id 
FROM datasets 
WHERE datasets.parent_id IN (?, ?, ?, ?, ?, ?, ?, ?, ?, ?)
2026-05-08 14:04:11,856 INFO sqlalchemy.engine.Engine [cached since 1.763e+04s ago] (273, 272, 270, 269, 268, 267, 266, 265, 245, 243)
INFO:     130.60.193.7:50316 - "GET /projects/1001/datasets?q=&page=1&per=10 HTTP/1.1" 200 OK
2026-05-08 14:04:11,857 INFO sqlalchemy.engine.Engine ROLLBACK
2026-05-08 14:04:18,747 INFO sqlalchemy.engine.Engine BEGIN (implicit)
2026-05-08 14:04:18,747 INFO sqlalchemy.engine.Engine SELECT count(*) AS count_1 
FROM datasets JOIN projects ON datasets.project_id = projects.id 
WHERE projects.number = ?
2026-05-08 14:04:18,747 INFO sqlalchemy.engine.Engine [cached since 1.764e+04s ago] (1001,)
2026-05-08 14:04:18,748 INFO sqlalchemy.engine.Engine SELECT datasets.id, datasets.project_id, datasets.parent_id, datasets.user_id, datasets.name, datasets.md5, datasets.comment, datasets.num_samples, datasets.completed_samples, datasets.sushi_app_name, datasets.job_parameters, datasets.bfabric_id, datasets.workunit_id, datasets.order_ids, datasets.created_at, datasets.updated_at 
FROM datasets JOIN projects ON datasets.project_id = projects.id 
WHERE projects.number = ? ORDER BY datasets.created_at DESC
 LIMIT ? OFFSET ?
2026-05-08 14:04:18,748 INFO sqlalchemy.engine.Engine [cached since 1.764e+04s ago] (1001, 10, 0)
2026-05-08 14:04:18,758 INFO sqlalchemy.engine.Engine SELECT users.id, users.login, users.email 
FROM users 
WHERE users.id IN (?)
2026-05-08 14:04:18,759 INFO sqlalchemy.engine.Engine [cached since 1.764e+04s ago] (2,)
2026-05-08 14:04:18,759 INFO sqlalchemy.engine.Engine SELECT datasets.id, datasets.parent_id 
FROM datasets 
WHERE datasets.parent_id IN (?, ?, ?, ?, ?, ?, ?, ?, ?, ?)
2026-05-08 14:04:18,759 INFO sqlalchemy.engine.Engine [cached since 1.764e+04s ago] (273, 272, 270, 269, 268, 267, 266, 265, 245, 243)
INFO:     130.60.193.7:50326 - "GET /projects/1001/datasets?q=&page=1&per=10 HTTP/1.1" 200 OK
2026-05-08 14:04:18,760 INFO sqlalchemy.engine.Engine ROLLBACK
2026-05-08 14:04:18,761 INFO sqlalchemy.engine.Engine BEGIN (implicit)
2026-05-08 14:04:18,761 INFO sqlalchemy.engine.Engine SELECT datasets.id, datasets.parent_id, datasets.name, datasets.comment 
FROM datasets JOIN projects ON datasets.project_id = projects.id 
WHERE projects.number = ?
2026-05-08 14:04:18,761 INFO sqlalchemy.engine.Engine [cached since 1.742e+04s ago] (1001,)
2026-05-08 14:04:18,762 INFO sqlalchemy.engine.Engine SELECT datasets.parent_id, count(datasets.id) AS count_1 
FROM datasets 
WHERE datasets.parent_id IN (?, ?, ?, ?, ?, ?, ?, ?, ?, ?, ?, ?, ?, ?, ?, ?, ?, ?, ?, ?, ?, ?, ?, ?, ?, ?, ?, ?, ?, ?, ?, ?, ?, ?, ?, ?, ?, ?, ?, ?, ?, ?, ?, ?, ?, ?, ?, ?, ?, ?, ?, ?, ?, ?, ?, ?, ?, ?, ?, ?, ?, ?, ?) GROUP BY datasets.parent_id
2026-05-08 14:04:18,762 INFO sqlalchemy.engine.Engine [cached since 1.742e+04s ago] (129, 130, 131, 132, 133, 137, 265, 266, 267, 141, 268, 269, 270, 17, 18, 19, 20, 145, 147, 23, 150, 151, 152, 153, 154, 155, 37, 39, 168, 169, 44, 172, 173, 47, 51, 179, 53, 54, 180, 182, 185, 186, 188, 189, 190, 199, 200, 201, 202, 203, 205, 206, 272, 220, 221, 222, 273, 224, 228, 234, 243, 245, 127)
INFO:     130.60.193.7:50325 - "GET /projects/1001/datasets/tree HTTP/1.1" 200 OK
2026-05-08 14:04:18,762 INFO sqlalchemy.engine.Engine ROLLBACK
INFO:     130.60.193.7:50327 - "GET /auth/login_options HTTP/1.1" 200 OK
INFO:     130.60.193.7:50325 - "GET /auth/me HTTP/1.1" 200 OK
INFO:     130.60.193.7:50325 - "GET /projects/ HTTP/1.1" 200 OK
INFO:     130.60.193.7:50330 - "OPTIONS /projects/1001/datasets?q=&page=1&per=10 HTTP/1.1" 200 OK
INFO:     130.60.193.7:50331 - "OPTIONS /projects/1001/datasets/tree HTTP/1.1" 200 OK
INFO:     130.60.193.7:50332 - "OPTIONS /auth/login_options HTTP/1.1" 200 OK
2026-05-08 14:06:11,235 INFO sqlalchemy.engine.Engine BEGIN (implicit)
2026-05-08 14:06:11,236 INFO sqlalchemy.engine.Engine SELECT count(*) AS count_1 
FROM datasets JOIN projects ON datasets.project_id = projects.id 
WHERE projects.number = ?
2026-05-08 14:06:11,236 INFO sqlalchemy.engine.Engine [cached since 1.775e+04s ago] (1001,)
2026-05-08 14:06:11,236 INFO sqlalchemy.engine.Engine SELECT datasets.id, datasets.project_id, datasets.parent_id, datasets.user_id, datasets.name, datasets.md5, datasets.comment, datasets.num_samples, datasets.completed_samples, datasets.sushi_app_name, datasets.job_parameters, datasets.bfabric_id, datasets.workunit_id, datasets.order_ids, datasets.created_at, datasets.updated_at 
FROM datasets JOIN projects ON datasets.project_id = projects.id 
WHERE projects.number = ? ORDER BY datasets.created_at DESC
 LIMIT ? OFFSET ?
2026-05-08 14:06:11,236 INFO sqlalchemy.engine.Engine [cached since 1.775e+04s ago] (1001, 10, 0)
2026-05-08 14:06:11,247 INFO sqlalchemy.engine.Engine SELECT users.id, users.login, users.email 
FROM users 
WHERE users.id IN (?)
2026-05-08 14:06:11,247 INFO sqlalchemy.engine.Engine [cached since 1.775e+04s ago] (2,)
2026-05-08 14:06:11,247 INFO sqlalchemy.engine.Engine SELECT datasets.id, datasets.parent_id 
FROM datasets 
WHERE datasets.parent_id IN (?, ?, ?, ?, ?, ?, ?, ?, ?, ?)
2026-05-08 14:06:11,247 INFO sqlalchemy.engine.Engine [cached since 1.775e+04s ago] (273, 272, 270, 269, 268, 267, 266, 265, 245, 243)
INFO:     130.60.193.7:50334 - "GET /projects/1001/datasets?q=&page=1&per=10 HTTP/1.1" 200 OK
2026-05-08 14:06:11,249 INFO sqlalchemy.engine.Engine ROLLBACK
INFO:     130.60.193.7:50335 - "GET /auth/login_options HTTP/1.1" 200 OK
2026-05-08 14:06:11,250 INFO sqlalchemy.engine.Engine BEGIN (implicit)
2026-05-08 14:06:11,250 INFO sqlalchemy.engine.Engine SELECT datasets.id, datasets.parent_id, datasets.name, datasets.comment 
FROM datasets JOIN projects ON datasets.project_id = projects.id 
WHERE projects.number = ?
2026-05-08 14:06:11,250 INFO sqlalchemy.engine.Engine [cached since 1.753e+04s ago] (1001,)
2026-05-08 14:06:11,251 INFO sqlalchemy.engine.Engine SELECT datasets.parent_id, count(datasets.id) AS count_1 
FROM datasets 
WHERE datasets.parent_id IN (?, ?, ?, ?, ?, ?, ?, ?, ?, ?, ?, ?, ?, ?, ?, ?, ?, ?, ?, ?, ?, ?, ?, ?, ?, ?, ?, ?, ?, ?, ?, ?, ?, ?, ?, ?, ?, ?, ?, ?, ?, ?, ?, ?, ?, ?, ?, ?, ?, ?, ?, ?, ?, ?, ?, ?, ?, ?, ?, ?, ?, ?, ?) GROUP BY datasets.parent_id
2026-05-08 14:06:11,251 INFO sqlalchemy.engine.Engine [cached since 1.753e+04s ago] (129, 130, 131, 132, 133, 137, 265, 266, 267, 141, 268, 269, 270, 17, 18, 19, 20, 145, 147, 23, 150, 151, 152, 153, 154, 155, 37, 39, 168, 169, 44, 172, 173, 47, 51, 179, 53, 54, 180, 182, 185, 186, 188, 189, 190, 199, 200, 201, 202, 203, 205, 206, 272, 220, 221, 222, 273, 224, 228, 234, 243, 245, 127)
INFO:     130.60.193.7:50333 - "GET /projects/1001/datasets/tree HTTP/1.1" 200 OK
2026-05-08 14:06:11,252 INFO sqlalchemy.engine.Engine ROLLBACK
INFO:     130.60.193.7:50332 - "OPTIONS /auth/me HTTP/1.1" 200 OK
INFO:     130.60.193.7:50333 - "GET /auth/me HTTP/1.1" 200 OK
INFO:     130.60.193.7:50332 - "OPTIONS /projects/ HTTP/1.1" 200 OK
INFO:     130.60.193.7:50333 - "GET /projects/ HTTP/1.1" 200 OK
INFO:     130.60.193.7:50334 - "GET /auth/login_options HTTP/1.1" 200 OK
2026-05-08 14:06:11,632 INFO sqlalchemy.engine.Engine BEGIN (implicit)
2026-05-08 14:06:11,634 INFO sqlalchemy.engine.Engine SELECT count(*) AS count_1 
FROM datasets JOIN projects ON datasets.project_id = projects.id 
WHERE projects.number = ?
2026-05-08 14:06:11,634 INFO sqlalchemy.engine.Engine [cached since 1.775e+04s ago] (1001,)
2026-05-08 14:06:11,634 INFO sqlalchemy.engine.Engine SELECT datasets.id, datasets.project_id, datasets.parent_id, datasets.user_id, datasets.name, datasets.md5, datasets.comment, datasets.num_samples, datasets.completed_samples, datasets.sushi_app_name, datasets.job_parameters, datasets.bfabric_id, datasets.workunit_id, datasets.order_ids, datasets.created_at, datasets.updated_at 
FROM datasets JOIN projects ON datasets.project_id = projects.id 
WHERE projects.number = ? ORDER BY datasets.created_at DESC
 LIMIT ? OFFSET ?
2026-05-08 14:06:11,634 INFO sqlalchemy.engine.Engine [cached since 1.775e+04s ago] (1001, 10, 0)
2026-05-08 14:06:11,633 INFO sqlalchemy.engine.Engine BEGIN (implicit)
2026-05-08 14:06:11,641 INFO sqlalchemy.engine.Engine SELECT datasets.id, datasets.parent_id, datasets.name, datasets.comment 
FROM datasets JOIN projects ON datasets.project_id = projects.id 
WHERE projects.number = ?
2026-05-08 14:06:11,641 INFO sqlalchemy.engine.Engine [cached since 1.753e+04s ago] (1001,)
2026-05-08 14:06:11,642 INFO sqlalchemy.engine.Engine SELECT datasets.parent_id, count(datasets.id) AS count_1 
FROM datasets 
WHERE datasets.parent_id IN (?, ?, ?, ?, ?, ?, ?, ?, ?, ?, ?, ?, ?, ?, ?, ?, ?, ?, ?, ?, ?, ?, ?, ?, ?, ?, ?, ?, ?, ?, ?, ?, ?, ?, ?, ?, ?, ?, ?, ?, ?, ?, ?, ?, ?, ?, ?, ?, ?, ?, ?, ?, ?, ?, ?, ?, ?, ?, ?, ?, ?, ?, ?) GROUP BY datasets.parent_id
2026-05-08 14:06:11,642 INFO sqlalchemy.engine.Engine [cached since 1.753e+04s ago] (129, 130, 131, 132, 133, 137, 265, 266, 267, 141, 268, 269, 270, 17, 18, 19, 20, 145, 147, 23, 150, 151, 152, 153, 154, 155, 37, 39, 168, 169, 44, 172, 173, 47, 51, 179, 53, 54, 180, 182, 185, 186, 188, 189, 190, 199, 200, 201, 202, 203, 205, 206, 272, 220, 221, 222, 273, 224, 228, 234, 243, 245, 127)
INFO:     130.60.193.7:50335 - "GET /projects/1001/datasets/tree HTTP/1.1" 200 OK
2026-05-08 14:06:11,649 INFO sqlalchemy.engine.Engine ROLLBACK
INFO:     130.60.193.7:50334 - "GET /auth/me HTTP/1.1" 200 OK
2026-05-08 14:06:11,650 INFO sqlalchemy.engine.Engine SELECT users.id, users.login, users.email 
FROM users 
WHERE users.id IN (?)
2026-05-08 14:06:11,650 INFO sqlalchemy.engine.Engine [cached since 1.775e+04s ago] (2,)
2026-05-08 14:06:11,650 INFO sqlalchemy.engine.Engine SELECT datasets.id, datasets.parent_id 
FROM datasets 
WHERE datasets.parent_id IN (?, ?, ?, ?, ?, ?, ?, ?, ?, ?)
2026-05-08 14:06:11,650 INFO sqlalchemy.engine.Engine [cached since 1.775e+04s ago] (273, 272, 270, 269, 268, 267, 266, 265, 245, 243)
INFO:     130.60.193.7:50333 - "GET /projects/1001/datasets?q=&page=1&per=10 HTTP/1.1" 200 OK
2026-05-08 14:06:11,651 INFO sqlalchemy.engine.Engine ROLLBACK
INFO:     130.60.193.7:50333 - "GET /projects/ HTTP/1.1" 200 OK
2026-05-08 14:09:03,190 INFO sqlalchemy.engine.Engine BEGIN (implicit)
2026-05-08 14:09:03,191 INFO sqlalchemy.engine.Engine SELECT count(*) AS count_1 
FROM datasets JOIN projects ON datasets.project_id = projects.id 
WHERE projects.number = ?
2026-05-08 14:09:03,191 INFO sqlalchemy.engine.Engine [cached since 1.792e+04s ago] (1001,)
2026-05-08 14:09:03,192 INFO sqlalchemy.engine.Engine SELECT datasets.id, datasets.project_id, datasets.parent_id, datasets.user_id, datasets.name, datasets.md5, datasets.comment, datasets.num_samples, datasets.completed_samples, datasets.sushi_app_name, datasets.job_parameters, datasets.bfabric_id, datasets.workunit_id, datasets.order_ids, datasets.created_at, datasets.updated_at 
FROM datasets JOIN projects ON datasets.project_id = projects.id 
WHERE projects.number = ? ORDER BY datasets.created_at DESC
 LIMIT ? OFFSET ?
2026-05-08 14:09:03,192 INFO sqlalchemy.engine.Engine BEGIN (implicit)
2026-05-08 14:09:03,192 INFO sqlalchemy.engine.Engine [cached since 1.792e+04s ago] (1001, 10, 0)
2026-05-08 14:09:03,193 INFO sqlalchemy.engine.Engine SELECT datasets.id, datasets.parent_id, datasets.name, datasets.comment 
FROM datasets JOIN projects ON datasets.project_id = projects.id 
WHERE projects.number = ?
2026-05-08 14:09:03,193 INFO sqlalchemy.engine.Engine [cached since 1.771e+04s ago] (1001,)
2026-05-08 14:09:03,204 INFO sqlalchemy.engine.Engine SELECT users.id, users.login, users.email 
FROM users 
WHERE users.id IN (?)
2026-05-08 14:09:03,204 INFO sqlalchemy.engine.Engine [cached since 1.792e+04s ago] (2,)
2026-05-08 14:09:03,205 INFO sqlalchemy.engine.Engine SELECT datasets.id, datasets.parent_id 
FROM datasets 
WHERE datasets.parent_id IN (?, ?, ?, ?, ?, ?, ?, ?, ?, ?)
2026-05-08 14:09:03,205 INFO sqlalchemy.engine.Engine [cached since 1.792e+04s ago] (273, 272, 270, 269, 268, 267, 266, 265, 245, 243)
INFO:     130.60.193.7:50346 - "GET /projects/1001/datasets?q=&page=1&per=10 HTTP/1.1" 200 OK
2026-05-08 14:09:03,205 INFO sqlalchemy.engine.Engine ROLLBACK
2026-05-08 14:09:03,206 INFO sqlalchemy.engine.Engine SELECT datasets.parent_id, count(datasets.id) AS count_1 
FROM datasets 
WHERE datasets.parent_id IN (?, ?, ?, ?, ?, ?, ?, ?, ?, ?, ?, ?, ?, ?, ?, ?, ?, ?, ?, ?, ?, ?, ?, ?, ?, ?, ?, ?, ?, ?, ?, ?, ?, ?, ?, ?, ?, ?, ?, ?, ?, ?, ?, ?, ?, ?, ?, ?, ?, ?, ?, ?, ?, ?, ?, ?, ?, ?, ?, ?, ?, ?, ?) GROUP BY datasets.parent_id
2026-05-08 14:09:03,206 INFO sqlalchemy.engine.Engine [cached since 1.771e+04s ago] (129, 130, 131, 132, 133, 137, 265, 266, 267, 141, 268, 269, 270, 17, 18, 19, 20, 145, 147, 23, 150, 151, 152, 153, 154, 155, 37, 39, 168, 169, 44, 172, 173, 47, 51, 179, 53, 54, 180, 182, 185, 186, 188, 189, 190, 199, 200, 201, 202, 203, 205, 206, 272, 220, 221, 222, 273, 224, 228, 234, 243, 245, 127)
INFO:     130.60.193.7:50347 - "GET /projects/1001/datasets/tree HTTP/1.1" 200 OK
2026-05-08 14:09:03,207 INFO sqlalchemy.engine.Engine ROLLBACK
2026-05-08 14:10:03,063 INFO sqlalchemy.engine.Engine BEGIN (implicit)
2026-05-08 14:10:03,063 INFO sqlalchemy.engine.Engine SELECT count(*) AS count_1 
FROM datasets JOIN projects ON datasets.project_id = projects.id 
WHERE projects.number = ?
2026-05-08 14:10:03,063 INFO sqlalchemy.engine.Engine [cached since 1.798e+04s ago] (1001,)
2026-05-08 14:10:03,064 INFO sqlalchemy.engine.Engine SELECT datasets.id, datasets.project_id, datasets.parent_id, datasets.user_id, datasets.name, datasets.md5, datasets.comment, datasets.num_samples, datasets.completed_samples, datasets.sushi_app_name, datasets.job_parameters, datasets.bfabric_id, datasets.workunit_id, datasets.order_ids, datasets.created_at, datasets.updated_at 
FROM datasets JOIN projects ON datasets.project_id = projects.id 
WHERE projects.number = ? ORDER BY datasets.created_at DESC
 LIMIT ? OFFSET ?
2026-05-08 14:10:03,064 INFO sqlalchemy.engine.Engine [cached since 1.798e+04s ago] (1001, 10, 0)
2026-05-08 14:10:03,075 INFO sqlalchemy.engine.Engine SELECT users.id, users.login, users.email 
FROM users 
WHERE users.id IN (?)
2026-05-08 14:10:03,075 INFO sqlalchemy.engine.Engine [cached since 1.798e+04s ago] (2,)
2026-05-08 14:10:03,076 INFO sqlalchemy.engine.Engine SELECT datasets.id, datasets.parent_id 
FROM datasets 
WHERE datasets.parent_id IN (?, ?, ?, ?, ?, ?, ?, ?, ?, ?)
2026-05-08 14:10:03,076 INFO sqlalchemy.engine.Engine [cached since 1.798e+04s ago] (273, 272, 270, 269, 268, 267, 266, 265, 245, 243)
INFO:     130.60.193.7:50358 - "GET /projects/1001/datasets?q=&page=1&per=10 HTTP/1.1" 200 OK
2026-05-08 14:10:03,078 INFO sqlalchemy.engine.Engine ROLLBACK
INFO:     130.60.193.7:50357 - "GET /auth/login_options HTTP/1.1" 200 OK
2026-05-08 14:10:03,080 INFO sqlalchemy.engine.Engine BEGIN (implicit)
2026-05-08 14:10:03,080 INFO sqlalchemy.engine.Engine SELECT datasets.id, datasets.parent_id, datasets.name, datasets.comment 
FROM datasets JOIN projects ON datasets.project_id = projects.id 
WHERE projects.number = ?
2026-05-08 14:10:03,080 INFO sqlalchemy.engine.Engine [cached since 1.777e+04s ago] (1001,)
2026-05-08 14:10:03,081 INFO sqlalchemy.engine.Engine SELECT datasets.parent_id, count(datasets.id) AS count_1 
FROM datasets 
WHERE datasets.parent_id IN (?, ?, ?, ?, ?, ?, ?, ?, ?, ?, ?, ?, ?, ?, ?, ?, ?, ?, ?, ?, ?, ?, ?, ?, ?, ?, ?, ?, ?, ?, ?, ?, ?, ?, ?, ?, ?, ?, ?, ?, ?, ?, ?, ?, ?, ?, ?, ?, ?, ?, ?, ?, ?, ?, ?, ?, ?, ?, ?, ?, ?, ?, ?) GROUP BY datasets.parent_id
2026-05-08 14:10:03,081 INFO sqlalchemy.engine.Engine [cached since 1.777e+04s ago] (129, 130, 131, 132, 133, 137, 265, 266, 267, 141, 268, 269, 270, 17, 18, 19, 20, 145, 147, 23, 150, 151, 152, 153, 154, 155, 37, 39, 168, 169, 44, 172, 173, 47, 51, 179, 53, 54, 180, 182, 185, 186, 188, 189, 190, 199, 200, 201, 202, 203, 205, 206, 272, 220, 221, 222, 273, 224, 228, 234, 243, 245, 127)
INFO:     130.60.193.7:50359 - "GET /projects/1001/datasets/tree HTTP/1.1" 200 OK
2026-05-08 14:10:03,082 INFO sqlalchemy.engine.Engine ROLLBACK
INFO:     130.60.193.7:50359 - "GET /auth/me HTTP/1.1" 200 OK
INFO:     130.60.193.7:50359 - "GET /projects/ HTTP/1.1" 200 OK
INFO:     130.60.193.7:50378 - "GET /auth/login_options HTTP/1.1" 200 OK
2026-05-08 14:13:34,290 INFO sqlalchemy.engine.Engine BEGIN (implicit)
2026-05-08 14:13:34,290 INFO sqlalchemy.engine.Engine SELECT count(*) AS count_1 
FROM datasets JOIN projects ON datasets.project_id = projects.id 
WHERE projects.number = ?
2026-05-08 14:13:34,290 INFO sqlalchemy.engine.Engine [cached since 1.819e+04s ago] (1001,)
2026-05-08 14:13:34,291 INFO sqlalchemy.engine.Engine SELECT datasets.id, datasets.project_id, datasets.parent_id, datasets.user_id, datasets.name, datasets.md5, datasets.comment, datasets.num_samples, datasets.completed_samples, datasets.sushi_app_name, datasets.job_parameters, datasets.bfabric_id, datasets.workunit_id, datasets.order_ids, datasets.created_at, datasets.updated_at 
FROM datasets JOIN projects ON datasets.project_id = projects.id 
WHERE projects.number = ? ORDER BY datasets.created_at DESC
 LIMIT ? OFFSET ?
2026-05-08 14:13:34,291 INFO sqlalchemy.engine.Engine [cached since 1.819e+04s ago] (1001, 10, 0)
2026-05-08 14:13:34,302 INFO sqlalchemy.engine.Engine SELECT users.id, users.login, users.email 
FROM users 
WHERE users.id IN (?)
2026-05-08 14:13:34,302 INFO sqlalchemy.engine.Engine BEGIN (implicit)
2026-05-08 14:13:34,303 INFO sqlalchemy.engine.Engine SELECT datasets.id, datasets.parent_id, datasets.name, datasets.comment 
FROM datasets JOIN projects ON datasets.project_id = projects.id 
WHERE projects.number = ?
2026-05-08 14:13:34,303 INFO sqlalchemy.engine.Engine [cached since 1.798e+04s ago] (1001,)
INFO:     130.60.193.7:50378 - "GET /auth/me HTTP/1.1" 200 OK
2026-05-08 14:13:34,303 INFO sqlalchemy.engine.Engine [cached since 1.819e+04s ago] (2,)
2026-05-08 14:13:34,304 INFO sqlalchemy.engine.Engine SELECT datasets.parent_id, count(datasets.id) AS count_1 
FROM datasets 
WHERE datasets.parent_id IN (?, ?, ?, ?, ?, ?, ?, ?, ?, ?, ?, ?, ?, ?, ?, ?, ?, ?, ?, ?, ?, ?, ?, ?, ?, ?, ?, ?, ?, ?, ?, ?, ?, ?, ?, ?, ?, ?, ?, ?, ?, ?, ?, ?, ?, ?, ?, ?, ?, ?, ?, ?, ?, ?, ?, ?, ?, ?, ?, ?, ?, ?, ?) GROUP BY datasets.parent_id
2026-05-08 14:13:34,306 INFO sqlalchemy.engine.Engine [cached since 1.798e+04s ago] (129, 130, 131, 132, 133, 137, 265, 266, 267, 141, 268, 269, 270, 17, 18, 19, 20, 145, 147, 23, 150, 151, 152, 153, 154, 155, 37, 39, 168, 169, 44, 172, 173, 47, 51, 179, 53, 54, 180, 182, 185, 186, 188, 189, 190, 199, 200, 201, 202, 203, 205, 206, 272, 220, 221, 222, 273, 224, 228, 234, 243, 245, 127)
2026-05-08 14:13:34,307 INFO sqlalchemy.engine.Engine SELECT datasets.id, datasets.parent_id 
FROM datasets 
WHERE datasets.parent_id IN (?, ?, ?, ?, ?, ?, ?, ?, ?, ?)
2026-05-08 14:13:34,307 INFO sqlalchemy.engine.Engine [cached since 1.819e+04s ago] (273, 272, 270, 269, 268, 267, 266, 265, 245, 243)
INFO:     130.60.193.7:50376 - "GET /projects/1001/datasets?q=&page=1&per=10 HTTP/1.1" 200 OK
2026-05-08 14:13:34,308 INFO sqlalchemy.engine.Engine ROLLBACK
INFO:     130.60.193.7:50377 - "GET /projects/1001/datasets/tree HTTP/1.1" 200 OK
2026-05-08 14:13:34,309 INFO sqlalchemy.engine.Engine ROLLBACK
INFO:     130.60.193.7:50378 - "GET /projects/ HTTP/1.1" 200 OK
INFO:     130.60.193.7:50391 - "OPTIONS /projects/1001/datasets?q=&page=1&per=10 HTTP/1.1" 200 OK
INFO:     130.60.193.7:50392 - "OPTIONS /projects/1001/datasets/tree HTTP/1.1" 200 OK
INFO:     130.60.193.7:50393 - "OPTIONS /auth/login_options HTTP/1.1" 200 OK
2026-05-08 14:17:59,327 INFO sqlalchemy.engine.Engine BEGIN (implicit)
2026-05-08 14:17:59,328 INFO sqlalchemy.engine.Engine BEGIN (implicit)
2026-05-08 14:17:59,328 INFO sqlalchemy.engine.Engine SELECT count(*) AS count_1 
FROM datasets JOIN projects ON datasets.project_id = projects.id 
WHERE projects.number = ?
2026-05-08 14:17:59,328 INFO sqlalchemy.engine.Engine SELECT datasets.id, datasets.parent_id, datasets.name, datasets.comment 
FROM datasets JOIN projects ON datasets.project_id = projects.id 
WHERE projects.number = ?
2026-05-08 14:17:59,328 INFO sqlalchemy.engine.Engine [cached since 1.846e+04s ago] (1001,)
2026-05-08 14:17:59,329 INFO sqlalchemy.engine.Engine [cached since 1.824e+04s ago] (1001,)
2026-05-08 14:17:59,329 INFO sqlalchemy.engine.Engine SELECT datasets.id, datasets.project_id, datasets.parent_id, datasets.user_id, datasets.name, datasets.md5, datasets.comment, datasets.num_samples, datasets.completed_samples, datasets.sushi_app_name, datasets.job_parameters, datasets.bfabric_id, datasets.workunit_id, datasets.order_ids, datasets.created_at, datasets.updated_at 
FROM datasets JOIN projects ON datasets.project_id = projects.id 
WHERE projects.number = ? ORDER BY datasets.created_at DESC
 LIMIT ? OFFSET ?
2026-05-08 14:17:59,329 INFO sqlalchemy.engine.Engine [cached since 1.846e+04s ago] (1001, 10, 0)
2026-05-08 14:17:59,330 INFO sqlalchemy.engine.Engine SELECT datasets.parent_id, count(datasets.id) AS count_1 
FROM datasets 
WHERE datasets.parent_id IN (?, ?, ?, ?, ?, ?, ?, ?, ?, ?, ?, ?, ?, ?, ?, ?, ?, ?, ?, ?, ?, ?, ?, ?, ?, ?, ?, ?, ?, ?, ?, ?, ?, ?, ?, ?, ?, ?, ?, ?, ?, ?, ?, ?, ?, ?, ?, ?, ?, ?, ?, ?, ?, ?, ?, ?, ?, ?, ?, ?, ?, ?, ?) GROUP BY datasets.parent_id
2026-05-08 14:17:59,330 INFO sqlalchemy.engine.Engine [cached since 1.824e+04s ago] (129, 130, 131, 132, 133, 137, 265, 266, 267, 141, 268, 269, 270, 17, 18, 19, 20, 145, 147, 23, 150, 151, 152, 153, 154, 155, 37, 39, 168, 169, 44, 172, 173, 47, 51, 179, 53, 54, 180, 182, 185, 186, 188, 189, 190, 199, 200, 201, 202, 203, 205, 206, 272, 220, 221, 222, 273, 224, 228, 234, 243, 245, 127)
INFO:     130.60.193.7:50395 - "GET /projects/1001/datasets/tree HTTP/1.1" 200 OK
2026-05-08 14:17:59,331 INFO sqlalchemy.engine.Engine ROLLBACK
2026-05-08 14:17:59,342 INFO sqlalchemy.engine.Engine SELECT users.id, users.login, users.email 
FROM users 
WHERE users.id IN (?)
2026-05-08 14:17:59,342 INFO sqlalchemy.engine.Engine [cached since 1.846e+04s ago] (2,)
2026-05-08 14:17:59,343 INFO sqlalchemy.engine.Engine SELECT datasets.id, datasets.parent_id 
FROM datasets 
WHERE datasets.parent_id IN (?, ?, ?, ?, ?, ?, ?, ?, ?, ?)
2026-05-08 14:17:59,343 INFO sqlalchemy.engine.Engine [cached since 1.846e+04s ago] (273, 272, 270, 269, 268, 267, 266, 265, 245, 243)
INFO:     130.60.193.7:50396 - "GET /auth/login_options HTTP/1.1" 200 OK
INFO:     130.60.193.7:50394 - "GET /projects/1001/datasets?q=&page=1&per=10 HTTP/1.1" 200 OK
2026-05-08 14:17:59,344 INFO sqlalchemy.engine.Engine ROLLBACK
INFO:     130.60.193.7:50393 - "OPTIONS /auth/me HTTP/1.1" 200 OK
INFO:     130.60.193.7:50394 - "GET /auth/me HTTP/1.1" 200 OK
INFO:     130.60.193.7:50393 - "OPTIONS /projects/ HTTP/1.1" 200 OK
INFO:     130.60.193.7:50394 - "GET /projects/ HTTP/1.1" 200 OK
INFO:     130.60.193.7:50411 - "GET /auth/login_options HTTP/1.1" 200 OK
2026-05-08 14:22:06,400 INFO sqlalchemy.engine.Engine BEGIN (implicit)
2026-05-08 14:22:06,401 INFO sqlalchemy.engine.Engine BEGIN (implicit)
2026-05-08 14:22:06,401 INFO sqlalchemy.engine.Engine SELECT count(*) AS count_1 
FROM datasets JOIN projects ON datasets.project_id = projects.id 
WHERE projects.number = ?
2026-05-08 14:22:06,401 INFO sqlalchemy.engine.Engine SELECT datasets.id, datasets.parent_id, datasets.name, datasets.comment 
FROM datasets JOIN projects ON datasets.project_id = projects.id 
WHERE projects.number = ?
2026-05-08 14:22:06,401 INFO sqlalchemy.engine.Engine [cached since 1.87e+04s ago] (1001,)
2026-05-08 14:22:06,402 INFO sqlalchemy.engine.Engine [cached since 1.849e+04s ago] (1001,)
2026-05-08 14:22:06,402 INFO sqlalchemy.engine.Engine SELECT datasets.id, datasets.project_id, datasets.parent_id, datasets.user_id, datasets.name, datasets.md5, datasets.comment, datasets.num_samples, datasets.completed_samples, datasets.sushi_app_name, datasets.job_parameters, datasets.bfabric_id, datasets.workunit_id, datasets.order_ids, datasets.created_at, datasets.updated_at 
FROM datasets JOIN projects ON datasets.project_id = projects.id 
WHERE projects.number = ? ORDER BY datasets.created_at DESC
 LIMIT ? OFFSET ?
2026-05-08 14:22:06,402 INFO sqlalchemy.engine.Engine [cached since 1.87e+04s ago] (1001, 10, 0)
2026-05-08 14:22:06,403 INFO sqlalchemy.engine.Engine SELECT datasets.parent_id, count(datasets.id) AS count_1 
FROM datasets 
WHERE datasets.parent_id IN (?, ?, ?, ?, ?, ?, ?, ?, ?, ?, ?, ?, ?, ?, ?, ?, ?, ?, ?, ?, ?, ?, ?, ?, ?, ?, ?, ?, ?, ?, ?, ?, ?, ?, ?, ?, ?, ?, ?, ?, ?, ?, ?, ?, ?, ?, ?, ?, ?, ?, ?, ?, ?, ?, ?, ?, ?, ?, ?, ?, ?, ?, ?) GROUP BY datasets.parent_id
2026-05-08 14:22:06,403 INFO sqlalchemy.engine.Engine [cached since 1.849e+04s ago] (129, 130, 131, 132, 133, 137, 265, 266, 267, 141, 268, 269, 270, 17, 18, 19, 20, 145, 147, 23, 150, 151, 152, 153, 154, 155, 37, 39, 168, 169, 44, 172, 173, 47, 51, 179, 53, 54, 180, 182, 185, 186, 188, 189, 190, 199, 200, 201, 202, 203, 205, 206, 272, 220, 221, 222, 273, 224, 228, 234, 243, 245, 127)
INFO:     130.60.193.7:50410 - "GET /projects/1001/datasets/tree HTTP/1.1" 200 OK
2026-05-08 14:22:06,405 INFO sqlalchemy.engine.Engine ROLLBACK
2026-05-08 14:22:06,416 INFO sqlalchemy.engine.Engine SELECT users.id, users.login, users.email 
FROM users 
WHERE users.id IN (?)
2026-05-08 14:22:06,416 INFO sqlalchemy.engine.Engine [cached since 1.87e+04s ago] (2,)
2026-05-08 14:22:06,416 INFO sqlalchemy.engine.Engine SELECT datasets.id, datasets.parent_id 
FROM datasets 
WHERE datasets.parent_id IN (?, ?, ?, ?, ?, ?, ?, ?, ?, ?)
2026-05-08 14:22:06,416 INFO sqlalchemy.engine.Engine [cached since 1.87e+04s ago] (273, 272, 270, 269, 268, 267, 266, 265, 245, 243)
INFO:     130.60.193.7:50409 - "GET /projects/1001/datasets?q=&page=1&per=10 HTTP/1.1" 200 OK
2026-05-08 14:22:06,417 INFO sqlalchemy.engine.Engine ROLLBACK
INFO:     130.60.193.7:50411 - "GET /auth/me HTTP/1.1" 200 OK
INFO:     130.60.193.7:50411 - "GET /projects/ HTTP/1.1" 200 OK
2026-05-08 14:22:26,066 INFO sqlalchemy.engine.Engine BEGIN (implicit)
2026-05-08 14:22:26,066 INFO sqlalchemy.engine.Engine SELECT count(*) AS count_1 
FROM datasets JOIN projects ON datasets.project_id = projects.id 
WHERE projects.number = ?
2026-05-08 14:22:26,067 INFO sqlalchemy.engine.Engine [cached since 1.872e+04s ago] (1001,)
2026-05-08 14:22:26,067 INFO sqlalchemy.engine.Engine SELECT datasets.id, datasets.project_id, datasets.parent_id, datasets.user_id, datasets.name, datasets.md5, datasets.comment, datasets.num_samples, datasets.completed_samples, datasets.sushi_app_name, datasets.job_parameters, datasets.bfabric_id, datasets.workunit_id, datasets.order_ids, datasets.created_at, datasets.updated_at 
FROM datasets JOIN projects ON datasets.project_id = projects.id 
WHERE projects.number = ? ORDER BY datasets.created_at DESC
 LIMIT ? OFFSET ?
2026-05-08 14:22:26,067 INFO sqlalchemy.engine.Engine [cached since 1.872e+04s ago] (1001, 10, 0)
2026-05-08 14:22:26,078 INFO sqlalchemy.engine.Engine SELECT users.id, users.login, users.email 
FROM users 
WHERE users.id IN (?)
2026-05-08 14:22:26,078 INFO sqlalchemy.engine.Engine [cached since 1.872e+04s ago] (2,)
2026-05-08 14:22:26,079 INFO sqlalchemy.engine.Engine SELECT datasets.id, datasets.parent_id 
FROM datasets 
WHERE datasets.parent_id IN (?, ?, ?, ?, ?, ?, ?, ?, ?, ?)
2026-05-08 14:22:26,079 INFO sqlalchemy.engine.Engine [cached since 1.872e+04s ago] (273, 272, 270, 269, 268, 267, 266, 265, 245, 243)
INFO:     130.60.193.7:50421 - "GET /projects/1001/datasets?q=&page=1&per=10 HTTP/1.1" 200 OK
INFO:     130.60.193.7:50423 - "GET /auth/login_options HTTP/1.1" 200 OK
2026-05-08 14:22:26,082 INFO sqlalchemy.engine.Engine ROLLBACK
2026-05-08 14:22:26,083 INFO sqlalchemy.engine.Engine BEGIN (implicit)
2026-05-08 14:22:26,083 INFO sqlalchemy.engine.Engine SELECT datasets.id, datasets.parent_id, datasets.name, datasets.comment 
FROM datasets JOIN projects ON datasets.project_id = projects.id 
WHERE projects.number = ?
2026-05-08 14:22:26,083 INFO sqlalchemy.engine.Engine [cached since 1.851e+04s ago] (1001,)
2026-05-08 14:22:26,084 INFO sqlalchemy.engine.Engine SELECT datasets.parent_id, count(datasets.id) AS count_1 
FROM datasets 
WHERE datasets.parent_id IN (?, ?, ?, ?, ?, ?, ?, ?, ?, ?, ?, ?, ?, ?, ?, ?, ?, ?, ?, ?, ?, ?, ?, ?, ?, ?, ?, ?, ?, ?, ?, ?, ?, ?, ?, ?, ?, ?, ?, ?, ?, ?, ?, ?, ?, ?, ?, ?, ?, ?, ?, ?, ?, ?, ?, ?, ?, ?, ?, ?, ?, ?, ?) GROUP BY datasets.parent_id
2026-05-08 14:22:26,084 INFO sqlalchemy.engine.Engine [cached since 1.851e+04s ago] (129, 130, 131, 132, 133, 137, 265, 266, 267, 141, 268, 269, 270, 17, 18, 19, 20, 145, 147, 23, 150, 151, 152, 153, 154, 155, 37, 39, 168, 169, 44, 172, 173, 47, 51, 179, 53, 54, 180, 182, 185, 186, 188, 189, 190, 199, 200, 201, 202, 203, 205, 206, 272, 220, 221, 222, 273, 224, 228, 234, 243, 245, 127)
INFO:     130.60.193.7:50422 - "GET /projects/1001/datasets/tree HTTP/1.1" 200 OK
2026-05-08 14:22:26,085 INFO sqlalchemy.engine.Engine ROLLBACK
INFO:     130.60.193.7:50423 - "GET /auth/me HTTP/1.1" 200 OK
INFO:     130.60.193.7:50423 - "GET /projects/ HTTP/1.1" 200 OK
2026-05-08 14:22:30,441 INFO sqlalchemy.engine.Engine BEGIN (implicit)
2026-05-08 14:22:30,441 INFO sqlalchemy.engine.Engine SELECT count(*) AS count_1 
FROM datasets JOIN projects ON datasets.project_id = projects.id 
WHERE projects.number = ?
2026-05-08 14:22:30,442 INFO sqlalchemy.engine.Engine [cached since 1.873e+04s ago] (1001,)
2026-05-08 14:22:30,442 INFO sqlalchemy.engine.Engine SELECT datasets.id, datasets.project_id, datasets.parent_id, datasets.user_id, datasets.name, datasets.md5, datasets.comment, datasets.num_samples, datasets.completed_samples, datasets.sushi_app_name, datasets.job_parameters, datasets.bfabric_id, datasets.workunit_id, datasets.order_ids, datasets.created_at, datasets.updated_at 
FROM datasets JOIN projects ON datasets.project_id = projects.id 
WHERE projects.number = ? ORDER BY datasets.created_at DESC
 LIMIT ? OFFSET ?
2026-05-08 14:22:30,442 INFO sqlalchemy.engine.Engine [cached since 1.873e+04s ago] (1001, 10, 0)
INFO:     130.60.193.7:50421 - "GET /auth/login_options HTTP/1.1" 200 OK
2026-05-08 14:22:30,453 INFO sqlalchemy.engine.Engine BEGIN (implicit)
2026-05-08 14:22:30,453 INFO sqlalchemy.engine.Engine SELECT datasets.id, datasets.parent_id, datasets.name, datasets.comment 
FROM datasets JOIN projects ON datasets.project_id = projects.id 
WHERE projects.number = ?
2026-05-08 14:22:30,453 INFO sqlalchemy.engine.Engine [cached since 1.851e+04s ago] (1001,)
2026-05-08 14:22:30,454 INFO sqlalchemy.engine.Engine SELECT datasets.parent_id, count(datasets.id) AS count_1 
FROM datasets 
WHERE datasets.parent_id IN (?, ?, ?, ?, ?, ?, ?, ?, ?, ?, ?, ?, ?, ?, ?, ?, ?, ?, ?, ?, ?, ?, ?, ?, ?, ?, ?, ?, ?, ?, ?, ?, ?, ?, ?, ?, ?, ?, ?, ?, ?, ?, ?, ?, ?, ?, ?, ?, ?, ?, ?, ?, ?, ?, ?, ?, ?, ?, ?, ?, ?, ?, ?) GROUP BY datasets.parent_id
2026-05-08 14:22:30,454 INFO sqlalchemy.engine.Engine [cached since 1.851e+04s ago] (129, 130, 131, 132, 133, 137, 265, 266, 267, 141, 268, 269, 270, 17, 18, 19, 20, 145, 147, 23, 150, 151, 152, 153, 154, 155, 37, 39, 168, 169, 44, 172, 173, 47, 51, 179, 53, 54, 180, 182, 185, 186, 188, 189, 190, 199, 200, 201, 202, 203, 205, 206, 272, 220, 221, 222, 273, 224, 228, 234, 243, 245, 127)
INFO:     130.60.193.7:50422 - "GET /projects/1001/datasets/tree HTTP/1.1" 200 OK
2026-05-08 14:22:30,456 INFO sqlalchemy.engine.Engine ROLLBACK
2026-05-08 14:22:30,459 INFO sqlalchemy.engine.Engine SELECT users.id, users.login, users.email 
FROM users 
WHERE users.id IN (?)
2026-05-08 14:22:30,459 INFO sqlalchemy.engine.Engine [cached since 1.873e+04s ago] (2,)
2026-05-08 14:22:30,459 INFO sqlalchemy.engine.Engine SELECT datasets.id, datasets.parent_id 
FROM datasets 
WHERE datasets.parent_id IN (?, ?, ?, ?, ?, ?, ?, ?, ?, ?)
2026-05-08 14:22:30,460 INFO sqlalchemy.engine.Engine [cached since 1.873e+04s ago] (273, 272, 270, 269, 268, 267, 266, 265, 245, 243)
INFO:     130.60.193.7:50421 - "GET /auth/me HTTP/1.1" 200 OK
INFO:     130.60.193.7:50423 - "GET /projects/1001/datasets?q=&page=1&per=10 HTTP/1.1" 200 OK
2026-05-08 14:22:30,461 INFO sqlalchemy.engine.Engine ROLLBACK
INFO:     130.60.193.7:50423 - "GET /projects/ HTTP/1.1" 200 OK
INFO:     130.60.193.7:50422 - "GET /auth/login_options HTTP/1.1" 200 OK
2026-05-08 14:22:35,224 INFO sqlalchemy.engine.Engine BEGIN (implicit)
2026-05-08 14:22:35,224 INFO sqlalchemy.engine.Engine SELECT datasets.id, datasets.parent_id, datasets.name, datasets.comment 
FROM datasets JOIN projects ON datasets.project_id = projects.id 
WHERE projects.number = ?
2026-05-08 14:22:35,224 INFO sqlalchemy.engine.Engine [cached since 1.852e+04s ago] (1001,)
2026-05-08 14:22:35,225 INFO sqlalchemy.engine.Engine SELECT datasets.parent_id, count(datasets.id) AS count_1 
FROM datasets 
WHERE datasets.parent_id IN (?, ?, ?, ?, ?, ?, ?, ?, ?, ?, ?, ?, ?, ?, ?, ?, ?, ?, ?, ?, ?, ?, ?, ?, ?, ?, ?, ?, ?, ?, ?, ?, ?, ?, ?, ?, ?, ?, ?, ?, ?, ?, ?, ?, ?, ?, ?, ?, ?, ?, ?, ?, ?, ?, ?, ?, ?, ?, ?, ?, ?, ?, ?) GROUP BY datasets.parent_id
2026-05-08 14:22:35,225 INFO sqlalchemy.engine.Engine [cached since 1.852e+04s ago] (129, 130, 131, 132, 133, 137, 265, 266, 267, 141, 268, 269, 270, 17, 18, 19, 20, 145, 147, 23, 150, 151, 152, 153, 154, 155, 37, 39, 168, 169, 44, 172, 173, 47, 51, 179, 53, 54, 180, 182, 185, 186, 188, 189, 190, 199, 200, 201, 202, 203, 205, 206, 272, 220, 221, 222, 273, 224, 228, 234, 243, 245, 127)
2026-05-08 14:22:35,226 INFO sqlalchemy.engine.Engine BEGIN (implicit)
2026-05-08 14:22:35,226 INFO sqlalchemy.engine.Engine SELECT count(*) AS count_1 
FROM datasets JOIN projects ON datasets.project_id = projects.id 
WHERE projects.number = ?
2026-05-08 14:22:35,226 INFO sqlalchemy.engine.Engine [cached since 1.873e+04s ago] (1001,)
2026-05-08 14:22:35,226 INFO sqlalchemy.engine.Engine SELECT datasets.id, datasets.project_id, datasets.parent_id, datasets.user_id, datasets.name, datasets.md5, datasets.comment, datasets.num_samples, datasets.completed_samples, datasets.sushi_app_name, datasets.job_parameters, datasets.bfabric_id, datasets.workunit_id, datasets.order_ids, datasets.created_at, datasets.updated_at 
FROM datasets JOIN projects ON datasets.project_id = projects.id 
WHERE projects.number = ? ORDER BY datasets.created_at DESC
 LIMIT ? OFFSET ?
2026-05-08 14:22:35,226 INFO sqlalchemy.engine.Engine [cached since 1.873e+04s ago] (1001, 10, 0)
2026-05-08 14:22:35,244 INFO sqlalchemy.engine.Engine SELECT users.id, users.login, users.email 
FROM users 
WHERE users.id IN (?)
INFO:     130.60.193.7:50421 - "GET /projects/1001/datasets/tree HTTP/1.1" 200 OK
INFO:     130.60.193.7:50422 - "GET /auth/me HTTP/1.1" 200 OK
2026-05-08 14:22:35,245 INFO sqlalchemy.engine.Engine [cached since 1.873e+04s ago] (2,)
2026-05-08 14:22:35,245 INFO sqlalchemy.engine.Engine ROLLBACK
2026-05-08 14:22:35,246 INFO sqlalchemy.engine.Engine SELECT datasets.id, datasets.parent_id 
FROM datasets 
WHERE datasets.parent_id IN (?, ?, ?, ?, ?, ?, ?, ?, ?, ?)
2026-05-08 14:22:35,246 INFO sqlalchemy.engine.Engine [cached since 1.873e+04s ago] (273, 272, 270, 269, 268, 267, 266, 265, 245, 243)
INFO:     130.60.193.7:50423 - "GET /projects/1001/datasets?q=&page=1&per=10 HTTP/1.1" 200 OK
2026-05-08 14:22:35,247 INFO sqlalchemy.engine.Engine ROLLBACK
INFO:     130.60.193.7:50421 - "GET /projects/ HTTP/1.1" 200 OK
2026-05-08 14:22:45,076 INFO sqlalchemy.engine.Engine BEGIN (implicit)
2026-05-08 14:22:45,076 INFO sqlalchemy.engine.Engine SELECT count(*) AS count_1 
FROM datasets JOIN projects ON datasets.project_id = projects.id 
WHERE projects.number = ?
2026-05-08 14:22:45,076 INFO sqlalchemy.engine.Engine [cached since 1.874e+04s ago] (1001,)
2026-05-08 14:22:45,077 INFO sqlalchemy.engine.Engine SELECT datasets.id, datasets.project_id, datasets.parent_id, datasets.user_id, datasets.name, datasets.md5, datasets.comment, datasets.num_samples, datasets.completed_samples, datasets.sushi_app_name, datasets.job_parameters, datasets.bfabric_id, datasets.workunit_id, datasets.order_ids, datasets.created_at, datasets.updated_at 
FROM datasets JOIN projects ON datasets.project_id = projects.id 
WHERE projects.number = ? ORDER BY datasets.created_at DESC
 LIMIT ? OFFSET ?
2026-05-08 14:22:45,077 INFO sqlalchemy.engine.Engine [cached since 1.874e+04s ago] (1001, 10, 0)
2026-05-08 14:22:45,089 INFO sqlalchemy.engine.Engine SELECT users.id, users.login, users.email 
FROM users 
WHERE users.id IN (?)
2026-05-08 14:22:45,091 INFO sqlalchemy.engine.Engine [cached since 1.874e+04s ago] (2,)
2026-05-08 14:22:45,091 INFO sqlalchemy.engine.Engine SELECT datasets.id, datasets.parent_id 
FROM datasets 
WHERE datasets.parent_id IN (?, ?, ?, ?, ?, ?, ?, ?, ?, ?)
INFO:     130.60.193.7:50435 - "GET /auth/login_options HTTP/1.1" 200 OK
2026-05-08 14:22:45,091 INFO sqlalchemy.engine.Engine [cached since 1.874e+04s ago] (273, 272, 270, 269, 268, 267, 266, 265, 245, 243)
2026-05-08 14:22:45,092 INFO sqlalchemy.engine.Engine BEGIN (implicit)
2026-05-08 14:22:45,093 INFO sqlalchemy.engine.Engine SELECT datasets.id, datasets.parent_id, datasets.name, datasets.comment 
FROM datasets JOIN projects ON datasets.project_id = projects.id 
WHERE projects.number = ?
2026-05-08 14:22:45,093 INFO sqlalchemy.engine.Engine [cached since 1.853e+04s ago] (1001,)
INFO:     130.60.193.7:50433 - "GET /projects/1001/datasets?q=&page=1&per=10 HTTP/1.1" 200 OK
2026-05-08 14:22:45,094 INFO sqlalchemy.engine.Engine ROLLBACK
2026-05-08 14:22:45,094 INFO sqlalchemy.engine.Engine SELECT datasets.parent_id, count(datasets.id) AS count_1 
FROM datasets 
WHERE datasets.parent_id IN (?, ?, ?, ?, ?, ?, ?, ?, ?, ?, ?, ?, ?, ?, ?, ?, ?, ?, ?, ?, ?, ?, ?, ?, ?, ?, ?, ?, ?, ?, ?, ?, ?, ?, ?, ?, ?, ?, ?, ?, ?, ?, ?, ?, ?, ?, ?, ?, ?, ?, ?, ?, ?, ?, ?, ?, ?, ?, ?, ?, ?, ?, ?) GROUP BY datasets.parent_id
2026-05-08 14:22:45,094 INFO sqlalchemy.engine.Engine [cached since 1.853e+04s ago] (129, 130, 131, 132, 133, 137, 265, 266, 267, 141, 268, 269, 270, 17, 18, 19, 20, 145, 147, 23, 150, 151, 152, 153, 154, 155, 37, 39, 168, 169, 44, 172, 173, 47, 51, 179, 53, 54, 180, 182, 185, 186, 188, 189, 190, 199, 200, 201, 202, 203, 205, 206, 272, 220, 221, 222, 273, 224, 228, 234, 243, 245, 127)
INFO:     130.60.193.7:50434 - "GET /projects/1001/datasets/tree HTTP/1.1" 200 OK
2026-05-08 14:22:45,095 INFO sqlalchemy.engine.Engine ROLLBACK
INFO:     130.60.193.7:50435 - "GET /auth/me HTTP/1.1" 200 OK
INFO:     130.60.193.7:50435 - "GET /projects/ HTTP/1.1" 200 OK
2026-05-08 14:22:50,628 INFO sqlalchemy.engine.Engine BEGIN (implicit)
2026-05-08 14:22:50,629 INFO sqlalchemy.engine.Engine SELECT count(*) AS count_1 
FROM datasets JOIN projects ON datasets.project_id = projects.id 
WHERE projects.number = ?
2026-05-08 14:22:50,629 INFO sqlalchemy.engine.Engine [cached since 1.875e+04s ago] (1001,)
2026-05-08 14:22:50,629 INFO sqlalchemy.engine.Engine SELECT datasets.id, datasets.project_id, datasets.parent_id, datasets.user_id, datasets.name, datasets.md5, datasets.comment, datasets.num_samples, datasets.completed_samples, datasets.sushi_app_name, datasets.job_parameters, datasets.bfabric_id, datasets.workunit_id, datasets.order_ids, datasets.created_at, datasets.updated_at 
FROM datasets JOIN projects ON datasets.project_id = projects.id 
WHERE projects.number = ? ORDER BY datasets.created_at DESC
 LIMIT ? OFFSET ?
2026-05-08 14:22:50,629 INFO sqlalchemy.engine.Engine [cached since 1.875e+04s ago] (1001, 10, 0)
2026-05-08 14:22:50,640 INFO sqlalchemy.engine.Engine SELECT users.id, users.login, users.email 
FROM users 
WHERE users.id IN (?)
2026-05-08 14:22:50,640 INFO sqlalchemy.engine.Engine [cached since 1.875e+04s ago] (2,)
2026-05-08 14:22:50,641 INFO sqlalchemy.engine.Engine SELECT datasets.id, datasets.parent_id 
FROM datasets 
WHERE datasets.parent_id IN (?, ?, ?, ?, ?, ?, ?, ?, ?, ?)
2026-05-08 14:22:50,641 INFO sqlalchemy.engine.Engine [cached since 1.875e+04s ago] (273, 272, 270, 269, 268, 267, 266, 265, 245, 243)
INFO:     130.60.193.7:50439 - "GET /auth/login_options HTTP/1.1" 200 OK
INFO:     130.60.193.7:50437 - "GET /projects/1001/datasets?q=&page=1&per=10 HTTP/1.1" 200 OK
2026-05-08 14:22:50,643 INFO sqlalchemy.engine.Engine ROLLBACK
2026-05-08 14:22:50,644 INFO sqlalchemy.engine.Engine BEGIN (implicit)
2026-05-08 14:22:50,644 INFO sqlalchemy.engine.Engine SELECT datasets.id, datasets.parent_id, datasets.name, datasets.comment 
FROM datasets JOIN projects ON datasets.project_id = projects.id 
WHERE projects.number = ?
2026-05-08 14:22:50,644 INFO sqlalchemy.engine.Engine [cached since 1.853e+04s ago] (1001,)
2026-05-08 14:22:50,644 INFO sqlalchemy.engine.Engine SELECT datasets.parent_id, count(datasets.id) AS count_1 
FROM datasets 
WHERE datasets.parent_id IN (?, ?, ?, ?, ?, ?, ?, ?, ?, ?, ?, ?, ?, ?, ?, ?, ?, ?, ?, ?, ?, ?, ?, ?, ?, ?, ?, ?, ?, ?, ?, ?, ?, ?, ?, ?, ?, ?, ?, ?, ?, ?, ?, ?, ?, ?, ?, ?, ?, ?, ?, ?, ?, ?, ?, ?, ?, ?, ?, ?, ?, ?, ?) GROUP BY datasets.parent_id
2026-05-08 14:22:50,644 INFO sqlalchemy.engine.Engine [cached since 1.853e+04s ago] (129, 130, 131, 132, 133, 137, 265, 266, 267, 141, 268, 269, 270, 17, 18, 19, 20, 145, 147, 23, 150, 151, 152, 153, 154, 155, 37, 39, 168, 169, 44, 172, 173, 47, 51, 179, 53, 54, 180, 182, 185, 186, 188, 189, 190, 199, 200, 201, 202, 203, 205, 206, 272, 220, 221, 222, 273, 224, 228, 234, 243, 245, 127)
INFO:     130.60.193.7:50438 - "GET /projects/1001/datasets/tree HTTP/1.1" 200 OK
2026-05-08 14:22:50,645 INFO sqlalchemy.engine.Engine ROLLBACK
INFO:     130.60.193.7:50439 - "GET /auth/me HTTP/1.1" 200 OK
INFO:     130.60.193.7:50439 - "GET /projects/ HTTP/1.1" 200 OK
INFO:     130.60.193.7:50455 - "GET /auth/login_options HTTP/1.1" 200 OK
2026-05-08 14:24:20,521 INFO sqlalchemy.engine.Engine BEGIN (implicit)
2026-05-08 14:24:20,521 INFO sqlalchemy.engine.Engine SELECT datasets.id, datasets.parent_id, datasets.name, datasets.comment 
FROM datasets JOIN projects ON datasets.project_id = projects.id 
WHERE projects.number = ?
2026-05-08 14:24:20,522 INFO sqlalchemy.engine.Engine [cached since 1.862e+04s ago] (1001,)
2026-05-08 14:24:20,523 INFO sqlalchemy.engine.Engine BEGIN (implicit)
2026-05-08 14:24:20,523 INFO sqlalchemy.engine.Engine SELECT count(*) AS count_1 
FROM datasets JOIN projects ON datasets.project_id = projects.id 
WHERE projects.number = ?
2026-05-08 14:24:20,523 INFO sqlalchemy.engine.Engine [cached since 1.884e+04s ago] (1001,)
2026-05-08 14:24:20,524 INFO sqlalchemy.engine.Engine SELECT datasets.id, datasets.project_id, datasets.parent_id, datasets.user_id, datasets.name, datasets.md5, datasets.comment, datasets.num_samples, datasets.completed_samples, datasets.sushi_app_name, datasets.job_parameters, datasets.bfabric_id, datasets.workunit_id, datasets.order_ids, datasets.created_at, datasets.updated_at 
FROM datasets JOIN projects ON datasets.project_id = projects.id 
WHERE projects.number = ? ORDER BY datasets.created_at DESC
 LIMIT ? OFFSET ?
2026-05-08 14:24:20,524 INFO sqlalchemy.engine.Engine [cached since 1.884e+04s ago] (1001, 10, 0)
2026-05-08 14:24:20,524 INFO sqlalchemy.engine.Engine SELECT datasets.parent_id, count(datasets.id) AS count_1 
FROM datasets 
WHERE datasets.parent_id IN (?, ?, ?, ?, ?, ?, ?, ?, ?, ?, ?, ?, ?, ?, ?, ?, ?, ?, ?, ?, ?, ?, ?, ?, ?, ?, ?, ?, ?, ?, ?, ?, ?, ?, ?, ?, ?, ?, ?, ?, ?, ?, ?, ?, ?, ?, ?, ?, ?, ?, ?, ?, ?, ?, ?, ?, ?, ?, ?, ?, ?, ?, ?) GROUP BY datasets.parent_id
2026-05-08 14:24:20,525 INFO sqlalchemy.engine.Engine [cached since 1.862e+04s ago] (129, 130, 131, 132, 133, 137, 265, 266, 267, 141, 268, 269, 270, 17, 18, 19, 20, 145, 147, 23, 150, 151, 152, 153, 154, 155, 37, 39, 168, 169, 44, 172, 173, 47, 51, 179, 53, 54, 180, 182, 185, 186, 188, 189, 190, 199, 200, 201, 202, 203, 205, 206, 272, 220, 221, 222, 273, 224, 228, 234, 243, 245, 127)
2026-05-08 14:24:20,536 INFO sqlalchemy.engine.Engine SELECT users.id, users.login, users.email 
FROM users 
WHERE users.id IN (?)
2026-05-08 14:24:20,536 INFO sqlalchemy.engine.Engine [cached since 1.884e+04s ago] (2,)
INFO:     130.60.193.7:50454 - "GET /projects/1001/datasets/tree HTTP/1.1" 200 OK
2026-05-08 14:24:20,536 INFO sqlalchemy.engine.Engine ROLLBACK
2026-05-08 14:24:20,537 INFO sqlalchemy.engine.Engine SELECT datasets.id, datasets.parent_id 
FROM datasets 
WHERE datasets.parent_id IN (?, ?, ?, ?, ?, ?, ?, ?, ?, ?)
2026-05-08 14:24:20,537 INFO sqlalchemy.engine.Engine [cached since 1.884e+04s ago] (273, 272, 270, 269, 268, 267, 266, 265, 245, 243)
INFO:     130.60.193.7:50453 - "GET /projects/1001/datasets?q=&page=1&per=10 HTTP/1.1" 200 OK
2026-05-08 14:24:20,538 INFO sqlalchemy.engine.Engine ROLLBACK
INFO:     130.60.193.7:50455 - "GET /auth/me HTTP/1.1" 200 OK
INFO:     130.60.193.7:50455 - "GET /projects/ HTTP/1.1" 200 OK
2026-05-08 14:24:50,228 INFO sqlalchemy.engine.Engine BEGIN (implicit)
2026-05-08 14:24:50,229 INFO sqlalchemy.engine.Engine SELECT count(*) AS count_1 
FROM datasets JOIN projects ON datasets.project_id = projects.id 
WHERE projects.number = ?
2026-05-08 14:24:50,229 INFO sqlalchemy.engine.Engine [cached since 1.887e+04s ago] (1001,)
2026-05-08 14:24:50,229 INFO sqlalchemy.engine.Engine SELECT datasets.id, datasets.project_id, datasets.parent_id, datasets.user_id, datasets.name, datasets.md5, datasets.comment, datasets.num_samples, datasets.completed_samples, datasets.sushi_app_name, datasets.job_parameters, datasets.bfabric_id, datasets.workunit_id, datasets.order_ids, datasets.created_at, datasets.updated_at 
FROM datasets JOIN projects ON datasets.project_id = projects.id 
WHERE projects.number = ? ORDER BY datasets.created_at DESC
 LIMIT ? OFFSET ?
2026-05-08 14:24:50,229 INFO sqlalchemy.engine.Engine [cached since 1.887e+04s ago] (1001, 10, 0)
2026-05-08 14:24:50,240 INFO sqlalchemy.engine.Engine SELECT users.id, users.login, users.email 
FROM users 
WHERE users.id IN (?)
2026-05-08 14:24:50,240 INFO sqlalchemy.engine.Engine [cached since 1.887e+04s ago] (2,)
2026-05-08 14:24:50,241 INFO sqlalchemy.engine.Engine SELECT datasets.id, datasets.parent_id 
FROM datasets 
WHERE datasets.parent_id IN (?, ?, ?, ?, ?, ?, ?, ?, ?, ?)
2026-05-08 14:24:50,241 INFO sqlalchemy.engine.Engine [cached since 1.887e+04s ago] (273, 272, 270, 269, 268, 267, 266, 265, 245, 243)
INFO:     130.60.193.7:50466 - "GET /auth/login_options HTTP/1.1" 200 OK
INFO:     130.60.193.7:50464 - "GET /projects/1001/datasets?q=&page=1&per=10 HTTP/1.1" 200 OK
2026-05-08 14:24:50,244 INFO sqlalchemy.engine.Engine BEGIN (implicit)
2026-05-08 14:24:50,244 INFO sqlalchemy.engine.Engine ROLLBACK
2026-05-08 14:24:50,244 INFO sqlalchemy.engine.Engine SELECT datasets.id, datasets.parent_id, datasets.name, datasets.comment 
FROM datasets JOIN projects ON datasets.project_id = projects.id 
WHERE projects.number = ?
2026-05-08 14:24:50,244 INFO sqlalchemy.engine.Engine [cached since 1.865e+04s ago] (1001,)
2026-05-08 14:24:50,245 INFO sqlalchemy.engine.Engine SELECT datasets.parent_id, count(datasets.id) AS count_1 
FROM datasets 
WHERE datasets.parent_id IN (?, ?, ?, ?, ?, ?, ?, ?, ?, ?, ?, ?, ?, ?, ?, ?, ?, ?, ?, ?, ?, ?, ?, ?, ?, ?, ?, ?, ?, ?, ?, ?, ?, ?, ?, ?, ?, ?, ?, ?, ?, ?, ?, ?, ?, ?, ?, ?, ?, ?, ?, ?, ?, ?, ?, ?, ?, ?, ?, ?, ?, ?, ?) GROUP BY datasets.parent_id
2026-05-08 14:24:50,245 INFO sqlalchemy.engine.Engine [cached since 1.865e+04s ago] (129, 130, 131, 132, 133, 137, 265, 266, 267, 141, 268, 269, 270, 17, 18, 19, 20, 145, 147, 23, 150, 151, 152, 153, 154, 155, 37, 39, 168, 169, 44, 172, 173, 47, 51, 179, 53, 54, 180, 182, 185, 186, 188, 189, 190, 199, 200, 201, 202, 203, 205, 206, 272, 220, 221, 222, 273, 224, 228, 234, 243, 245, 127)
INFO:     130.60.193.7:50465 - "GET /projects/1001/datasets/tree HTTP/1.1" 200 OK
2026-05-08 14:24:50,246 INFO sqlalchemy.engine.Engine ROLLBACK
INFO:     130.60.193.7:50466 - "GET /auth/me HTTP/1.1" 200 OK
INFO:     130.60.193.7:50466 - "GET /projects/ HTTP/1.1" 200 OK
2026-05-08 14:27:57,505 INFO sqlalchemy.engine.Engine BEGIN (implicit)
2026-05-08 14:27:57,505 INFO sqlalchemy.engine.Engine SELECT count(*) AS count_1 
FROM datasets JOIN projects ON datasets.project_id = projects.id 
WHERE projects.number = ?
2026-05-08 14:27:57,506 INFO sqlalchemy.engine.Engine [cached since 1.905e+04s ago] (1001,)
2026-05-08 14:27:57,506 INFO sqlalchemy.engine.Engine SELECT datasets.id, datasets.project_id, datasets.parent_id, datasets.user_id, datasets.name, datasets.md5, datasets.comment, datasets.num_samples, datasets.completed_samples, datasets.sushi_app_name, datasets.job_parameters, datasets.bfabric_id, datasets.workunit_id, datasets.order_ids, datasets.created_at, datasets.updated_at 
FROM datasets JOIN projects ON datasets.project_id = projects.id 
WHERE projects.number = ? ORDER BY datasets.created_at DESC
 LIMIT ? OFFSET ?
2026-05-08 14:27:57,506 INFO sqlalchemy.engine.Engine [cached since 1.905e+04s ago] (1001, 10, 0)
2026-05-08 14:27:57,517 INFO sqlalchemy.engine.Engine SELECT users.id, users.login, users.email 
FROM users 
WHERE users.id IN (?)
2026-05-08 14:27:57,517 INFO sqlalchemy.engine.Engine [cached since 1.905e+04s ago] (2,)
2026-05-08 14:27:57,518 INFO sqlalchemy.engine.Engine SELECT datasets.id, datasets.parent_id 
FROM datasets 
WHERE datasets.parent_id IN (?, ?, ?, ?, ?, ?, ?, ?, ?, ?)
2026-05-08 14:27:57,518 INFO sqlalchemy.engine.Engine [cached since 1.905e+04s ago] (273, 272, 270, 269, 268, 267, 266, 265, 245, 243)
INFO:     130.60.193.7:50531 - "GET /auth/login_options HTTP/1.1" 200 OK
INFO:     130.60.193.7:50529 - "GET /projects/1001/datasets?q=&page=1&per=10 HTTP/1.1" 200 OK
2026-05-08 14:27:57,520 INFO sqlalchemy.engine.Engine ROLLBACK
2026-05-08 14:27:57,521 INFO sqlalchemy.engine.Engine BEGIN (implicit)
2026-05-08 14:27:57,521 INFO sqlalchemy.engine.Engine SELECT datasets.id, datasets.parent_id, datasets.name, datasets.comment 
FROM datasets JOIN projects ON datasets.project_id = projects.id 
WHERE projects.number = ?
2026-05-08 14:27:57,521 INFO sqlalchemy.engine.Engine [cached since 1.884e+04s ago] (1001,)
2026-05-08 14:27:57,522 INFO sqlalchemy.engine.Engine SELECT datasets.parent_id, count(datasets.id) AS count_1 
FROM datasets 
WHERE datasets.parent_id IN (?, ?, ?, ?, ?, ?, ?, ?, ?, ?, ?, ?, ?, ?, ?, ?, ?, ?, ?, ?, ?, ?, ?, ?, ?, ?, ?, ?, ?, ?, ?, ?, ?, ?, ?, ?, ?, ?, ?, ?, ?, ?, ?, ?, ?, ?, ?, ?, ?, ?, ?, ?, ?, ?, ?, ?, ?, ?, ?, ?, ?, ?, ?) GROUP BY datasets.parent_id
2026-05-08 14:27:57,522 INFO sqlalchemy.engine.Engine [cached since 1.884e+04s ago] (129, 130, 131, 132, 133, 137, 265, 266, 267, 141, 268, 269, 270, 17, 18, 19, 20, 145, 147, 23, 150, 151, 152, 153, 154, 155, 37, 39, 168, 169, 44, 172, 173, 47, 51, 179, 53, 54, 180, 182, 185, 186, 188, 189, 190, 199, 200, 201, 202, 203, 205, 206, 272, 220, 221, 222, 273, 224, 228, 234, 243, 245, 127)
INFO:     130.60.193.7:50530 - "GET /projects/1001/datasets/tree HTTP/1.1" 200 OK
2026-05-08 14:27:57,523 INFO sqlalchemy.engine.Engine ROLLBACK
INFO:     130.60.193.7:50531 - "GET /auth/me HTTP/1.1" 200 OK
INFO:     130.60.193.7:50531 - "GET /projects/ HTTP/1.1" 200 OK
INFO:     130.60.193.7:50587 - "OPTIONS /projects/1001/datasets?q=&page=1&per=10 HTTP/1.1" 200 OK
INFO:     130.60.193.7:50589 - "OPTIONS /projects/1001/datasets/tree HTTP/1.1" 200 OK
INFO:     130.60.193.7:50588 - "OPTIONS /auth/login_options HTTP/1.1" 200 OK
2026-05-08 14:30:09,139 INFO sqlalchemy.engine.Engine BEGIN (implicit)
2026-05-08 14:30:09,139 INFO sqlalchemy.engine.Engine SELECT count(*) AS count_1 
FROM datasets JOIN projects ON datasets.project_id = projects.id 
WHERE projects.number = ?
2026-05-08 14:30:09,139 INFO sqlalchemy.engine.Engine [cached since 1.919e+04s ago] (1001,)
2026-05-08 14:30:09,140 INFO sqlalchemy.engine.Engine SELECT datasets.id, datasets.project_id, datasets.parent_id, datasets.user_id, datasets.name, datasets.md5, datasets.comment, datasets.num_samples, datasets.completed_samples, datasets.sushi_app_name, datasets.job_parameters, datasets.bfabric_id, datasets.workunit_id, datasets.order_ids, datasets.created_at, datasets.updated_at 
FROM datasets JOIN projects ON datasets.project_id = projects.id 
WHERE projects.number = ? ORDER BY datasets.created_at DESC
 LIMIT ? OFFSET ?
2026-05-08 14:30:09,140 INFO sqlalchemy.engine.Engine [cached since 1.919e+04s ago] (1001, 10, 0)
2026-05-08 14:30:09,151 INFO sqlalchemy.engine.Engine SELECT users.id, users.login, users.email 
FROM users 
WHERE users.id IN (?)
2026-05-08 14:30:09,152 INFO sqlalchemy.engine.Engine [cached since 1.919e+04s ago] (2,)
2026-05-08 14:30:09,152 INFO sqlalchemy.engine.Engine SELECT datasets.id, datasets.parent_id 
FROM datasets 
WHERE datasets.parent_id IN (?, ?, ?, ?, ?, ?, ?, ?, ?, ?)
2026-05-08 14:30:09,152 INFO sqlalchemy.engine.Engine [cached since 1.919e+04s ago] (273, 272, 270, 269, 268, 267, 266, 265, 245, 243)
INFO:     130.60.193.7:50592 - "GET /auth/login_options HTTP/1.1" 200 OK
INFO:     130.60.193.7:50590 - "GET /projects/1001/datasets?q=&page=1&per=10 HTTP/1.1" 200 OK
2026-05-08 14:30:09,154 INFO sqlalchemy.engine.Engine ROLLBACK
2026-05-08 14:30:09,155 INFO sqlalchemy.engine.Engine BEGIN (implicit)
2026-05-08 14:30:09,155 INFO sqlalchemy.engine.Engine SELECT datasets.id, datasets.parent_id, datasets.name, datasets.comment 
FROM datasets JOIN projects ON datasets.project_id = projects.id 
WHERE projects.number = ?
2026-05-08 14:30:09,155 INFO sqlalchemy.engine.Engine [cached since 1.897e+04s ago] (1001,)
2026-05-08 14:30:09,156 INFO sqlalchemy.engine.Engine SELECT datasets.parent_id, count(datasets.id) AS count_1 
FROM datasets 
WHERE datasets.parent_id IN (?, ?, ?, ?, ?, ?, ?, ?, ?, ?, ?, ?, ?, ?, ?, ?, ?, ?, ?, ?, ?, ?, ?, ?, ?, ?, ?, ?, ?, ?, ?, ?, ?, ?, ?, ?, ?, ?, ?, ?, ?, ?, ?, ?, ?, ?, ?, ?, ?, ?, ?, ?, ?, ?, ?, ?, ?, ?, ?, ?, ?, ?, ?) GROUP BY datasets.parent_id
2026-05-08 14:30:09,156 INFO sqlalchemy.engine.Engine [cached since 1.897e+04s ago] (129, 130, 131, 132, 133, 137, 265, 266, 267, 141, 268, 269, 270, 17, 18, 19, 20, 145, 147, 23, 150, 151, 152, 153, 154, 155, 37, 39, 168, 169, 44, 172, 173, 47, 51, 179, 53, 54, 180, 182, 185, 186, 188, 189, 190, 199, 200, 201, 202, 203, 205, 206, 272, 220, 221, 222, 273, 224, 228, 234, 243, 245, 127)
INFO:     130.60.193.7:50591 - "GET /projects/1001/datasets/tree HTTP/1.1" 200 OK
2026-05-08 14:30:09,156 INFO sqlalchemy.engine.Engine ROLLBACK
INFO:     130.60.193.7:50588 - "OPTIONS /auth/me HTTP/1.1" 200 OK
INFO:     130.60.193.7:50591 - "GET /auth/me HTTP/1.1" 200 OK
INFO:     130.60.193.7:50588 - "OPTIONS /projects/ HTTP/1.1" 200 OK
INFO:     130.60.193.7:50591 - "GET /projects/ HTTP/1.1" 200 OK
INFO:     130.60.193.7:50592 - "GET /auth/login_options HTTP/1.1" 200 OK
2026-05-08 14:30:12,383 INFO sqlalchemy.engine.Engine BEGIN (implicit)
2026-05-08 14:30:12,383 INFO sqlalchemy.engine.Engine SELECT count(*) AS count_1 
FROM datasets JOIN projects ON datasets.project_id = projects.id 
WHERE projects.number = ?
2026-05-08 14:30:12,383 INFO sqlalchemy.engine.Engine [cached since 1.919e+04s ago] (1001,)
2026-05-08 14:30:12,384 INFO sqlalchemy.engine.Engine BEGIN (implicit)
2026-05-08 14:30:12,384 INFO sqlalchemy.engine.Engine SELECT datasets.id, datasets.parent_id, datasets.name, datasets.comment 
FROM datasets JOIN projects ON datasets.project_id = projects.id 
WHERE projects.number = ?
2026-05-08 14:30:12,384 INFO sqlalchemy.engine.Engine [cached since 1.897e+04s ago] (1001,)
2026-05-08 14:30:12,385 INFO sqlalchemy.engine.Engine SELECT datasets.id, datasets.project_id, datasets.parent_id, datasets.user_id, datasets.name, datasets.md5, datasets.comment, datasets.num_samples, datasets.completed_samples, datasets.sushi_app_name, datasets.job_parameters, datasets.bfabric_id, datasets.workunit_id, datasets.order_ids, datasets.created_at, datasets.updated_at 
FROM datasets JOIN projects ON datasets.project_id = projects.id 
WHERE projects.number = ? ORDER BY datasets.created_at DESC
 LIMIT ? OFFSET ?
2026-05-08 14:30:12,385 INFO sqlalchemy.engine.Engine [cached since 1.919e+04s ago] (1001, 10, 0)
2026-05-08 14:30:12,395 INFO sqlalchemy.engine.Engine SELECT users.id, users.login, users.email 
FROM users 
WHERE users.id IN (?)
2026-05-08 14:30:12,395 INFO sqlalchemy.engine.Engine [cached since 1.919e+04s ago] (2,)
2026-05-08 14:30:12,396 INFO sqlalchemy.engine.Engine SELECT datasets.id, datasets.parent_id 
FROM datasets 
WHERE datasets.parent_id IN (?, ?, ?, ?, ?, ?, ?, ?, ?, ?)
2026-05-08 14:30:12,396 INFO sqlalchemy.engine.Engine [cached since 1.919e+04s ago] (273, 272, 270, 269, 268, 267, 266, 265, 245, 243)
INFO:     130.60.193.7:50591 - "GET /projects/1001/datasets?q=&page=1&per=10 HTTP/1.1" 200 OK
2026-05-08 14:30:12,397 INFO sqlalchemy.engine.Engine ROLLBACK
2026-05-08 14:30:12,398 INFO sqlalchemy.engine.Engine SELECT datasets.parent_id, count(datasets.id) AS count_1 
FROM datasets 
WHERE datasets.parent_id IN (?, ?, ?, ?, ?, ?, ?, ?, ?, ?, ?, ?, ?, ?, ?, ?, ?, ?, ?, ?, ?, ?, ?, ?, ?, ?, ?, ?, ?, ?, ?, ?, ?, ?, ?, ?, ?, ?, ?, ?, ?, ?, ?, ?, ?, ?, ?, ?, ?, ?, ?, ?, ?, ?, ?, ?, ?, ?, ?, ?, ?, ?, ?) GROUP BY datasets.parent_id
2026-05-08 14:30:12,398 INFO sqlalchemy.engine.Engine [cached since 1.897e+04s ago] (129, 130, 131, 132, 133, 137, 265, 266, 267, 141, 268, 269, 270, 17, 18, 19, 20, 145, 147, 23, 150, 151, 152, 153, 154, 155, 37, 39, 168, 169, 44, 172, 173, 47, 51, 179, 53, 54, 180, 182, 185, 186, 188, 189, 190, 199, 200, 201, 202, 203, 205, 206, 272, 220, 221, 222, 273, 224, 228, 234, 243, 245, 127)
INFO:     130.60.193.7:50592 - "GET /auth/me HTTP/1.1" 200 OK
INFO:     130.60.193.7:50590 - "GET /projects/1001/datasets/tree HTTP/1.1" 200 OK
2026-05-08 14:30:12,399 INFO sqlalchemy.engine.Engine ROLLBACK
INFO:     130.60.193.7:50590 - "GET /projects/ HTTP/1.1" 200 OK
2026-05-08 14:31:23,179 INFO sqlalchemy.engine.Engine BEGIN (implicit)
2026-05-08 14:31:23,179 INFO sqlalchemy.engine.Engine SELECT count(*) AS count_1 
FROM datasets JOIN projects ON datasets.project_id = projects.id 
WHERE projects.number = ?
2026-05-08 14:31:23,179 INFO sqlalchemy.engine.Engine [cached since 1.926e+04s ago] (1001,)
2026-05-08 14:31:23,180 INFO sqlalchemy.engine.Engine SELECT datasets.id, datasets.project_id, datasets.parent_id, datasets.user_id, datasets.name, datasets.md5, datasets.comment, datasets.num_samples, datasets.completed_samples, datasets.sushi_app_name, datasets.job_parameters, datasets.bfabric_id, datasets.workunit_id, datasets.order_ids, datasets.created_at, datasets.updated_at 
FROM datasets JOIN projects ON datasets.project_id = projects.id 
WHERE projects.number = ? ORDER BY datasets.created_at DESC
 LIMIT ? OFFSET ?
2026-05-08 14:31:23,180 INFO sqlalchemy.engine.Engine [cached since 1.926e+04s ago] (1001, 10, 0)
2026-05-08 14:31:23,190 INFO sqlalchemy.engine.Engine SELECT users.id, users.login, users.email 
FROM users 
WHERE users.id IN (?)
2026-05-08 14:31:23,191 INFO sqlalchemy.engine.Engine [cached since 1.926e+04s ago] (2,)
2026-05-08 14:31:23,192 INFO sqlalchemy.engine.Engine SELECT datasets.id, datasets.parent_id 
FROM datasets 
WHERE datasets.parent_id IN (?, ?, ?, ?, ?, ?, ?, ?, ?, ?)
2026-05-08 14:31:23,192 INFO sqlalchemy.engine.Engine [cached since 1.926e+04s ago] (273, 272, 270, 269, 268, 267, 266, 265, 245, 243)
INFO:     130.60.193.7:50607 - "GET /projects/1001/datasets?q=&page=1&per=10 HTTP/1.1" 200 OK
2026-05-08 14:31:23,193 INFO sqlalchemy.engine.Engine ROLLBACK
INFO:     130.60.193.7:50605 - "GET /auth/login_options HTTP/1.1" 200 OK
2026-05-08 14:31:23,195 INFO sqlalchemy.engine.Engine BEGIN (implicit)
2026-05-08 14:31:23,195 INFO sqlalchemy.engine.Engine SELECT datasets.id, datasets.parent_id, datasets.name, datasets.comment 
FROM datasets JOIN projects ON datasets.project_id = projects.id 
WHERE projects.number = ?
2026-05-08 14:31:23,195 INFO sqlalchemy.engine.Engine [cached since 1.905e+04s ago] (1001,)
2026-05-08 14:31:23,196 INFO sqlalchemy.engine.Engine SELECT datasets.parent_id, count(datasets.id) AS count_1 
FROM datasets 
WHERE datasets.parent_id IN (?, ?, ?, ?, ?, ?, ?, ?, ?, ?, ?, ?, ?, ?, ?, ?, ?, ?, ?, ?, ?, ?, ?, ?, ?, ?, ?, ?, ?, ?, ?, ?, ?, ?, ?, ?, ?, ?, ?, ?, ?, ?, ?, ?, ?, ?, ?, ?, ?, ?, ?, ?, ?, ?, ?, ?, ?, ?, ?, ?, ?, ?, ?) GROUP BY datasets.parent_id
2026-05-08 14:31:23,196 INFO sqlalchemy.engine.Engine [cached since 1.905e+04s ago] (129, 130, 131, 132, 133, 137, 265, 266, 267, 141, 268, 269, 270, 17, 18, 19, 20, 145, 147, 23, 150, 151, 152, 153, 154, 155, 37, 39, 168, 169, 44, 172, 173, 47, 51, 179, 53, 54, 180, 182, 185, 186, 188, 189, 190, 199, 200, 201, 202, 203, 205, 206, 272, 220, 221, 222, 273, 224, 228, 234, 243, 245, 127)
INFO:     130.60.193.7:50606 - "GET /projects/1001/datasets/tree HTTP/1.1" 200 OK
2026-05-08 14:31:23,197 INFO sqlalchemy.engine.Engine ROLLBACK
INFO:     130.60.193.7:50607 - "GET /auth/me HTTP/1.1" 200 OK
INFO:     130.60.193.7:50607 - "GET /projects/ HTTP/1.1" 200 OK
2026-05-08 14:32:04,686 INFO sqlalchemy.engine.Engine BEGIN (implicit)
2026-05-08 14:32:04,687 INFO sqlalchemy.engine.Engine SELECT count(*) AS count_1 
FROM datasets JOIN projects ON datasets.project_id = projects.id 
WHERE projects.number = ?
2026-05-08 14:32:04,687 INFO sqlalchemy.engine.Engine [cached since 1.93e+04s ago] (1001,)
2026-05-08 14:32:04,687 INFO sqlalchemy.engine.Engine SELECT datasets.id, datasets.project_id, datasets.parent_id, datasets.user_id, datasets.name, datasets.md5, datasets.comment, datasets.num_samples, datasets.completed_samples, datasets.sushi_app_name, datasets.job_parameters, datasets.bfabric_id, datasets.workunit_id, datasets.order_ids, datasets.created_at, datasets.updated_at 
FROM datasets JOIN projects ON datasets.project_id = projects.id 
WHERE projects.number = ? ORDER BY datasets.created_at DESC
 LIMIT ? OFFSET ?
2026-05-08 14:32:04,687 INFO sqlalchemy.engine.Engine [cached since 1.93e+04s ago] (1001, 10, 0)
2026-05-08 14:32:04,698 INFO sqlalchemy.engine.Engine SELECT users.id, users.login, users.email 
FROM users 
WHERE users.id IN (?)
2026-05-08 14:32:04,698 INFO sqlalchemy.engine.Engine [cached since 1.93e+04s ago] (2,)
2026-05-08 14:32:04,699 INFO sqlalchemy.engine.Engine SELECT datasets.id, datasets.parent_id 
FROM datasets 
WHERE datasets.parent_id IN (?, ?, ?, ?, ?, ?, ?, ?, ?, ?)
2026-05-08 14:32:04,699 INFO sqlalchemy.engine.Engine [cached since 1.93e+04s ago] (273, 272, 270, 269, 268, 267, 266, 265, 245, 243)
INFO:     130.60.193.7:50616 - "GET /projects/1001/datasets?q=&page=1&per=10 HTTP/1.1" 200 OK
2026-05-08 14:32:04,701 INFO sqlalchemy.engine.Engine ROLLBACK
INFO:     130.60.193.7:50618 - "GET /auth/login_options HTTP/1.1" 200 OK
2026-05-08 14:32:04,702 INFO sqlalchemy.engine.Engine BEGIN (implicit)
2026-05-08 14:32:04,702 INFO sqlalchemy.engine.Engine SELECT datasets.id, datasets.parent_id, datasets.name, datasets.comment 
FROM datasets JOIN projects ON datasets.project_id = projects.id 
WHERE projects.number = ?
2026-05-08 14:32:04,702 INFO sqlalchemy.engine.Engine [cached since 1.909e+04s ago] (1001,)
2026-05-08 14:32:04,703 INFO sqlalchemy.engine.Engine SELECT datasets.parent_id, count(datasets.id) AS count_1 
FROM datasets 
WHERE datasets.parent_id IN (?, ?, ?, ?, ?, ?, ?, ?, ?, ?, ?, ?, ?, ?, ?, ?, ?, ?, ?, ?, ?, ?, ?, ?, ?, ?, ?, ?, ?, ?, ?, ?, ?, ?, ?, ?, ?, ?, ?, ?, ?, ?, ?, ?, ?, ?, ?, ?, ?, ?, ?, ?, ?, ?, ?, ?, ?, ?, ?, ?, ?, ?, ?) GROUP BY datasets.parent_id
2026-05-08 14:32:04,703 INFO sqlalchemy.engine.Engine [cached since 1.909e+04s ago] (129, 130, 131, 132, 133, 137, 265, 266, 267, 141, 268, 269, 270, 17, 18, 19, 20, 145, 147, 23, 150, 151, 152, 153, 154, 155, 37, 39, 168, 169, 44, 172, 173, 47, 51, 179, 53, 54, 180, 182, 185, 186, 188, 189, 190, 199, 200, 201, 202, 203, 205, 206, 272, 220, 221, 222, 273, 224, 228, 234, 243, 245, 127)
INFO:     130.60.193.7:50617 - "GET /projects/1001/datasets/tree HTTP/1.1" 200 OK
2026-05-08 14:32:04,704 INFO sqlalchemy.engine.Engine ROLLBACK
INFO:     130.60.193.7:50617 - "GET /auth/me HTTP/1.1" 200 OK
INFO:     130.60.193.7:50617 - "GET /projects/ HTTP/1.1" 200 OK
2026-05-08 14:32:44,396 INFO sqlalchemy.engine.Engine BEGIN (implicit)
2026-05-08 14:32:44,396 INFO sqlalchemy.engine.Engine SELECT count(*) AS count_1 
FROM datasets JOIN projects ON datasets.project_id = projects.id 
WHERE projects.number = ?
2026-05-08 14:32:44,396 INFO sqlalchemy.engine.Engine [cached since 1.934e+04s ago] (1001,)
2026-05-08 14:32:44,397 INFO sqlalchemy.engine.Engine SELECT datasets.id, datasets.project_id, datasets.parent_id, datasets.user_id, datasets.name, datasets.md5, datasets.comment, datasets.num_samples, datasets.completed_samples, datasets.sushi_app_name, datasets.job_parameters, datasets.bfabric_id, datasets.workunit_id, datasets.order_ids, datasets.created_at, datasets.updated_at 
FROM datasets JOIN projects ON datasets.project_id = projects.id 
WHERE projects.number = ? ORDER BY datasets.created_at DESC
 LIMIT ? OFFSET ?
2026-05-08 14:32:44,397 INFO sqlalchemy.engine.Engine [cached since 1.934e+04s ago] (1001, 10, 0)
2026-05-08 14:32:44,408 INFO sqlalchemy.engine.Engine SELECT users.id, users.login, users.email 
FROM users 
WHERE users.id IN (?)
2026-05-08 14:32:44,408 INFO sqlalchemy.engine.Engine [cached since 1.934e+04s ago] (2,)
2026-05-08 14:32:44,408 INFO sqlalchemy.engine.Engine SELECT datasets.id, datasets.parent_id 
FROM datasets 
WHERE datasets.parent_id IN (?, ?, ?, ?, ?, ?, ?, ?, ?, ?)
2026-05-08 14:32:44,408 INFO sqlalchemy.engine.Engine [cached since 1.934e+04s ago] (273, 272, 270, 269, 268, 267, 266, 265, 245, 243)
INFO:     130.60.193.7:50630 - "GET /projects/1001/datasets?q=&page=1&per=10 HTTP/1.1" 200 OK
INFO:     130.60.193.7:50632 - "GET /auth/login_options HTTP/1.1" 200 OK
2026-05-08 14:32:44,411 INFO sqlalchemy.engine.Engine ROLLBACK
2026-05-08 14:32:44,412 INFO sqlalchemy.engine.Engine BEGIN (implicit)
2026-05-08 14:32:44,412 INFO sqlalchemy.engine.Engine SELECT datasets.id, datasets.parent_id, datasets.name, datasets.comment 
FROM datasets JOIN projects ON datasets.project_id = projects.id 
WHERE projects.number = ?
2026-05-08 14:32:44,412 INFO sqlalchemy.engine.Engine [cached since 1.913e+04s ago] (1001,)
2026-05-08 14:32:44,413 INFO sqlalchemy.engine.Engine SELECT datasets.parent_id, count(datasets.id) AS count_1 
FROM datasets 
WHERE datasets.parent_id IN (?, ?, ?, ?, ?, ?, ?, ?, ?, ?, ?, ?, ?, ?, ?, ?, ?, ?, ?, ?, ?, ?, ?, ?, ?, ?, ?, ?, ?, ?, ?, ?, ?, ?, ?, ?, ?, ?, ?, ?, ?, ?, ?, ?, ?, ?, ?, ?, ?, ?, ?, ?, ?, ?, ?, ?, ?, ?, ?, ?, ?, ?, ?) GROUP BY datasets.parent_id
2026-05-08 14:32:44,413 INFO sqlalchemy.engine.Engine [cached since 1.913e+04s ago] (129, 130, 131, 132, 133, 137, 265, 266, 267, 141, 268, 269, 270, 17, 18, 19, 20, 145, 147, 23, 150, 151, 152, 153, 154, 155, 37, 39, 168, 169, 44, 172, 173, 47, 51, 179, 53, 54, 180, 182, 185, 186, 188, 189, 190, 199, 200, 201, 202, 203, 205, 206, 272, 220, 221, 222, 273, 224, 228, 234, 243, 245, 127)
INFO:     130.60.193.7:50631 - "GET /projects/1001/datasets/tree HTTP/1.1" 200 OK
2026-05-08 14:32:44,414 INFO sqlalchemy.engine.Engine ROLLBACK
INFO:     130.60.193.7:50630 - "GET /auth/me HTTP/1.1" 200 OK
INFO:     130.60.193.7:50630 - "GET /projects/ HTTP/1.1" 200 OK
INFO:     130.60.193.7:50642 - "OPTIONS /datasets/168 HTTP/1.1" 200 OK
INFO:     130.60.193.7:50641 - "OPTIONS /datasets/168/tree HTTP/1.1" 200 OK
INFO:     130.60.193.7:50643 - "GET /auth/login_options HTTP/1.1" 200 OK
2026-05-08 14:33:08,640 INFO sqlalchemy.engine.Engine BEGIN (implicit)
2026-05-08 14:33:08,640 INFO sqlalchemy.engine.Engine SELECT datasets.id AS datasets_id, datasets.project_id AS datasets_project_id, datasets.parent_id AS datasets_parent_id, datasets.user_id AS datasets_user_id, datasets.name AS datasets_name, datasets.md5 AS datasets_md5, datasets.comment AS datasets_comment, datasets.num_samples AS datasets_num_samples, datasets.completed_samples AS datasets_completed_samples, datasets.sushi_app_name AS datasets_sushi_app_name, datasets.job_parameters AS datasets_job_parameters, datasets.bfabric_id AS datasets_bfabric_id, datasets.workunit_id AS datasets_workunit_id, datasets.order_ids AS datasets_order_ids, datasets.created_at AS datasets_created_at, datasets.updated_at AS datasets_updated_at 
FROM datasets 
WHERE datasets.id = ?
2026-05-08 14:33:08,641 INFO sqlalchemy.engine.Engine [cached since 1.935e+04s ago] (168,)
2026-05-08 14:33:08,641 INFO sqlalchemy.engine.Engine SELECT users.id, users.login, users.email 
FROM users 
WHERE users.id IN (?)
2026-05-08 14:33:08,641 INFO sqlalchemy.engine.Engine [cached since 1.937e+04s ago] (2,)
2026-05-08 14:33:08,641 INFO sqlalchemy.engine.Engine SELECT projects.id, projects.number, projects.created_at, projects.updated_at 
FROM projects 
WHERE projects.id = ?
2026-05-08 14:33:08,642 INFO sqlalchemy.engine.Engine [cached since 1.935e+04s ago] (3,)
2026-05-08 14:33:08,643 INFO sqlalchemy.engine.Engine SELECT datasets.id 
FROM datasets 
WHERE datasets.parent_id = ?
2026-05-08 14:33:08,643 INFO sqlalchemy.engine.Engine [cached since 1.935e+04s ago] (168,)
2026-05-08 14:33:08,644 INFO sqlalchemy.engine.Engine SELECT samples.id, samples.key_value, samples.data_set_id, samples.created_at, samples.updated_at 
FROM samples 
WHERE samples.data_set_id = ?
2026-05-08 14:33:08,644 INFO sqlalchemy.engine.Engine [cached since 1.935e+04s ago] (168,)
2026-05-08 14:33:08,645 INFO sqlalchemy.engine.Engine BEGIN (implicit)
2026-05-08 14:33:08,646 INFO sqlalchemy.engine.Engine SELECT datasets.id AS datasets_id, datasets.project_id AS datasets_project_id, datasets.parent_id AS datasets_parent_id, datasets.user_id AS datasets_user_id, datasets.name AS datasets_name, datasets.md5 AS datasets_md5, datasets.comment AS datasets_comment, datasets.num_samples AS datasets_num_samples, datasets.completed_samples AS datasets_completed_samples, datasets.sushi_app_name AS datasets_sushi_app_name, datasets.job_parameters AS datasets_job_parameters, datasets.bfabric_id AS datasets_bfabric_id, datasets.workunit_id AS datasets_workunit_id, datasets.order_ids AS datasets_order_ids, datasets.created_at AS datasets_created_at, datasets.updated_at AS datasets_updated_at 
FROM datasets 
WHERE datasets.id = ?
2026-05-08 14:33:08,646 INFO sqlalchemy.engine.Engine [cached since 1.935e+04s ago] (168,)
2026-05-08 14:33:08,646 INFO sqlalchemy.engine.Engine SELECT datasets.id, datasets.project_id, datasets.parent_id, datasets.user_id, datasets.name, datasets.md5, datasets.comment, datasets.num_samples, datasets.completed_samples, datasets.sushi_app_name, datasets.job_parameters, datasets.bfabric_id, datasets.workunit_id, datasets.order_ids, datasets.created_at, datasets.updated_at 
FROM datasets 
WHERE datasets.parent_id = ?
2026-05-08 14:33:08,646 INFO sqlalchemy.engine.Engine [cached since 1.935e+04s ago] (168,)
2026-05-08 14:33:08,650 INFO sqlalchemy.engine.Engine SELECT datasets.id, datasets.project_id, datasets.parent_id, datasets.user_id, datasets.name, datasets.md5, datasets.comment, datasets.num_samples, datasets.completed_samples, datasets.sushi_app_name, datasets.job_parameters, datasets.bfabric_id, datasets.workunit_id, datasets.order_ids, datasets.created_at, datasets.updated_at 
FROM datasets 
WHERE datasets.parent_id = ?
2026-05-08 14:33:08,650 INFO sqlalchemy.engine.Engine [cached since 1.935e+04s ago] (169,)
2026-05-08 14:33:08,650 INFO sqlalchemy.engine.Engine SELECT datasets.id, datasets.project_id, datasets.parent_id, datasets.user_id, datasets.name, datasets.md5, datasets.comment, datasets.num_samples, datasets.completed_samples, datasets.sushi_app_name, datasets.job_parameters, datasets.bfabric_id, datasets.workunit_id, datasets.order_ids, datasets.created_at, datasets.updated_at 
FROM datasets 
WHERE datasets.parent_id = ?
2026-05-08 14:33:08,651 INFO sqlalchemy.engine.Engine [cached since 1.935e+04s ago] (180,)
INFO:     130.60.193.7:50645 - "GET /auth/me HTTP/1.1" 200 OK
INFO:     130.60.193.7:50644 - "GET /datasets/168/tree HTTP/1.1" 200 OK
2026-05-08 14:33:08,652 INFO sqlalchemy.engine.Engine ROLLBACK
INFO:     130.60.193.7:50644 - "GET /projects/ HTTP/1.1" 200 OK
2026-05-08 14:33:08,693 INFO sqlalchemy.engine.Engine SELECT samples.id, samples.key_value, samples.data_set_id, samples.created_at, samples.updated_at 
FROM samples 
WHERE samples.data_set_id = ?
2026-05-08 14:33:08,693 INFO sqlalchemy.engine.Engine [cached since 1.935e+04s ago] (168,)
2026-05-08 14:33:08,694 INFO sqlalchemy.engine.Engine SELECT samples.id, samples.key_value, samples.data_set_id, samples.created_at, samples.updated_at 
FROM samples 
WHERE samples.data_set_id = ?
2026-05-08 14:33:08,694 INFO sqlalchemy.engine.Engine [cached since 1.935e+04s ago] (168,)
INFO:     130.60.193.7:50643 - "GET /datasets/168 HTTP/1.1" 200 OK
2026-05-08 14:33:08,695 INFO sqlalchemy.engine.Engine ROLLBACK
2026-05-08 14:34:11,179 INFO sqlalchemy.engine.Engine BEGIN (implicit)
2026-05-08 14:34:11,179 INFO sqlalchemy.engine.Engine SELECT count(*) AS count_1 
FROM datasets JOIN projects ON datasets.project_id = projects.id 
WHERE projects.number = ?
2026-05-08 14:34:11,179 INFO sqlalchemy.engine.Engine [cached since 1.943e+04s ago] (1001,)
2026-05-08 14:34:11,179 INFO sqlalchemy.engine.Engine SELECT datasets.id, datasets.project_id, datasets.parent_id, datasets.user_id, datasets.name, datasets.md5, datasets.comment, datasets.num_samples, datasets.completed_samples, datasets.sushi_app_name, datasets.job_parameters, datasets.bfabric_id, datasets.workunit_id, datasets.order_ids, datasets.created_at, datasets.updated_at 
FROM datasets JOIN projects ON datasets.project_id = projects.id 
WHERE projects.number = ? ORDER BY datasets.created_at DESC
 LIMIT ? OFFSET ?
2026-05-08 14:34:11,179 INFO sqlalchemy.engine.Engine [cached since 1.943e+04s ago] (1001, 10, 0)
2026-05-08 14:34:11,190 INFO sqlalchemy.engine.Engine SELECT users.id, users.login, users.email 
FROM users 
WHERE users.id IN (?)
2026-05-08 14:34:11,190 INFO sqlalchemy.engine.Engine [cached since 1.943e+04s ago] (2,)
2026-05-08 14:34:11,192 INFO sqlalchemy.engine.Engine SELECT datasets.id, datasets.parent_id 
FROM datasets 
WHERE datasets.parent_id IN (?, ?, ?, ?, ?, ?, ?, ?, ?, ?)
2026-05-08 14:34:11,192 INFO sqlalchemy.engine.Engine [cached since 1.943e+04s ago] (273, 272, 270, 269, 268, 267, 266, 265, 245, 243)
INFO:     130.60.193.7:50661 - "GET /auth/login_options HTTP/1.1" 200 OK
2026-05-08 14:34:11,194 INFO sqlalchemy.engine.Engine BEGIN (implicit)
INFO:     130.60.193.7:50660 - "GET /projects/1001/datasets?q=&page=1&per=10 HTTP/1.1" 200 OK
2026-05-08 14:34:11,194 INFO sqlalchemy.engine.Engine SELECT datasets.id, datasets.parent_id, datasets.name, datasets.comment 
FROM datasets JOIN projects ON datasets.project_id = projects.id 
WHERE projects.number = ?
2026-05-08 14:34:11,195 INFO sqlalchemy.engine.Engine ROLLBACK
2026-05-08 14:34:11,195 INFO sqlalchemy.engine.Engine [cached since 1.921e+04s ago] (1001,)
2026-05-08 14:34:11,196 INFO sqlalchemy.engine.Engine SELECT datasets.parent_id, count(datasets.id) AS count_1 
FROM datasets 
WHERE datasets.parent_id IN (?, ?, ?, ?, ?, ?, ?, ?, ?, ?, ?, ?, ?, ?, ?, ?, ?, ?, ?, ?, ?, ?, ?, ?, ?, ?, ?, ?, ?, ?, ?, ?, ?, ?, ?, ?, ?, ?, ?, ?, ?, ?, ?, ?, ?, ?, ?, ?, ?, ?, ?, ?, ?, ?, ?, ?, ?, ?, ?, ?, ?, ?, ?) GROUP BY datasets.parent_id
2026-05-08 14:34:11,196 INFO sqlalchemy.engine.Engine [cached since 1.921e+04s ago] (129, 130, 131, 132, 133, 137, 265, 266, 267, 141, 268, 269, 270, 17, 18, 19, 20, 145, 147, 23, 150, 151, 152, 153, 154, 155, 37, 39, 168, 169, 44, 172, 173, 47, 51, 179, 53, 54, 180, 182, 185, 186, 188, 189, 190, 199, 200, 201, 202, 203, 205, 206, 272, 220, 221, 222, 273, 224, 228, 234, 243, 245, 127)
INFO:     130.60.193.7:50662 - "GET /projects/1001/datasets/tree HTTP/1.1" 200 OK
2026-05-08 14:34:11,197 INFO sqlalchemy.engine.Engine ROLLBACK
INFO:     130.60.193.7:50661 - "GET /auth/me HTTP/1.1" 200 OK
INFO:     130.60.193.7:50661 - "GET /projects/ HTTP/1.1" 200 OK
2026-05-08 14:34:24,041 INFO sqlalchemy.engine.Engine BEGIN (implicit)
2026-05-08 14:34:24,041 INFO sqlalchemy.engine.Engine SELECT count(*) AS count_1 
FROM datasets JOIN projects ON datasets.project_id = projects.id 
WHERE projects.number = ?
2026-05-08 14:34:24,041 INFO sqlalchemy.engine.Engine [cached since 1.944e+04s ago] (1001,)
2026-05-08 14:34:24,042 INFO sqlalchemy.engine.Engine SELECT datasets.id, datasets.project_id, datasets.parent_id, datasets.user_id, datasets.name, datasets.md5, datasets.comment, datasets.num_samples, datasets.completed_samples, datasets.sushi_app_name, datasets.job_parameters, datasets.bfabric_id, datasets.workunit_id, datasets.order_ids, datasets.created_at, datasets.updated_at 
FROM datasets JOIN projects ON datasets.project_id = projects.id 
WHERE projects.number = ? ORDER BY datasets.created_at DESC
 LIMIT ? OFFSET ?
2026-05-08 14:34:24,042 INFO sqlalchemy.engine.Engine [cached since 1.944e+04s ago] (1001, 10, 0)
2026-05-08 14:34:24,053 INFO sqlalchemy.engine.Engine SELECT users.id, users.login, users.email 
FROM users 
WHERE users.id IN (?)
2026-05-08 14:34:24,053 INFO sqlalchemy.engine.Engine [cached since 1.944e+04s ago] (2,)
2026-05-08 14:34:24,054 INFO sqlalchemy.engine.Engine SELECT datasets.id, datasets.parent_id 
FROM datasets 
WHERE datasets.parent_id IN (?, ?, ?, ?, ?, ?, ?, ?, ?, ?)
2026-05-08 14:34:24,054 INFO sqlalchemy.engine.Engine [cached since 1.944e+04s ago] (273, 272, 270, 269, 268, 267, 266, 265, 245, 243)
INFO:     130.60.193.7:50671 - "GET /projects/1001/datasets?q=&page=1&per=10 HTTP/1.1" 200 OK
2026-05-08 14:34:24,056 INFO sqlalchemy.engine.Engine ROLLBACK
INFO:     130.60.193.7:50673 - "GET /auth/login_options HTTP/1.1" 200 OK
2026-05-08 14:34:24,057 INFO sqlalchemy.engine.Engine BEGIN (implicit)
2026-05-08 14:34:24,058 INFO sqlalchemy.engine.Engine SELECT datasets.id, datasets.parent_id, datasets.name, datasets.comment 
FROM datasets JOIN projects ON datasets.project_id = projects.id 
WHERE projects.number = ?
2026-05-08 14:34:24,058 INFO sqlalchemy.engine.Engine [cached since 1.923e+04s ago] (1001,)
2026-05-08 14:34:24,058 INFO sqlalchemy.engine.Engine SELECT datasets.parent_id, count(datasets.id) AS count_1 
FROM datasets 
WHERE datasets.parent_id IN (?, ?, ?, ?, ?, ?, ?, ?, ?, ?, ?, ?, ?, ?, ?, ?, ?, ?, ?, ?, ?, ?, ?, ?, ?, ?, ?, ?, ?, ?, ?, ?, ?, ?, ?, ?, ?, ?, ?, ?, ?, ?, ?, ?, ?, ?, ?, ?, ?, ?, ?, ?, ?, ?, ?, ?, ?, ?, ?, ?, ?, ?, ?) GROUP BY datasets.parent_id
2026-05-08 14:34:24,058 INFO sqlalchemy.engine.Engine [cached since 1.923e+04s ago] (129, 130, 131, 132, 133, 137, 265, 266, 267, 141, 268, 269, 270, 17, 18, 19, 20, 145, 147, 23, 150, 151, 152, 153, 154, 155, 37, 39, 168, 169, 44, 172, 173, 47, 51, 179, 53, 54, 180, 182, 185, 186, 188, 189, 190, 199, 200, 201, 202, 203, 205, 206, 272, 220, 221, 222, 273, 224, 228, 234, 243, 245, 127)
INFO:     130.60.193.7:50672 - "GET /projects/1001/datasets/tree HTTP/1.1" 200 OK
2026-05-08 14:34:24,059 INFO sqlalchemy.engine.Engine ROLLBACK
INFO:     130.60.193.7:50672 - "GET /auth/me HTTP/1.1" 200 OK
INFO:     130.60.193.7:50672 - "GET /projects/ HTTP/1.1" 200 OK
INFO:     130.60.193.7:50684 - "GET /auth/login_options HTTP/1.1" 200 OK
2026-05-08 14:35:09,670 INFO sqlalchemy.engine.Engine BEGIN (implicit)
2026-05-08 14:35:09,670 INFO sqlalchemy.engine.Engine SELECT count(*) AS count_1 
FROM datasets JOIN projects ON datasets.project_id = projects.id 
WHERE projects.number = ?
2026-05-08 14:35:09,670 INFO sqlalchemy.engine.Engine [cached since 1.949e+04s ago] (1001,)
2026-05-08 14:35:09,671 INFO sqlalchemy.engine.Engine SELECT datasets.id, datasets.project_id, datasets.parent_id, datasets.user_id, datasets.name, datasets.md5, datasets.comment, datasets.num_samples, datasets.completed_samples, datasets.sushi_app_name, datasets.job_parameters, datasets.bfabric_id, datasets.workunit_id, datasets.order_ids, datasets.created_at, datasets.updated_at 
FROM datasets JOIN projects ON datasets.project_id = projects.id 
WHERE projects.number = ? ORDER BY datasets.created_at DESC
 LIMIT ? OFFSET ?
2026-05-08 14:35:09,671 INFO sqlalchemy.engine.Engine [cached since 1.949e+04s ago] (1001, 10, 0)
2026-05-08 14:35:09,672 INFO sqlalchemy.engine.Engine BEGIN (implicit)
2026-05-08 14:35:09,672 INFO sqlalchemy.engine.Engine SELECT datasets.id, datasets.parent_id, datasets.name, datasets.comment 
FROM datasets JOIN projects ON datasets.project_id = projects.id 
WHERE projects.number = ?
2026-05-08 14:35:09,672 INFO sqlalchemy.engine.Engine [cached since 1.927e+04s ago] (1001,)
2026-05-08 14:35:09,683 INFO sqlalchemy.engine.Engine SELECT users.id, users.login, users.email 
FROM users 
WHERE users.id IN (?)
2026-05-08 14:35:09,683 INFO sqlalchemy.engine.Engine [cached since 1.949e+04s ago] (2,)
2026-05-08 14:35:09,683 INFO sqlalchemy.engine.Engine SELECT datasets.id, datasets.parent_id 
FROM datasets 
WHERE datasets.parent_id IN (?, ?, ?, ?, ?, ?, ?, ?, ?, ?)
2026-05-08 14:35:09,683 INFO sqlalchemy.engine.Engine [cached since 1.949e+04s ago] (273, 272, 270, 269, 268, 267, 266, 265, 245, 243)
INFO:     130.60.193.7:50682 - "GET /projects/1001/datasets?q=&page=1&per=10 HTTP/1.1" 200 OK
2026-05-08 14:35:09,684 INFO sqlalchemy.engine.Engine ROLLBACK
2026-05-08 14:35:09,685 INFO sqlalchemy.engine.Engine SELECT datasets.parent_id, count(datasets.id) AS count_1 
FROM datasets 
WHERE datasets.parent_id IN (?, ?, ?, ?, ?, ?, ?, ?, ?, ?, ?, ?, ?, ?, ?, ?, ?, ?, ?, ?, ?, ?, ?, ?, ?, ?, ?, ?, ?, ?, ?, ?, ?, ?, ?, ?, ?, ?, ?, ?, ?, ?, ?, ?, ?, ?, ?, ?, ?, ?, ?, ?, ?, ?, ?, ?, ?, ?, ?, ?, ?, ?, ?) GROUP BY datasets.parent_id
2026-05-08 14:35:09,685 INFO sqlalchemy.engine.Engine [cached since 1.927e+04s ago] (129, 130, 131, 132, 133, 137, 265, 266, 267, 141, 268, 269, 270, 17, 18, 19, 20, 145, 147, 23, 150, 151, 152, 153, 154, 155, 37, 39, 168, 169, 44, 172, 173, 47, 51, 179, 53, 54, 180, 182, 185, 186, 188, 189, 190, 199, 200, 201, 202, 203, 205, 206, 272, 220, 221, 222, 273, 224, 228, 234, 243, 245, 127)
INFO:     130.60.193.7:50683 - "GET /projects/1001/datasets/tree HTTP/1.1" 200 OK
2026-05-08 14:35:09,686 INFO sqlalchemy.engine.Engine ROLLBACK
INFO:     130.60.193.7:50684 - "GET /auth/me HTTP/1.1" 200 OK
INFO:     130.60.193.7:50684 - "GET /projects/ HTTP/1.1" 200 OK
2026-05-08 14:35:18,830 INFO sqlalchemy.engine.Engine BEGIN (implicit)
2026-05-08 14:35:18,830 INFO sqlalchemy.engine.Engine SELECT count(*) AS count_1 
FROM datasets JOIN projects ON datasets.project_id = projects.id 
WHERE projects.number = ?
2026-05-08 14:35:18,830 INFO sqlalchemy.engine.Engine [cached since 1.95e+04s ago] (1001,)
2026-05-08 14:35:18,830 INFO sqlalchemy.engine.Engine SELECT datasets.id, datasets.project_id, datasets.parent_id, datasets.user_id, datasets.name, datasets.md5, datasets.comment, datasets.num_samples, datasets.completed_samples, datasets.sushi_app_name, datasets.job_parameters, datasets.bfabric_id, datasets.workunit_id, datasets.order_ids, datasets.created_at, datasets.updated_at 
FROM datasets JOIN projects ON datasets.project_id = projects.id 
WHERE projects.number = ? ORDER BY datasets.created_at DESC
 LIMIT ? OFFSET ?
2026-05-08 14:35:18,830 INFO sqlalchemy.engine.Engine [cached since 1.95e+04s ago] (1001, 10, 0)
2026-05-08 14:35:18,841 INFO sqlalchemy.engine.Engine SELECT users.id, users.login, users.email 
FROM users 
WHERE users.id IN (?)
2026-05-08 14:35:18,841 INFO sqlalchemy.engine.Engine [cached since 1.95e+04s ago] (2,)
INFO:     130.60.193.7:50693 - "GET /auth/login_options HTTP/1.1" 200 OK
2026-05-08 14:35:18,843 INFO sqlalchemy.engine.Engine SELECT datasets.id, datasets.parent_id 
FROM datasets 
WHERE datasets.parent_id IN (?, ?, ?, ?, ?, ?, ?, ?, ?, ?)
2026-05-08 14:35:18,843 INFO sqlalchemy.engine.Engine [cached since 1.95e+04s ago] (273, 272, 270, 269, 268, 267, 266, 265, 245, 243)
2026-05-08 14:35:18,845 INFO sqlalchemy.engine.Engine BEGIN (implicit)
2026-05-08 14:35:18,845 INFO sqlalchemy.engine.Engine SELECT datasets.id, datasets.parent_id, datasets.name, datasets.comment 
FROM datasets JOIN projects ON datasets.project_id = projects.id 
WHERE projects.number = ?
2026-05-08 14:35:18,845 INFO sqlalchemy.engine.Engine [cached since 1.928e+04s ago] (1001,)
INFO:     130.60.193.7:50691 - "GET /projects/1001/datasets?q=&page=1&per=10 HTTP/1.1" 200 OK
2026-05-08 14:35:18,845 INFO sqlalchemy.engine.Engine ROLLBACK
2026-05-08 14:35:18,847 INFO sqlalchemy.engine.Engine SELECT datasets.parent_id, count(datasets.id) AS count_1 
FROM datasets 
WHERE datasets.parent_id IN (?, ?, ?, ?, ?, ?, ?, ?, ?, ?, ?, ?, ?, ?, ?, ?, ?, ?, ?, ?, ?, ?, ?, ?, ?, ?, ?, ?, ?, ?, ?, ?, ?, ?, ?, ?, ?, ?, ?, ?, ?, ?, ?, ?, ?, ?, ?, ?, ?, ?, ?, ?, ?, ?, ?, ?, ?, ?, ?, ?, ?, ?, ?) GROUP BY datasets.parent_id
2026-05-08 14:35:18,847 INFO sqlalchemy.engine.Engine [cached since 1.928e+04s ago] (129, 130, 131, 132, 133, 137, 265, 266, 267, 141, 268, 269, 270, 17, 18, 19, 20, 145, 147, 23, 150, 151, 152, 153, 154, 155, 37, 39, 168, 169, 44, 172, 173, 47, 51, 179, 53, 54, 180, 182, 185, 186, 188, 189, 190, 199, 200, 201, 202, 203, 205, 206, 272, 220, 221, 222, 273, 224, 228, 234, 243, 245, 127)
INFO:     130.60.193.7:50692 - "GET /projects/1001/datasets/tree HTTP/1.1" 200 OK
2026-05-08 14:35:18,848 INFO sqlalchemy.engine.Engine ROLLBACK
INFO:     130.60.193.7:50693 - "GET /auth/me HTTP/1.1" 200 OK
INFO:     130.60.193.7:50693 - "GET /projects/ HTTP/1.1" 200 OK
2026-05-08 14:36:20,365 INFO sqlalchemy.engine.Engine BEGIN (implicit)
2026-05-08 14:36:20,365 INFO sqlalchemy.engine.Engine SELECT count(*) AS count_1 
FROM datasets JOIN projects ON datasets.project_id = projects.id 
WHERE projects.number = ?
2026-05-08 14:36:20,365 INFO sqlalchemy.engine.Engine [cached since 1.956e+04s ago] (1001,)
2026-05-08 14:36:20,366 INFO sqlalchemy.engine.Engine SELECT datasets.id, datasets.project_id, datasets.parent_id, datasets.user_id, datasets.name, datasets.md5, datasets.comment, datasets.num_samples, datasets.completed_samples, datasets.sushi_app_name, datasets.job_parameters, datasets.bfabric_id, datasets.workunit_id, datasets.order_ids, datasets.created_at, datasets.updated_at 
FROM datasets JOIN projects ON datasets.project_id = projects.id 
WHERE projects.number = ? ORDER BY datasets.created_at DESC
 LIMIT ? OFFSET ?
2026-05-08 14:36:20,366 INFO sqlalchemy.engine.Engine [cached since 1.956e+04s ago] (1001, 10, 0)
2026-05-08 14:36:20,376 INFO sqlalchemy.engine.Engine SELECT users.id, users.login, users.email 
FROM users 
WHERE users.id IN (?)
2026-05-08 14:36:20,376 INFO sqlalchemy.engine.Engine [cached since 1.956e+04s ago] (2,)
2026-05-08 14:36:20,377 INFO sqlalchemy.engine.Engine SELECT datasets.id, datasets.parent_id 
FROM datasets 
WHERE datasets.parent_id IN (?, ?, ?, ?, ?, ?, ?, ?, ?, ?)
2026-05-08 14:36:20,378 INFO sqlalchemy.engine.Engine [cached since 1.956e+04s ago] (273, 272, 270, 269, 268, 267, 266, 265, 245, 243)
INFO:     130.60.193.7:50704 - "GET /auth/login_options HTTP/1.1" 200 OK
INFO:     130.60.193.7:50702 - "GET /projects/1001/datasets?q=&page=1&per=10 HTTP/1.1" 200 OK
2026-05-08 14:36:20,380 INFO sqlalchemy.engine.Engine ROLLBACK
2026-05-08 14:36:20,381 INFO sqlalchemy.engine.Engine BEGIN (implicit)
2026-05-08 14:36:20,381 INFO sqlalchemy.engine.Engine SELECT datasets.id, datasets.parent_id, datasets.name, datasets.comment 
FROM datasets JOIN projects ON datasets.project_id = projects.id 
WHERE projects.number = ?
2026-05-08 14:36:20,381 INFO sqlalchemy.engine.Engine [cached since 1.934e+04s ago] (1001,)
2026-05-08 14:36:20,382 INFO sqlalchemy.engine.Engine SELECT datasets.parent_id, count(datasets.id) AS count_1 
FROM datasets 
WHERE datasets.parent_id IN (?, ?, ?, ?, ?, ?, ?, ?, ?, ?, ?, ?, ?, ?, ?, ?, ?, ?, ?, ?, ?, ?, ?, ?, ?, ?, ?, ?, ?, ?, ?, ?, ?, ?, ?, ?, ?, ?, ?, ?, ?, ?, ?, ?, ?, ?, ?, ?, ?, ?, ?, ?, ?, ?, ?, ?, ?, ?, ?, ?, ?, ?, ?) GROUP BY datasets.parent_id
2026-05-08 14:36:20,382 INFO sqlalchemy.engine.Engine [cached since 1.934e+04s ago] (129, 130, 131, 132, 133, 137, 265, 266, 267, 141, 268, 269, 270, 17, 18, 19, 20, 145, 147, 23, 150, 151, 152, 153, 154, 155, 37, 39, 168, 169, 44, 172, 173, 47, 51, 179, 53, 54, 180, 182, 185, 186, 188, 189, 190, 199, 200, 201, 202, 203, 205, 206, 272, 220, 221, 222, 273, 224, 228, 234, 243, 245, 127)
INFO:     130.60.193.7:50703 - "GET /projects/1001/datasets/tree HTTP/1.1" 200 OK
2026-05-08 14:36:20,382 INFO sqlalchemy.engine.Engine ROLLBACK
INFO:     130.60.193.7:50704 - "GET /auth/me HTTP/1.1" 200 OK
INFO:     130.60.193.7:50704 - "GET /projects/ HTTP/1.1" 200 OK
2026-05-08 14:38:07,733 INFO sqlalchemy.engine.Engine BEGIN (implicit)
2026-05-08 14:38:07,733 INFO sqlalchemy.engine.Engine SELECT count(*) AS count_1 
FROM datasets JOIN projects ON datasets.project_id = projects.id 
WHERE projects.number = ?
2026-05-08 14:38:07,733 INFO sqlalchemy.engine.Engine [cached since 1.966e+04s ago] (1001,)
2026-05-08 14:38:07,734 INFO sqlalchemy.engine.Engine SELECT datasets.id, datasets.project_id, datasets.parent_id, datasets.user_id, datasets.name, datasets.md5, datasets.comment, datasets.num_samples, datasets.completed_samples, datasets.sushi_app_name, datasets.job_parameters, datasets.bfabric_id, datasets.workunit_id, datasets.order_ids, datasets.created_at, datasets.updated_at 
FROM datasets JOIN projects ON datasets.project_id = projects.id 
WHERE projects.number = ? ORDER BY datasets.created_at DESC
 LIMIT ? OFFSET ?
2026-05-08 14:38:07,734 INFO sqlalchemy.engine.Engine [cached since 1.966e+04s ago] (1001, 10, 0)
2026-05-08 14:38:07,744 INFO sqlalchemy.engine.Engine SELECT users.id, users.login, users.email 
FROM users 
WHERE users.id IN (?)
2026-05-08 14:38:07,744 INFO sqlalchemy.engine.Engine [cached since 1.966e+04s ago] (2,)
2026-05-08 14:38:07,745 INFO sqlalchemy.engine.Engine SELECT datasets.id, datasets.parent_id 
FROM datasets 
WHERE datasets.parent_id IN (?, ?, ?, ?, ?, ?, ?, ?, ?, ?)
2026-05-08 14:38:07,745 INFO sqlalchemy.engine.Engine [cached since 1.966e+04s ago] (273, 272, 270, 269, 268, 267, 266, 265, 245, 243)
INFO:     130.60.193.7:50714 - "GET /projects/1001/datasets?q=&page=1&per=10 HTTP/1.1" 200 OK
2026-05-08 14:38:07,747 INFO sqlalchemy.engine.Engine ROLLBACK
INFO:     130.60.193.7:50716 - "GET /auth/login_options HTTP/1.1" 200 OK
2026-05-08 14:38:07,749 INFO sqlalchemy.engine.Engine BEGIN (implicit)
2026-05-08 14:38:07,749 INFO sqlalchemy.engine.Engine SELECT datasets.id, datasets.parent_id, datasets.name, datasets.comment 
FROM datasets JOIN projects ON datasets.project_id = projects.id 
WHERE projects.number = ?
2026-05-08 14:38:07,749 INFO sqlalchemy.engine.Engine [cached since 1.945e+04s ago] (1001,)
2026-05-08 14:38:07,750 INFO sqlalchemy.engine.Engine SELECT datasets.parent_id, count(datasets.id) AS count_1 
FROM datasets 
WHERE datasets.parent_id IN (?, ?, ?, ?, ?, ?, ?, ?, ?, ?, ?, ?, ?, ?, ?, ?, ?, ?, ?, ?, ?, ?, ?, ?, ?, ?, ?, ?, ?, ?, ?, ?, ?, ?, ?, ?, ?, ?, ?, ?, ?, ?, ?, ?, ?, ?, ?, ?, ?, ?, ?, ?, ?, ?, ?, ?, ?, ?, ?, ?, ?, ?, ?) GROUP BY datasets.parent_id
2026-05-08 14:38:07,750 INFO sqlalchemy.engine.Engine [cached since 1.945e+04s ago] (129, 130, 131, 132, 133, 137, 265, 266, 267, 141, 268, 269, 270, 17, 18, 19, 20, 145, 147, 23, 150, 151, 152, 153, 154, 155, 37, 39, 168, 169, 44, 172, 173, 47, 51, 179, 53, 54, 180, 182, 185, 186, 188, 189, 190, 199, 200, 201, 202, 203, 205, 206, 272, 220, 221, 222, 273, 224, 228, 234, 243, 245, 127)
INFO:     130.60.193.7:50715 - "GET /projects/1001/datasets/tree HTTP/1.1" 200 OK
2026-05-08 14:38:07,751 INFO sqlalchemy.engine.Engine ROLLBACK
INFO:     130.60.193.7:50715 - "GET /auth/me HTTP/1.1" 200 OK
INFO:     130.60.193.7:50715 - "GET /projects/ HTTP/1.1" 200 OK
2026-05-08 14:38:20,802 INFO sqlalchemy.engine.Engine BEGIN (implicit)
2026-05-08 14:38:20,802 INFO sqlalchemy.engine.Engine SELECT count(*) AS count_1 
FROM datasets JOIN projects ON datasets.project_id = projects.id 
WHERE projects.number = ?
2026-05-08 14:38:20,802 INFO sqlalchemy.engine.Engine [cached since 1.968e+04s ago] (1001,)
2026-05-08 14:38:20,803 INFO sqlalchemy.engine.Engine SELECT datasets.id, datasets.project_id, datasets.parent_id, datasets.user_id, datasets.name, datasets.md5, datasets.comment, datasets.num_samples, datasets.completed_samples, datasets.sushi_app_name, datasets.job_parameters, datasets.bfabric_id, datasets.workunit_id, datasets.order_ids, datasets.created_at, datasets.updated_at 
FROM datasets JOIN projects ON datasets.project_id = projects.id 
WHERE projects.number = ? ORDER BY datasets.created_at DESC
 LIMIT ? OFFSET ?
2026-05-08 14:38:20,803 INFO sqlalchemy.engine.Engine [cached since 1.968e+04s ago] (1001, 10, 0)
2026-05-08 14:38:20,814 INFO sqlalchemy.engine.Engine SELECT users.id, users.login, users.email 
FROM users 
WHERE users.id IN (?)
2026-05-08 14:38:20,814 INFO sqlalchemy.engine.Engine [cached since 1.968e+04s ago] (2,)
2026-05-08 14:38:20,815 INFO sqlalchemy.engine.Engine SELECT datasets.id, datasets.parent_id 
FROM datasets 
WHERE datasets.parent_id IN (?, ?, ?, ?, ?, ?, ?, ?, ?, ?)
2026-05-08 14:38:20,815 INFO sqlalchemy.engine.Engine [cached since 1.968e+04s ago] (273, 272, 270, 269, 268, 267, 266, 265, 245, 243)
INFO:     130.60.193.7:50725 - "GET /projects/1001/datasets?q=&page=1&per=10 HTTP/1.1" 200 OK
INFO:     130.60.193.7:50727 - "GET /auth/login_options HTTP/1.1" 200 OK
2026-05-08 14:38:20,817 INFO sqlalchemy.engine.Engine ROLLBACK
2026-05-08 14:38:20,818 INFO sqlalchemy.engine.Engine BEGIN (implicit)
2026-05-08 14:38:20,818 INFO sqlalchemy.engine.Engine SELECT datasets.id, datasets.parent_id, datasets.name, datasets.comment 
FROM datasets JOIN projects ON datasets.project_id = projects.id 
WHERE projects.number = ?
2026-05-08 14:38:20,818 INFO sqlalchemy.engine.Engine [cached since 1.946e+04s ago] (1001,)
2026-05-08 14:38:20,819 INFO sqlalchemy.engine.Engine SELECT datasets.parent_id, count(datasets.id) AS count_1 
FROM datasets 
WHERE datasets.parent_id IN (?, ?, ?, ?, ?, ?, ?, ?, ?, ?, ?, ?, ?, ?, ?, ?, ?, ?, ?, ?, ?, ?, ?, ?, ?, ?, ?, ?, ?, ?, ?, ?, ?, ?, ?, ?, ?, ?, ?, ?, ?, ?, ?, ?, ?, ?, ?, ?, ?, ?, ?, ?, ?, ?, ?, ?, ?, ?, ?, ?, ?, ?, ?) GROUP BY datasets.parent_id
2026-05-08 14:38:20,819 INFO sqlalchemy.engine.Engine [cached since 1.946e+04s ago] (129, 130, 131, 132, 133, 137, 265, 266, 267, 141, 268, 269, 270, 17, 18, 19, 20, 145, 147, 23, 150, 151, 152, 153, 154, 155, 37, 39, 168, 169, 44, 172, 173, 47, 51, 179, 53, 54, 180, 182, 185, 186, 188, 189, 190, 199, 200, 201, 202, 203, 205, 206, 272, 220, 221, 222, 273, 224, 228, 234, 243, 245, 127)
INFO:     130.60.193.7:50726 - "GET /projects/1001/datasets/tree HTTP/1.1" 200 OK
2026-05-08 14:38:20,820 INFO sqlalchemy.engine.Engine ROLLBACK
INFO:     130.60.193.7:50727 - "GET /auth/me HTTP/1.1" 200 OK
INFO:     130.60.193.7:50727 - "GET /projects/ HTTP/1.1" 200 OK
2026-05-08 14:39:02,283 INFO sqlalchemy.engine.Engine BEGIN (implicit)
2026-05-08 14:39:02,283 INFO sqlalchemy.engine.Engine SELECT count(*) AS count_1 
FROM datasets JOIN projects ON datasets.project_id = projects.id 
WHERE projects.number = ?
2026-05-08 14:39:02,283 INFO sqlalchemy.engine.Engine [cached since 1.972e+04s ago] (1001,)
2026-05-08 14:39:02,284 INFO sqlalchemy.engine.Engine SELECT datasets.id, datasets.project_id, datasets.parent_id, datasets.user_id, datasets.name, datasets.md5, datasets.comment, datasets.num_samples, datasets.completed_samples, datasets.sushi_app_name, datasets.job_parameters, datasets.bfabric_id, datasets.workunit_id, datasets.order_ids, datasets.created_at, datasets.updated_at 
FROM datasets JOIN projects ON datasets.project_id = projects.id 
WHERE projects.number = ? ORDER BY datasets.created_at DESC
 LIMIT ? OFFSET ?
2026-05-08 14:39:02,284 INFO sqlalchemy.engine.Engine [cached since 1.972e+04s ago] (1001, 10, 0)
INFO:     130.60.193.7:50738 - "GET /auth/login_options HTTP/1.1" 200 OK
2026-05-08 14:39:02,297 INFO sqlalchemy.engine.Engine SELECT users.id, users.login, users.email 
FROM users 
WHERE users.id IN (?)
2026-05-08 14:39:02,297 INFO sqlalchemy.engine.Engine [cached since 1.972e+04s ago] (2,)
2026-05-08 14:39:02,298 INFO sqlalchemy.engine.Engine SELECT datasets.id, datasets.parent_id 
FROM datasets 
WHERE datasets.parent_id IN (?, ?, ?, ?, ?, ?, ?, ?, ?, ?)
2026-05-08 14:39:02,298 INFO sqlalchemy.engine.Engine [cached since 1.972e+04s ago] (273, 272, 270, 269, 268, 267, 266, 265, 245, 243)
2026-05-08 14:39:02,299 INFO sqlalchemy.engine.Engine BEGIN (implicit)
2026-05-08 14:39:02,299 INFO sqlalchemy.engine.Engine SELECT datasets.id, datasets.parent_id, datasets.name, datasets.comment 
FROM datasets JOIN projects ON datasets.project_id = projects.id 
WHERE projects.number = ?
2026-05-08 14:39:02,299 INFO sqlalchemy.engine.Engine [cached since 1.95e+04s ago] (1001,)
INFO:     130.60.193.7:50737 - "GET /projects/1001/datasets?q=&page=1&per=10 HTTP/1.1" 200 OK
2026-05-08 14:39:02,300 INFO sqlalchemy.engine.Engine ROLLBACK
2026-05-08 14:39:02,301 INFO sqlalchemy.engine.Engine SELECT datasets.parent_id, count(datasets.id) AS count_1 
FROM datasets 
WHERE datasets.parent_id IN (?, ?, ?, ?, ?, ?, ?, ?, ?, ?, ?, ?, ?, ?, ?, ?, ?, ?, ?, ?, ?, ?, ?, ?, ?, ?, ?, ?, ?, ?, ?, ?, ?, ?, ?, ?, ?, ?, ?, ?, ?, ?, ?, ?, ?, ?, ?, ?, ?, ?, ?, ?, ?, ?, ?, ?, ?, ?, ?, ?, ?, ?, ?) GROUP BY datasets.parent_id
2026-05-08 14:39:02,301 INFO sqlalchemy.engine.Engine [cached since 1.95e+04s ago] (129, 130, 131, 132, 133, 137, 265, 266, 267, 141, 268, 269, 270, 17, 18, 19, 20, 145, 147, 23, 150, 151, 152, 153, 154, 155, 37, 39, 168, 169, 44, 172, 173, 47, 51, 179, 53, 54, 180, 182, 185, 186, 188, 189, 190, 199, 200, 201, 202, 203, 205, 206, 272, 220, 221, 222, 273, 224, 228, 234, 243, 245, 127)
INFO:     130.60.193.7:50739 - "GET /projects/1001/datasets/tree HTTP/1.1" 200 OK
2026-05-08 14:39:02,301 INFO sqlalchemy.engine.Engine ROLLBACK
INFO:     130.60.193.7:50738 - "GET /auth/me HTTP/1.1" 200 OK
INFO:     130.60.193.7:50738 - "GET /projects/ HTTP/1.1" 200 OK
2026-05-08 14:39:10,276 INFO sqlalchemy.engine.Engine BEGIN (implicit)
2026-05-08 14:39:10,276 INFO sqlalchemy.engine.Engine SELECT count(*) AS count_1 
FROM datasets JOIN projects ON datasets.project_id = projects.id 
WHERE projects.number = ?
2026-05-08 14:39:10,276 INFO sqlalchemy.engine.Engine [cached since 1.973e+04s ago] (1001,)
2026-05-08 14:39:10,277 INFO sqlalchemy.engine.Engine SELECT datasets.id, datasets.project_id, datasets.parent_id, datasets.user_id, datasets.name, datasets.md5, datasets.comment, datasets.num_samples, datasets.completed_samples, datasets.sushi_app_name, datasets.job_parameters, datasets.bfabric_id, datasets.workunit_id, datasets.order_ids, datasets.created_at, datasets.updated_at 
FROM datasets JOIN projects ON datasets.project_id = projects.id 
WHERE projects.number = ? ORDER BY datasets.created_at DESC
 LIMIT ? OFFSET ?
2026-05-08 14:39:10,277 INFO sqlalchemy.engine.Engine [cached since 1.973e+04s ago] (1001, 10, 0)
2026-05-08 14:39:10,288 INFO sqlalchemy.engine.Engine SELECT users.id, users.login, users.email 
FROM users 
WHERE users.id IN (?)
2026-05-08 14:39:10,288 INFO sqlalchemy.engine.Engine [cached since 1.973e+04s ago] (2,)
2026-05-08 14:39:10,289 INFO sqlalchemy.engine.Engine SELECT datasets.id, datasets.parent_id 
FROM datasets 
WHERE datasets.parent_id IN (?, ?, ?, ?, ?, ?, ?, ?, ?, ?)
2026-05-08 14:39:10,289 INFO sqlalchemy.engine.Engine [cached since 1.973e+04s ago] (273, 272, 270, 269, 268, 267, 266, 265, 245, 243)
INFO:     130.60.193.7:50749 - "GET /auth/login_options HTTP/1.1" 200 OK
INFO:     130.60.193.7:50747 - "GET /projects/1001/datasets?q=&page=1&per=10 HTTP/1.1" 200 OK
2026-05-08 14:39:10,291 INFO sqlalchemy.engine.Engine ROLLBACK
2026-05-08 14:39:10,292 INFO sqlalchemy.engine.Engine BEGIN (implicit)
2026-05-08 14:39:10,292 INFO sqlalchemy.engine.Engine SELECT datasets.id, datasets.parent_id, datasets.name, datasets.comment 
FROM datasets JOIN projects ON datasets.project_id = projects.id 
WHERE projects.number = ?
2026-05-08 14:39:10,292 INFO sqlalchemy.engine.Engine [cached since 1.951e+04s ago] (1001,)
2026-05-08 14:39:10,293 INFO sqlalchemy.engine.Engine SELECT datasets.parent_id, count(datasets.id) AS count_1 
FROM datasets 
WHERE datasets.parent_id IN (?, ?, ?, ?, ?, ?, ?, ?, ?, ?, ?, ?, ?, ?, ?, ?, ?, ?, ?, ?, ?, ?, ?, ?, ?, ?, ?, ?, ?, ?, ?, ?, ?, ?, ?, ?, ?, ?, ?, ?, ?, ?, ?, ?, ?, ?, ?, ?, ?, ?, ?, ?, ?, ?, ?, ?, ?, ?, ?, ?, ?, ?, ?) GROUP BY datasets.parent_id
2026-05-08 14:39:10,293 INFO sqlalchemy.engine.Engine [cached since 1.951e+04s ago] (129, 130, 131, 132, 133, 137, 265, 266, 267, 141, 268, 269, 270, 17, 18, 19, 20, 145, 147, 23, 150, 151, 152, 153, 154, 155, 37, 39, 168, 169, 44, 172, 173, 47, 51, 179, 53, 54, 180, 182, 185, 186, 188, 189, 190, 199, 200, 201, 202, 203, 205, 206, 272, 220, 221, 222, 273, 224, 228, 234, 243, 245, 127)
INFO:     130.60.193.7:50748 - "GET /projects/1001/datasets/tree HTTP/1.1" 200 OK
2026-05-08 14:39:10,294 INFO sqlalchemy.engine.Engine ROLLBACK
INFO:     130.60.193.7:50749 - "GET /auth/me HTTP/1.1" 200 OK
INFO:     130.60.193.7:50749 - "GET /projects/ HTTP/1.1" 200 OK
INFO:     130.60.193.7:50758 - "OPTIONS /projects/1001/datasets?q=&page=1&per=10 HTTP/1.1" 200 OK
INFO:     130.60.193.7:50759 - "OPTIONS /projects/1001/datasets/tree HTTP/1.1" 200 OK
INFO:     130.60.193.7:50760 - "OPTIONS /auth/login_options HTTP/1.1" 200 OK
2026-05-08 14:41:06,906 INFO sqlalchemy.engine.Engine BEGIN (implicit)
2026-05-08 14:41:06,906 INFO sqlalchemy.engine.Engine SELECT count(*) AS count_1 
FROM datasets JOIN projects ON datasets.project_id = projects.id 
WHERE projects.number = ?
2026-05-08 14:41:06,906 INFO sqlalchemy.engine.Engine [cached since 1.984e+04s ago] (1001,)
2026-05-08 14:41:06,907 INFO sqlalchemy.engine.Engine SELECT datasets.id, datasets.project_id, datasets.parent_id, datasets.user_id, datasets.name, datasets.md5, datasets.comment, datasets.num_samples, datasets.completed_samples, datasets.sushi_app_name, datasets.job_parameters, datasets.bfabric_id, datasets.workunit_id, datasets.order_ids, datasets.created_at, datasets.updated_at 
FROM datasets JOIN projects ON datasets.project_id = projects.id 
WHERE projects.number = ? ORDER BY datasets.created_at DESC
 LIMIT ? OFFSET ?
2026-05-08 14:41:06,907 INFO sqlalchemy.engine.Engine [cached since 1.984e+04s ago] (1001, 10, 0)
2026-05-08 14:41:06,918 INFO sqlalchemy.engine.Engine SELECT users.id, users.login, users.email 
FROM users 
WHERE users.id IN (?)
2026-05-08 14:41:06,918 INFO sqlalchemy.engine.Engine [cached since 1.984e+04s ago] (2,)
2026-05-08 14:41:06,919 INFO sqlalchemy.engine.Engine SELECT datasets.id, datasets.parent_id 
FROM datasets 
WHERE datasets.parent_id IN (?, ?, ?, ?, ?, ?, ?, ?, ?, ?)
2026-05-08 14:41:06,919 INFO sqlalchemy.engine.Engine [cached since 1.984e+04s ago] (273, 272, 270, 269, 268, 267, 266, 265, 245, 243)
INFO:     130.60.193.7:50763 - "GET /auth/login_options HTTP/1.1" 200 OK
INFO:     130.60.193.7:50761 - "GET /projects/1001/datasets?q=&page=1&per=10 HTTP/1.1" 200 OK
2026-05-08 14:41:06,921 INFO sqlalchemy.engine.Engine ROLLBACK
2026-05-08 14:41:06,922 INFO sqlalchemy.engine.Engine BEGIN (implicit)
2026-05-08 14:41:06,922 INFO sqlalchemy.engine.Engine SELECT datasets.id, datasets.parent_id, datasets.name, datasets.comment 
FROM datasets JOIN projects ON datasets.project_id = projects.id 
WHERE projects.number = ?
2026-05-08 14:41:06,922 INFO sqlalchemy.engine.Engine [cached since 1.963e+04s ago] (1001,)
2026-05-08 14:41:06,923 INFO sqlalchemy.engine.Engine SELECT datasets.parent_id, count(datasets.id) AS count_1 
FROM datasets 
WHERE datasets.parent_id IN (?, ?, ?, ?, ?, ?, ?, ?, ?, ?, ?, ?, ?, ?, ?, ?, ?, ?, ?, ?, ?, ?, ?, ?, ?, ?, ?, ?, ?, ?, ?, ?, ?, ?, ?, ?, ?, ?, ?, ?, ?, ?, ?, ?, ?, ?, ?, ?, ?, ?, ?, ?, ?, ?, ?, ?, ?, ?, ?, ?, ?, ?, ?) GROUP BY datasets.parent_id
2026-05-08 14:41:06,923 INFO sqlalchemy.engine.Engine [cached since 1.963e+04s ago] (129, 130, 131, 132, 133, 137, 265, 266, 267, 141, 268, 269, 270, 17, 18, 19, 20, 145, 147, 23, 150, 151, 152, 153, 154, 155, 37, 39, 168, 169, 44, 172, 173, 47, 51, 179, 53, 54, 180, 182, 185, 186, 188, 189, 190, 199, 200, 201, 202, 203, 205, 206, 272, 220, 221, 222, 273, 224, 228, 234, 243, 245, 127)
INFO:     130.60.193.7:50762 - "GET /projects/1001/datasets/tree HTTP/1.1" 200 OK
2026-05-08 14:41:06,924 INFO sqlalchemy.engine.Engine ROLLBACK
INFO:     130.60.193.7:50760 - "OPTIONS /auth/me HTTP/1.1" 200 OK
INFO:     130.60.193.7:50762 - "GET /auth/me HTTP/1.1" 200 OK
INFO:     130.60.193.7:50760 - "OPTIONS /projects/ HTTP/1.1" 200 OK
INFO:     130.60.193.7:50762 - "GET /projects/ HTTP/1.1" 200 OK
INFO:     130.60.193.7:50771 - "OPTIONS /projects/1001/datasets?q=&page=1&per=10 HTTP/1.1" 200 OK
INFO:     130.60.193.7:50772 - "OPTIONS /projects/1001/datasets/tree HTTP/1.1" 200 OK
INFO:     130.60.193.7:50773 - "OPTIONS /auth/login_options HTTP/1.1" 200 OK
2026-05-08 14:41:25,153 INFO sqlalchemy.engine.Engine BEGIN (implicit)
2026-05-08 14:41:25,154 INFO sqlalchemy.engine.Engine SELECT count(*) AS count_1 
FROM datasets JOIN projects ON datasets.project_id = projects.id 
WHERE projects.number = ?
2026-05-08 14:41:25,154 INFO sqlalchemy.engine.Engine [cached since 1.986e+04s ago] (1001,)
2026-05-08 14:41:25,154 INFO sqlalchemy.engine.Engine SELECT datasets.id, datasets.project_id, datasets.parent_id, datasets.user_id, datasets.name, datasets.md5, datasets.comment, datasets.num_samples, datasets.completed_samples, datasets.sushi_app_name, datasets.job_parameters, datasets.bfabric_id, datasets.workunit_id, datasets.order_ids, datasets.created_at, datasets.updated_at 
FROM datasets JOIN projects ON datasets.project_id = projects.id 
WHERE projects.number = ? ORDER BY datasets.created_at DESC
 LIMIT ? OFFSET ?
2026-05-08 14:41:25,154 INFO sqlalchemy.engine.Engine [cached since 1.986e+04s ago] (1001, 10, 0)
2026-05-08 14:41:25,165 INFO sqlalchemy.engine.Engine SELECT users.id, users.login, users.email 
FROM users 
WHERE users.id IN (?)
2026-05-08 14:41:25,165 INFO sqlalchemy.engine.Engine [cached since 1.986e+04s ago] (2,)
2026-05-08 14:41:25,166 INFO sqlalchemy.engine.Engine SELECT datasets.id, datasets.parent_id 
FROM datasets 
WHERE datasets.parent_id IN (?, ?, ?, ?, ?, ?, ?, ?, ?, ?)
2026-05-08 14:41:25,166 INFO sqlalchemy.engine.Engine [cached since 1.986e+04s ago] (273, 272, 270, 269, 268, 267, 266, 265, 245, 243)
INFO:     130.60.193.7:50774 - "GET /projects/1001/datasets?q=&page=1&per=10 HTTP/1.1" 200 OK
2026-05-08 14:41:25,167 INFO sqlalchemy.engine.Engine ROLLBACK
INFO:     130.60.193.7:50776 - "GET /auth/login_options HTTP/1.1" 200 OK
2026-05-08 14:41:25,170 INFO sqlalchemy.engine.Engine BEGIN (implicit)
2026-05-08 14:41:25,170 INFO sqlalchemy.engine.Engine SELECT datasets.id, datasets.parent_id, datasets.name, datasets.comment 
FROM datasets JOIN projects ON datasets.project_id = projects.id 
WHERE projects.number = ?
2026-05-08 14:41:25,171 INFO sqlalchemy.engine.Engine [cached since 1.965e+04s ago] (1001,)
2026-05-08 14:41:25,171 INFO sqlalchemy.engine.Engine SELECT datasets.parent_id, count(datasets.id) AS count_1 
FROM datasets 
WHERE datasets.parent_id IN (?, ?, ?, ?, ?, ?, ?, ?, ?, ?, ?, ?, ?, ?, ?, ?, ?, ?, ?, ?, ?, ?, ?, ?, ?, ?, ?, ?, ?, ?, ?, ?, ?, ?, ?, ?, ?, ?, ?, ?, ?, ?, ?, ?, ?, ?, ?, ?, ?, ?, ?, ?, ?, ?, ?, ?, ?, ?, ?, ?, ?, ?, ?) GROUP BY datasets.parent_id
2026-05-08 14:41:25,171 INFO sqlalchemy.engine.Engine [cached since 1.965e+04s ago] (129, 130, 131, 132, 133, 137, 265, 266, 267, 141, 268, 269, 270, 17, 18, 19, 20, 145, 147, 23, 150, 151, 152, 153, 154, 155, 37, 39, 168, 169, 44, 172, 173, 47, 51, 179, 53, 54, 180, 182, 185, 186, 188, 189, 190, 199, 200, 201, 202, 203, 205, 206, 272, 220, 221, 222, 273, 224, 228, 234, 243, 245, 127)
INFO:     130.60.193.7:50775 - "GET /projects/1001/datasets/tree HTTP/1.1" 200 OK
2026-05-08 14:41:25,172 INFO sqlalchemy.engine.Engine ROLLBACK
INFO:     130.60.193.7:50776 - "GET /auth/me HTTP/1.1" 200 OK
INFO:     130.60.193.7:50776 - "GET /projects/ HTTP/1.1" 200 OK
2026-05-08 14:41:48,509 INFO sqlalchemy.engine.Engine BEGIN (implicit)
2026-05-08 14:41:48,509 INFO sqlalchemy.engine.Engine SELECT count(*) AS count_1 
FROM datasets JOIN projects ON datasets.project_id = projects.id 
WHERE projects.number = ?
2026-05-08 14:41:48,509 INFO sqlalchemy.engine.Engine [cached since 1.989e+04s ago] (1001,)
2026-05-08 14:41:48,509 INFO sqlalchemy.engine.Engine SELECT datasets.id, datasets.project_id, datasets.parent_id, datasets.user_id, datasets.name, datasets.md5, datasets.comment, datasets.num_samples, datasets.completed_samples, datasets.sushi_app_name, datasets.job_parameters, datasets.bfabric_id, datasets.workunit_id, datasets.order_ids, datasets.created_at, datasets.updated_at 
FROM datasets JOIN projects ON datasets.project_id = projects.id 
WHERE projects.number = ? ORDER BY datasets.created_at DESC
 LIMIT ? OFFSET ?
2026-05-08 14:41:48,509 INFO sqlalchemy.engine.Engine [cached since 1.989e+04s ago] (1001, 10, 0)
2026-05-08 14:41:48,520 INFO sqlalchemy.engine.Engine SELECT users.id, users.login, users.email 
FROM users 
WHERE users.id IN (?)
2026-05-08 14:41:48,520 INFO sqlalchemy.engine.Engine [cached since 1.989e+04s ago] (2,)
2026-05-08 14:41:48,521 INFO sqlalchemy.engine.Engine SELECT datasets.id, datasets.parent_id 
FROM datasets 
WHERE datasets.parent_id IN (?, ?, ?, ?, ?, ?, ?, ?, ?, ?)
2026-05-08 14:41:48,521 INFO sqlalchemy.engine.Engine [cached since 1.989e+04s ago] (273, 272, 270, 269, 268, 267, 266, 265, 245, 243)
INFO:     130.60.193.7:50785 - "GET /projects/1001/datasets?q=&page=1&per=10 HTTP/1.1" 200 OK
INFO:     130.60.193.7:50787 - "GET /auth/login_options HTTP/1.1" 200 OK
2026-05-08 14:41:48,523 INFO sqlalchemy.engine.Engine ROLLBACK
2026-05-08 14:41:48,524 INFO sqlalchemy.engine.Engine BEGIN (implicit)
2026-05-08 14:41:48,524 INFO sqlalchemy.engine.Engine SELECT datasets.id, datasets.parent_id, datasets.name, datasets.comment 
FROM datasets JOIN projects ON datasets.project_id = projects.id 
WHERE projects.number = ?
2026-05-08 14:41:48,525 INFO sqlalchemy.engine.Engine [cached since 1.967e+04s ago] (1001,)
2026-05-08 14:41:48,525 INFO sqlalchemy.engine.Engine SELECT datasets.parent_id, count(datasets.id) AS count_1 
FROM datasets 
WHERE datasets.parent_id IN (?, ?, ?, ?, ?, ?, ?, ?, ?, ?, ?, ?, ?, ?, ?, ?, ?, ?, ?, ?, ?, ?, ?, ?, ?, ?, ?, ?, ?, ?, ?, ?, ?, ?, ?, ?, ?, ?, ?, ?, ?, ?, ?, ?, ?, ?, ?, ?, ?, ?, ?, ?, ?, ?, ?, ?, ?, ?, ?, ?, ?, ?, ?) GROUP BY datasets.parent_id
2026-05-08 14:41:48,525 INFO sqlalchemy.engine.Engine [cached since 1.967e+04s ago] (129, 130, 131, 132, 133, 137, 265, 266, 267, 141, 268, 269, 270, 17, 18, 19, 20, 145, 147, 23, 150, 151, 152, 153, 154, 155, 37, 39, 168, 169, 44, 172, 173, 47, 51, 179, 53, 54, 180, 182, 185, 186, 188, 189, 190, 199, 200, 201, 202, 203, 205, 206, 272, 220, 221, 222, 273, 224, 228, 234, 243, 245, 127)
INFO:     130.60.193.7:50786 - "GET /projects/1001/datasets/tree HTTP/1.1" 200 OK
2026-05-08 14:41:48,526 INFO sqlalchemy.engine.Engine ROLLBACK
INFO:     130.60.193.7:50785 - "GET /auth/me HTTP/1.1" 200 OK
INFO:     130.60.193.7:50785 - "GET /projects/ HTTP/1.1" 200 OK
INFO:     130.60.193.7:50804 - "OPTIONS /datasets/23 HTTP/1.1" 200 OK
INFO:     130.60.193.7:50805 - "OPTIONS /datasets/23/tree HTTP/1.1" 200 OK
INFO:     130.60.193.7:50806 - "GET /auth/login_options HTTP/1.1" 200 OK
2026-05-08 14:43:08,867 INFO sqlalchemy.engine.Engine BEGIN (implicit)
2026-05-08 14:43:08,867 INFO sqlalchemy.engine.Engine SELECT datasets.id AS datasets_id, datasets.project_id AS datasets_project_id, datasets.parent_id AS datasets_parent_id, datasets.user_id AS datasets_user_id, datasets.name AS datasets_name, datasets.md5 AS datasets_md5, datasets.comment AS datasets_comment, datasets.num_samples AS datasets_num_samples, datasets.completed_samples AS datasets_completed_samples, datasets.sushi_app_name AS datasets_sushi_app_name, datasets.job_parameters AS datasets_job_parameters, datasets.bfabric_id AS datasets_bfabric_id, datasets.workunit_id AS datasets_workunit_id, datasets.order_ids AS datasets_order_ids, datasets.created_at AS datasets_created_at, datasets.updated_at AS datasets_updated_at 
FROM datasets 
WHERE datasets.id = ?
2026-05-08 14:43:08,868 INFO sqlalchemy.engine.Engine [cached since 1.995e+04s ago] (23,)
2026-05-08 14:43:08,868 INFO sqlalchemy.engine.Engine SELECT users.id, users.login, users.email 
FROM users 
WHERE users.id IN (?)
2026-05-08 14:43:08,868 INFO sqlalchemy.engine.Engine [cached since 1.997e+04s ago] (2,)
2026-05-08 14:43:08,868 INFO sqlalchemy.engine.Engine SELECT projects.id, projects.number, projects.created_at, projects.updated_at 
FROM projects 
WHERE projects.id = ?
2026-05-08 14:43:08,869 INFO sqlalchemy.engine.Engine [cached since 1.995e+04s ago] (3,)
2026-05-08 14:43:08,869 INFO sqlalchemy.engine.Engine SELECT datasets.id 
FROM datasets 
WHERE datasets.parent_id = ?
2026-05-08 14:43:08,869 INFO sqlalchemy.engine.Engine [cached since 1.995e+04s ago] (23,)
2026-05-08 14:43:08,869 INFO sqlalchemy.engine.Engine SELECT samples.id, samples.key_value, samples.data_set_id, samples.created_at, samples.updated_at 
FROM samples 
WHERE samples.data_set_id = ?
2026-05-08 14:43:08,869 INFO sqlalchemy.engine.Engine [cached since 1.995e+04s ago] (23,)
2026-05-08 14:43:08,870 INFO sqlalchemy.engine.Engine SELECT samples.id, samples.key_value, samples.data_set_id, samples.created_at, samples.updated_at 
FROM samples 
WHERE samples.data_set_id = ?
2026-05-08 14:43:08,870 INFO sqlalchemy.engine.Engine [cached since 1.995e+04s ago] (23,)
2026-05-08 14:43:08,870 INFO sqlalchemy.engine.Engine SELECT samples.id, samples.key_value, samples.data_set_id, samples.created_at, samples.updated_at 
FROM samples 
WHERE samples.data_set_id = ?
2026-05-08 14:43:08,870 INFO sqlalchemy.engine.Engine [cached since 1.995e+04s ago] (23,)
INFO:     130.60.193.7:50806 - "GET /datasets/23 HTTP/1.1" 200 OK
2026-05-08 14:43:08,871 INFO sqlalchemy.engine.Engine ROLLBACK
2026-05-08 14:43:08,872 INFO sqlalchemy.engine.Engine BEGIN (implicit)
2026-05-08 14:43:08,873 INFO sqlalchemy.engine.Engine SELECT datasets.id AS datasets_id, datasets.project_id AS datasets_project_id, datasets.parent_id AS datasets_parent_id, datasets.user_id AS datasets_user_id, datasets.name AS datasets_name, datasets.md5 AS datasets_md5, datasets.comment AS datasets_comment, datasets.num_samples AS datasets_num_samples, datasets.completed_samples AS datasets_completed_samples, datasets.sushi_app_name AS datasets_sushi_app_name, datasets.job_parameters AS datasets_job_parameters, datasets.bfabric_id AS datasets_bfabric_id, datasets.workunit_id AS datasets_workunit_id, datasets.order_ids AS datasets_order_ids, datasets.created_at AS datasets_created_at, datasets.updated_at AS datasets_updated_at 
FROM datasets 
WHERE datasets.id = ?
2026-05-08 14:43:08,873 INFO sqlalchemy.engine.Engine [cached since 1.995e+04s ago] (23,)
2026-05-08 14:43:08,873 INFO sqlalchemy.engine.Engine SELECT datasets.id, datasets.project_id, datasets.parent_id, datasets.user_id, datasets.name, datasets.md5, datasets.comment, datasets.num_samples, datasets.completed_samples, datasets.sushi_app_name, datasets.job_parameters, datasets.bfabric_id, datasets.workunit_id, datasets.order_ids, datasets.created_at, datasets.updated_at 
FROM datasets 
WHERE datasets.parent_id = ?
2026-05-08 14:43:08,873 INFO sqlalchemy.engine.Engine [cached since 1.995e+04s ago] (23,)
2026-05-08 14:43:08,879 INFO sqlalchemy.engine.Engine SELECT datasets.id, datasets.project_id, datasets.parent_id, datasets.user_id, datasets.name, datasets.md5, datasets.comment, datasets.num_samples, datasets.completed_samples, datasets.sushi_app_name, datasets.job_parameters, datasets.bfabric_id, datasets.workunit_id, datasets.order_ids, datasets.created_at, datasets.updated_at 
FROM datasets 
WHERE datasets.parent_id = ?
2026-05-08 14:43:08,879 INFO sqlalchemy.engine.Engine [cached since 1.995e+04s ago] (39,)
2026-05-08 14:43:08,880 INFO sqlalchemy.engine.Engine SELECT datasets.id, datasets.project_id, datasets.parent_id, datasets.user_id, datasets.name, datasets.md5, datasets.comment, datasets.num_samples, datasets.completed_samples, datasets.sushi_app_name, datasets.job_parameters, datasets.bfabric_id, datasets.workunit_id, datasets.order_ids, datasets.created_at, datasets.updated_at 
FROM datasets 
WHERE datasets.parent_id = ?
2026-05-08 14:43:08,880 INFO sqlalchemy.engine.Engine [cached since 1.995e+04s ago] (51,)
2026-05-08 14:43:08,880 INFO sqlalchemy.engine.Engine SELECT datasets.id, datasets.project_id, datasets.parent_id, datasets.user_id, datasets.name, datasets.md5, datasets.comment, datasets.num_samples, datasets.completed_samples, datasets.sushi_app_name, datasets.job_parameters, datasets.bfabric_id, datasets.workunit_id, datasets.order_ids, datasets.created_at, datasets.updated_at 
FROM datasets 
WHERE datasets.parent_id = ?
2026-05-08 14:43:08,880 INFO sqlalchemy.engine.Engine [cached since 1.995e+04s ago] (147,)
2026-05-08 14:43:08,881 INFO sqlalchemy.engine.Engine SELECT datasets.id, datasets.project_id, datasets.parent_id, datasets.user_id, datasets.name, datasets.md5, datasets.comment, datasets.num_samples, datasets.completed_samples, datasets.sushi_app_name, datasets.job_parameters, datasets.bfabric_id, datasets.workunit_id, datasets.order_ids, datasets.created_at, datasets.updated_at 
FROM datasets 
WHERE datasets.parent_id = ?
2026-05-08 14:43:08,882 INFO sqlalchemy.engine.Engine [cached since 1.995e+04s ago] (200,)
INFO:     130.60.193.7:50808 - "GET /auth/me HTTP/1.1" 200 OK
2026-05-08 14:43:08,882 INFO sqlalchemy.engine.Engine SELECT datasets.id, datasets.project_id, datasets.parent_id, datasets.user_id, datasets.name, datasets.md5, datasets.comment, datasets.num_samples, datasets.completed_samples, datasets.sushi_app_name, datasets.job_parameters, datasets.bfabric_id, datasets.workunit_id, datasets.order_ids, datasets.created_at, datasets.updated_at 
FROM datasets 
WHERE datasets.parent_id = ?
2026-05-08 14:43:08,882 INFO sqlalchemy.engine.Engine [cached since 1.995e+04s ago] (221,)
2026-05-08 14:43:08,882 INFO sqlalchemy.engine.Engine SELECT datasets.id, datasets.project_id, datasets.parent_id, datasets.user_id, datasets.name, datasets.md5, datasets.comment, datasets.num_samples, datasets.completed_samples, datasets.sushi_app_name, datasets.job_parameters, datasets.bfabric_id, datasets.workunit_id, datasets.order_ids, datasets.created_at, datasets.updated_at 
FROM datasets 
WHERE datasets.parent_id = ?
2026-05-08 14:43:08,882 INFO sqlalchemy.engine.Engine [cached since 1.995e+04s ago] (272,)
INFO:     130.60.193.7:50807 - "GET /datasets/23/tree HTTP/1.1" 200 OK
2026-05-08 14:43:08,883 INFO sqlalchemy.engine.Engine ROLLBACK
INFO:     130.60.193.7:50807 - "GET /projects/ HTTP/1.1" 200 OK
2026-05-08 14:44:29,730 INFO sqlalchemy.engine.Engine BEGIN (implicit)
2026-05-08 14:44:29,731 INFO sqlalchemy.engine.Engine SELECT datasets.id AS datasets_id, datasets.project_id AS datasets_project_id, datasets.parent_id AS datasets_parent_id, datasets.user_id AS datasets_user_id, datasets.name AS datasets_name, datasets.md5 AS datasets_md5, datasets.comment AS datasets_comment, datasets.num_samples AS datasets_num_samples, datasets.completed_samples AS datasets_completed_samples, datasets.sushi_app_name AS datasets_sushi_app_name, datasets.job_parameters AS datasets_job_parameters, datasets.bfabric_id AS datasets_bfabric_id, datasets.workunit_id AS datasets_workunit_id, datasets.order_ids AS datasets_order_ids, datasets.created_at AS datasets_created_at, datasets.updated_at AS datasets_updated_at 
FROM datasets 
WHERE datasets.id = ?
2026-05-08 14:44:29,731 INFO sqlalchemy.engine.Engine [cached since 2.003e+04s ago] (23,)
2026-05-08 14:44:29,731 INFO sqlalchemy.engine.Engine BEGIN (implicit)
2026-05-08 14:44:29,732 INFO sqlalchemy.engine.Engine SELECT datasets.id, datasets.project_id, datasets.parent_id, datasets.user_id, datasets.name, datasets.md5, datasets.comment, datasets.num_samples, datasets.completed_samples, datasets.sushi_app_name, datasets.job_parameters, datasets.bfabric_id, datasets.workunit_id, datasets.order_ids, datasets.created_at, datasets.updated_at 
FROM datasets 
WHERE datasets.parent_id = ?
2026-05-08 14:44:29,732 INFO sqlalchemy.engine.Engine SELECT datasets.id AS datasets_id, datasets.project_id AS datasets_project_id, datasets.parent_id AS datasets_parent_id, datasets.user_id AS datasets_user_id, datasets.name AS datasets_name, datasets.md5 AS datasets_md5, datasets.comment AS datasets_comment, datasets.num_samples AS datasets_num_samples, datasets.completed_samples AS datasets_completed_samples, datasets.sushi_app_name AS datasets_sushi_app_name, datasets.job_parameters AS datasets_job_parameters, datasets.bfabric_id AS datasets_bfabric_id, datasets.workunit_id AS datasets_workunit_id, datasets.order_ids AS datasets_order_ids, datasets.created_at AS datasets_created_at, datasets.updated_at AS datasets_updated_at 
FROM datasets 
WHERE datasets.id = ?
2026-05-08 14:44:29,732 INFO sqlalchemy.engine.Engine [cached since 2.003e+04s ago] (23,)
2026-05-08 14:44:29,732 INFO sqlalchemy.engine.Engine [cached since 2.003e+04s ago] (23,)
2026-05-08 14:44:29,733 INFO sqlalchemy.engine.Engine SELECT users.id, users.login, users.email 
FROM users 
WHERE users.id IN (?)
2026-05-08 14:44:29,733 INFO sqlalchemy.engine.Engine [cached since 2.005e+04s ago] (2,)
2026-05-08 14:44:29,740 INFO sqlalchemy.engine.Engine SELECT datasets.id, datasets.project_id, datasets.parent_id, datasets.user_id, datasets.name, datasets.md5, datasets.comment, datasets.num_samples, datasets.completed_samples, datasets.sushi_app_name, datasets.job_parameters, datasets.bfabric_id, datasets.workunit_id, datasets.order_ids, datasets.created_at, datasets.updated_at 
FROM datasets 
WHERE datasets.parent_id = ?
2026-05-08 14:44:29,740 INFO sqlalchemy.engine.Engine [cached since 2.003e+04s ago] (39,)
2026-05-08 14:44:29,740 INFO sqlalchemy.engine.Engine SELECT projects.id, projects.number, projects.created_at, projects.updated_at 
FROM projects 
WHERE projects.id = ?
2026-05-08 14:44:29,740 INFO sqlalchemy.engine.Engine [cached since 2.003e+04s ago] (3,)
2026-05-08 14:44:29,740 INFO sqlalchemy.engine.Engine SELECT datasets.id, datasets.project_id, datasets.parent_id, datasets.user_id, datasets.name, datasets.md5, datasets.comment, datasets.num_samples, datasets.completed_samples, datasets.sushi_app_name, datasets.job_parameters, datasets.bfabric_id, datasets.workunit_id, datasets.order_ids, datasets.created_at, datasets.updated_at 
FROM datasets 
WHERE datasets.parent_id = ?
2026-05-08 14:44:29,741 INFO sqlalchemy.engine.Engine [cached since 2.003e+04s ago] (51,)
2026-05-08 14:44:29,741 INFO sqlalchemy.engine.Engine SELECT datasets.id, datasets.project_id, datasets.parent_id, datasets.user_id, datasets.name, datasets.md5, datasets.comment, datasets.num_samples, datasets.completed_samples, datasets.sushi_app_name, datasets.job_parameters, datasets.bfabric_id, datasets.workunit_id, datasets.order_ids, datasets.created_at, datasets.updated_at 
FROM datasets 
WHERE datasets.parent_id = ?
2026-05-08 14:44:29,741 INFO sqlalchemy.engine.Engine [cached since 2.003e+04s ago] (147,)
2026-05-08 14:44:29,741 INFO sqlalchemy.engine.Engine SELECT datasets.id 
FROM datasets 
WHERE datasets.parent_id = ?
2026-05-08 14:44:29,741 INFO sqlalchemy.engine.Engine [cached since 2.003e+04s ago] (23,)
2026-05-08 14:44:29,743 INFO sqlalchemy.engine.Engine SELECT datasets.id, datasets.project_id, datasets.parent_id, datasets.user_id, datasets.name, datasets.md5, datasets.comment, datasets.num_samples, datasets.completed_samples, datasets.sushi_app_name, datasets.job_parameters, datasets.bfabric_id, datasets.workunit_id, datasets.order_ids, datasets.created_at, datasets.updated_at 
FROM datasets 
WHERE datasets.parent_id = ?
2026-05-08 14:44:29,743 INFO sqlalchemy.engine.Engine [cached since 2.003e+04s ago] (200,)
2026-05-08 14:44:29,743 INFO sqlalchemy.engine.Engine SELECT datasets.id, datasets.project_id, datasets.parent_id, datasets.user_id, datasets.name, datasets.md5, datasets.comment, datasets.num_samples, datasets.completed_samples, datasets.sushi_app_name, datasets.job_parameters, datasets.bfabric_id, datasets.workunit_id, datasets.order_ids, datasets.created_at, datasets.updated_at 
FROM datasets 
WHERE datasets.parent_id = ?
2026-05-08 14:44:29,743 INFO sqlalchemy.engine.Engine [cached since 2.003e+04s ago] (221,)
2026-05-08 14:44:29,743 INFO sqlalchemy.engine.Engine SELECT samples.id, samples.key_value, samples.data_set_id, samples.created_at, samples.updated_at 
FROM samples 
WHERE samples.data_set_id = ?
2026-05-08 14:44:29,744 INFO sqlalchemy.engine.Engine [cached since 2.003e+04s ago] (23,)
2026-05-08 14:44:29,744 INFO sqlalchemy.engine.Engine SELECT datasets.id, datasets.project_id, datasets.parent_id, datasets.user_id, datasets.name, datasets.md5, datasets.comment, datasets.num_samples, datasets.completed_samples, datasets.sushi_app_name, datasets.job_parameters, datasets.bfabric_id, datasets.workunit_id, datasets.order_ids, datasets.created_at, datasets.updated_at 
FROM datasets 
WHERE datasets.parent_id = ?
2026-05-08 14:44:29,744 INFO sqlalchemy.engine.Engine [cached since 2.003e+04s ago] (272,)
INFO:     130.60.193.7:50810 - "GET /datasets/23/tree HTTP/1.1" 200 OK
2026-05-08 14:44:29,745 INFO sqlalchemy.engine.Engine ROLLBACK
2026-05-08 14:44:29,745 INFO sqlalchemy.engine.Engine SELECT samples.id, samples.key_value, samples.data_set_id, samples.created_at, samples.updated_at 
FROM samples 
WHERE samples.data_set_id = ?
2026-05-08 14:44:29,745 INFO sqlalchemy.engine.Engine [cached since 2.003e+04s ago] (23,)
2026-05-08 14:44:29,746 INFO sqlalchemy.engine.Engine SELECT samples.id, samples.key_value, samples.data_set_id, samples.created_at, samples.updated_at 
FROM samples 
WHERE samples.data_set_id = ?
2026-05-08 14:44:29,746 INFO sqlalchemy.engine.Engine [cached since 2.003e+04s ago] (23,)
INFO:     130.60.193.7:50811 - "GET /datasets/23 HTTP/1.1" 200 OK
2026-05-08 14:44:29,747 INFO sqlalchemy.engine.Engine ROLLBACK
2026-05-08 14:44:30,516 INFO sqlalchemy.engine.Engine BEGIN (implicit)
2026-05-08 14:44:30,517 INFO sqlalchemy.engine.Engine SELECT datasets.id AS datasets_id, datasets.project_id AS datasets_project_id, datasets.parent_id AS datasets_parent_id, datasets.user_id AS datasets_user_id, datasets.name AS datasets_name, datasets.md5 AS datasets_md5, datasets.comment AS datasets_comment, datasets.num_samples AS datasets_num_samples, datasets.completed_samples AS datasets_completed_samples, datasets.sushi_app_name AS datasets_sushi_app_name, datasets.job_parameters AS datasets_job_parameters, datasets.bfabric_id AS datasets_bfabric_id, datasets.workunit_id AS datasets_workunit_id, datasets.order_ids AS datasets_order_ids, datasets.created_at AS datasets_created_at, datasets.updated_at AS datasets_updated_at 
FROM datasets 
WHERE datasets.id = ?
2026-05-08 14:44:30,517 INFO sqlalchemy.engine.Engine [cached since 2.003e+04s ago] (23,)
2026-05-08 14:44:30,517 INFO sqlalchemy.engine.Engine SELECT datasets.id, datasets.project_id, datasets.parent_id, datasets.user_id, datasets.name, datasets.md5, datasets.comment, datasets.num_samples, datasets.completed_samples, datasets.sushi_app_name, datasets.job_parameters, datasets.bfabric_id, datasets.workunit_id, datasets.order_ids, datasets.created_at, datasets.updated_at 
FROM datasets 
WHERE datasets.parent_id = ?
2026-05-08 14:44:30,517 INFO sqlalchemy.engine.Engine [cached since 2.003e+04s ago] (23,)
2026-05-08 14:44:30,523 INFO sqlalchemy.engine.Engine SELECT datasets.id, datasets.project_id, datasets.parent_id, datasets.user_id, datasets.name, datasets.md5, datasets.comment, datasets.num_samples, datasets.completed_samples, datasets.sushi_app_name, datasets.job_parameters, datasets.bfabric_id, datasets.workunit_id, datasets.order_ids, datasets.created_at, datasets.updated_at 
FROM datasets 
WHERE datasets.parent_id = ?
2026-05-08 14:44:30,523 INFO sqlalchemy.engine.Engine [cached since 2.003e+04s ago] (39,)
2026-05-08 14:44:30,524 INFO sqlalchemy.engine.Engine BEGIN (implicit)
2026-05-08 14:44:30,524 INFO sqlalchemy.engine.Engine SELECT datasets.id AS datasets_id, datasets.project_id AS datasets_project_id, datasets.parent_id AS datasets_parent_id, datasets.user_id AS datasets_user_id, datasets.name AS datasets_name, datasets.md5 AS datasets_md5, datasets.comment AS datasets_comment, datasets.num_samples AS datasets_num_samples, datasets.completed_samples AS datasets_completed_samples, datasets.sushi_app_name AS datasets_sushi_app_name, datasets.job_parameters AS datasets_job_parameters, datasets.bfabric_id AS datasets_bfabric_id, datasets.workunit_id AS datasets_workunit_id, datasets.order_ids AS datasets_order_ids, datasets.created_at AS datasets_created_at, datasets.updated_at AS datasets_updated_at 
FROM datasets 
WHERE datasets.id = ?
2026-05-08 14:44:30,524 INFO sqlalchemy.engine.Engine [cached since 2.003e+04s ago] (23,)
2026-05-08 14:44:30,524 INFO sqlalchemy.engine.Engine SELECT users.id, users.login, users.email 
FROM users 
WHERE users.id IN (?)
2026-05-08 14:44:30,524 INFO sqlalchemy.engine.Engine [cached since 2.005e+04s ago] (2,)
2026-05-08 14:44:30,526 INFO sqlalchemy.engine.Engine SELECT projects.id, projects.number, projects.created_at, projects.updated_at 
FROM projects 
WHERE projects.id = ?
2026-05-08 14:44:30,526 INFO sqlalchemy.engine.Engine [cached since 2.003e+04s ago] (3,)
INFO:     130.60.193.7:50820 - "GET /auth/login_options HTTP/1.1" 200 OK
2026-05-08 14:44:30,527 INFO sqlalchemy.engine.Engine SELECT datasets.id, datasets.project_id, datasets.parent_id, datasets.user_id, datasets.name, datasets.md5, datasets.comment, datasets.num_samples, datasets.completed_samples, datasets.sushi_app_name, datasets.job_parameters, datasets.bfabric_id, datasets.workunit_id, datasets.order_ids, datasets.created_at, datasets.updated_at 
FROM datasets 
WHERE datasets.parent_id = ?
2026-05-08 14:44:30,527 INFO sqlalchemy.engine.Engine SELECT datasets.id 
FROM datasets 
WHERE datasets.parent_id = ?
2026-05-08 14:44:30,528 INFO sqlalchemy.engine.Engine [cached since 2.003e+04s ago] (51,)
2026-05-08 14:44:30,528 INFO sqlalchemy.engine.Engine [cached since 2.003e+04s ago] (23,)
2026-05-08 14:44:30,528 INFO sqlalchemy.engine.Engine SELECT datasets.id, datasets.project_id, datasets.parent_id, datasets.user_id, datasets.name, datasets.md5, datasets.comment, datasets.num_samples, datasets.completed_samples, datasets.sushi_app_name, datasets.job_parameters, datasets.bfabric_id, datasets.workunit_id, datasets.order_ids, datasets.created_at, datasets.updated_at 
FROM datasets 
WHERE datasets.parent_id = ?
2026-05-08 14:44:30,528 INFO sqlalchemy.engine.Engine [cached since 2.003e+04s ago] (147,)
2026-05-08 14:44:30,530 INFO sqlalchemy.engine.Engine SELECT datasets.id, datasets.project_id, datasets.parent_id, datasets.user_id, datasets.name, datasets.md5, datasets.comment, datasets.num_samples, datasets.completed_samples, datasets.sushi_app_name, datasets.job_parameters, datasets.bfabric_id, datasets.workunit_id, datasets.order_ids, datasets.created_at, datasets.updated_at 
FROM datasets 
WHERE datasets.parent_id = ?
2026-05-08 14:44:30,530 INFO sqlalchemy.engine.Engine [cached since 2.003e+04s ago] (200,)
2026-05-08 14:44:30,530 INFO sqlalchemy.engine.Engine SELECT samples.id, samples.key_value, samples.data_set_id, samples.created_at, samples.updated_at 
FROM samples 
WHERE samples.data_set_id = ?
2026-05-08 14:44:30,530 INFO sqlalchemy.engine.Engine [cached since 2.003e+04s ago] (23,)
2026-05-08 14:44:30,530 INFO sqlalchemy.engine.Engine SELECT datasets.id, datasets.project_id, datasets.parent_id, datasets.user_id, datasets.name, datasets.md5, datasets.comment, datasets.num_samples, datasets.completed_samples, datasets.sushi_app_name, datasets.job_parameters, datasets.bfabric_id, datasets.workunit_id, datasets.order_ids, datasets.created_at, datasets.updated_at 
FROM datasets 
WHERE datasets.parent_id = ?
2026-05-08 14:44:30,531 INFO sqlalchemy.engine.Engine [cached since 2.003e+04s ago] (221,)
2026-05-08 14:44:30,531 INFO sqlalchemy.engine.Engine SELECT samples.id, samples.key_value, samples.data_set_id, samples.created_at, samples.updated_at 
FROM samples 
WHERE samples.data_set_id = ?
2026-05-08 14:44:30,531 INFO sqlalchemy.engine.Engine [cached since 2.003e+04s ago] (23,)
2026-05-08 14:44:30,531 INFO sqlalchemy.engine.Engine SELECT datasets.id, datasets.project_id, datasets.parent_id, datasets.user_id, datasets.name, datasets.md5, datasets.comment, datasets.num_samples, datasets.completed_samples, datasets.sushi_app_name, datasets.job_parameters, datasets.bfabric_id, datasets.workunit_id, datasets.order_ids, datasets.created_at, datasets.updated_at 
FROM datasets 
WHERE datasets.parent_id = ?
2026-05-08 14:44:30,531 INFO sqlalchemy.engine.Engine [cached since 2.003e+04s ago] (272,)
2026-05-08 14:44:30,532 INFO sqlalchemy.engine.Engine SELECT samples.id, samples.key_value, samples.data_set_id, samples.created_at, samples.updated_at 
FROM samples 
WHERE samples.data_set_id = ?
2026-05-08 14:44:30,532 INFO sqlalchemy.engine.Engine [cached since 2.003e+04s ago] (23,)
INFO:     130.60.193.7:50810 - "GET /datasets/23/tree HTTP/1.1" 200 OK
2026-05-08 14:44:30,533 INFO sqlalchemy.engine.Engine ROLLBACK
INFO:     130.60.193.7:50811 - "GET /datasets/23 HTTP/1.1" 200 OK
2026-05-08 14:44:30,534 INFO sqlalchemy.engine.Engine ROLLBACK
INFO:     130.60.193.7:50820 - "GET /auth/me HTTP/1.1" 200 OK
INFO:     130.60.193.7:50820 - "GET /projects/ HTTP/1.1" 200 OK
2026-05-08 14:45:12,870 INFO sqlalchemy.engine.Engine BEGIN (implicit)
2026-05-08 14:45:12,870 INFO sqlalchemy.engine.Engine SELECT count(*) AS count_1 
FROM datasets JOIN projects ON datasets.project_id = projects.id 
WHERE projects.number = ?
2026-05-08 14:45:12,870 INFO sqlalchemy.engine.Engine [cached since 2.009e+04s ago] (1001,)
2026-05-08 14:45:12,871 INFO sqlalchemy.engine.Engine SELECT datasets.id, datasets.project_id, datasets.parent_id, datasets.user_id, datasets.name, datasets.md5, datasets.comment, datasets.num_samples, datasets.completed_samples, datasets.sushi_app_name, datasets.job_parameters, datasets.bfabric_id, datasets.workunit_id, datasets.order_ids, datasets.created_at, datasets.updated_at 
FROM datasets JOIN projects ON datasets.project_id = projects.id 
WHERE projects.number = ? ORDER BY datasets.created_at DESC
 LIMIT ? OFFSET ?
2026-05-08 14:45:12,871 INFO sqlalchemy.engine.Engine [cached since 2.009e+04s ago] (1001, 10, 0)
2026-05-08 14:45:12,881 INFO sqlalchemy.engine.Engine SELECT users.id, users.login, users.email 
FROM users 
WHERE users.id IN (?)
2026-05-08 14:45:12,881 INFO sqlalchemy.engine.Engine [cached since 2.009e+04s ago] (2,)
2026-05-08 14:45:12,881 INFO sqlalchemy.engine.Engine SELECT datasets.id, datasets.parent_id 
FROM datasets 
WHERE datasets.parent_id IN (?, ?, ?, ?, ?, ?, ?, ?, ?, ?)
2026-05-08 14:45:12,881 INFO sqlalchemy.engine.Engine [cached since 2.009e+04s ago] (273, 272, 270, 269, 268, 267, 266, 265, 245, 243)
INFO:     130.60.193.7:50824 - "GET /projects/1001/datasets?q=&page=1&per=10 HTTP/1.1" 200 OK
2026-05-08 14:45:12,882 INFO sqlalchemy.engine.Engine ROLLBACK
2026-05-08 14:45:14,298 INFO sqlalchemy.engine.Engine BEGIN (implicit)
2026-05-08 14:45:14,298 INFO sqlalchemy.engine.Engine SELECT datasets.id, datasets.parent_id, datasets.name, datasets.comment 
FROM datasets JOIN projects ON datasets.project_id = projects.id 
WHERE projects.number = ?
2026-05-08 14:45:14,298 INFO sqlalchemy.engine.Engine [cached since 1.988e+04s ago] (1001,)
2026-05-08 14:45:14,299 INFO sqlalchemy.engine.Engine SELECT datasets.parent_id, count(datasets.id) AS count_1 
FROM datasets 
WHERE datasets.parent_id IN (?, ?, ?, ?, ?, ?, ?, ?, ?, ?, ?, ?, ?, ?, ?, ?, ?, ?, ?, ?, ?, ?, ?, ?, ?, ?, ?, ?, ?, ?, ?, ?, ?, ?, ?, ?, ?, ?, ?, ?, ?, ?, ?, ?, ?, ?, ?, ?, ?, ?, ?, ?, ?, ?, ?, ?, ?, ?, ?, ?, ?, ?, ?) GROUP BY datasets.parent_id
2026-05-08 14:45:14,299 INFO sqlalchemy.engine.Engine [cached since 1.988e+04s ago] (129, 130, 131, 132, 133, 137, 265, 266, 267, 141, 268, 269, 270, 17, 18, 19, 20, 145, 147, 23, 150, 151, 152, 153, 154, 155, 37, 39, 168, 169, 44, 172, 173, 47, 51, 179, 53, 54, 180, 182, 185, 186, 188, 189, 190, 199, 200, 201, 202, 203, 205, 206, 272, 220, 221, 222, 273, 224, 228, 234, 243, 245, 127)
INFO:     130.60.193.7:50824 - "GET /projects/1001/datasets/tree HTTP/1.1" 200 OK
2026-05-08 14:45:14,300 INFO sqlalchemy.engine.Engine ROLLBACK
INFO:     130.60.193.7:50836 - "GET /auth/login_options HTTP/1.1" 200 OK
2026-05-08 14:45:31,184 INFO sqlalchemy.engine.Engine BEGIN (implicit)
2026-05-08 14:45:31,184 INFO sqlalchemy.engine.Engine SELECT datasets.id AS datasets_id, datasets.project_id AS datasets_project_id, datasets.parent_id AS datasets_parent_id, datasets.user_id AS datasets_user_id, datasets.name AS datasets_name, datasets.md5 AS datasets_md5, datasets.comment AS datasets_comment, datasets.num_samples AS datasets_num_samples, datasets.completed_samples AS datasets_completed_samples, datasets.sushi_app_name AS datasets_sushi_app_name, datasets.job_parameters AS datasets_job_parameters, datasets.bfabric_id AS datasets_bfabric_id, datasets.workunit_id AS datasets_workunit_id, datasets.order_ids AS datasets_order_ids, datasets.created_at AS datasets_created_at, datasets.updated_at AS datasets_updated_at 
FROM datasets 
WHERE datasets.id = ?
2026-05-08 14:45:31,184 INFO sqlalchemy.engine.Engine [cached since 2.009e+04s ago] (23,)
2026-05-08 14:45:31,185 INFO sqlalchemy.engine.Engine BEGIN (implicit)
2026-05-08 14:45:31,185 INFO sqlalchemy.engine.Engine SELECT datasets.id AS datasets_id, datasets.project_id AS datasets_project_id, datasets.parent_id AS datasets_parent_id, datasets.user_id AS datasets_user_id, datasets.name AS datasets_name, datasets.md5 AS datasets_md5, datasets.comment AS datasets_comment, datasets.num_samples AS datasets_num_samples, datasets.completed_samples AS datasets_completed_samples, datasets.sushi_app_name AS datasets_sushi_app_name, datasets.job_parameters AS datasets_job_parameters, datasets.bfabric_id AS datasets_bfabric_id, datasets.workunit_id AS datasets_workunit_id, datasets.order_ids AS datasets_order_ids, datasets.created_at AS datasets_created_at, datasets.updated_at AS datasets_updated_at 
FROM datasets 
WHERE datasets.id = ?
2026-05-08 14:45:31,186 INFO sqlalchemy.engine.Engine SELECT datasets.id, datasets.project_id, datasets.parent_id, datasets.user_id, datasets.name, datasets.md5, datasets.comment, datasets.num_samples, datasets.completed_samples, datasets.sushi_app_name, datasets.job_parameters, datasets.bfabric_id, datasets.workunit_id, datasets.order_ids, datasets.created_at, datasets.updated_at 
FROM datasets 
WHERE datasets.parent_id = ?
2026-05-08 14:45:31,186 INFO sqlalchemy.engine.Engine [cached since 2.009e+04s ago] (23,)
2026-05-08 14:45:31,186 INFO sqlalchemy.engine.Engine [cached since 2.009e+04s ago] (23,)
2026-05-08 14:45:31,187 INFO sqlalchemy.engine.Engine SELECT users.id, users.login, users.email 
FROM users 
WHERE users.id IN (?)
2026-05-08 14:45:31,187 INFO sqlalchemy.engine.Engine [cached since 2.011e+04s ago] (2,)
2026-05-08 14:45:31,187 INFO sqlalchemy.engine.Engine SELECT projects.id, projects.number, projects.created_at, projects.updated_at 
FROM projects 
WHERE projects.id = ?
2026-05-08 14:45:31,187 INFO sqlalchemy.engine.Engine [cached since 2.009e+04s ago] (3,)
2026-05-08 14:45:31,187 INFO sqlalchemy.engine.Engine SELECT datasets.id 
FROM datasets 
WHERE datasets.parent_id = ?
2026-05-08 14:45:31,187 INFO sqlalchemy.engine.Engine [cached since 2.009e+04s ago] (23,)
2026-05-08 14:45:31,194 INFO sqlalchemy.engine.Engine SELECT datasets.id, datasets.project_id, datasets.parent_id, datasets.user_id, datasets.name, datasets.md5, datasets.comment, datasets.num_samples, datasets.completed_samples, datasets.sushi_app_name, datasets.job_parameters, datasets.bfabric_id, datasets.workunit_id, datasets.order_ids, datasets.created_at, datasets.updated_at 
FROM datasets 
WHERE datasets.parent_id = ?
2026-05-08 14:45:31,194 INFO sqlalchemy.engine.Engine [cached since 2.009e+04s ago] (39,)
2026-05-08 14:45:31,194 INFO sqlalchemy.engine.Engine SELECT samples.id, samples.key_value, samples.data_set_id, samples.created_at, samples.updated_at 
FROM samples 
WHERE samples.data_set_id = ?
2026-05-08 14:45:31,194 INFO sqlalchemy.engine.Engine [cached since 2.009e+04s ago] (23,)
2026-05-08 14:45:31,195 INFO sqlalchemy.engine.Engine SELECT datasets.id, datasets.project_id, datasets.parent_id, datasets.user_id, datasets.name, datasets.md5, datasets.comment, datasets.num_samples, datasets.completed_samples, datasets.sushi_app_name, datasets.job_parameters, datasets.bfabric_id, datasets.workunit_id, datasets.order_ids, datasets.created_at, datasets.updated_at 
FROM datasets 
WHERE datasets.parent_id = ?
2026-05-08 14:45:31,195 INFO sqlalchemy.engine.Engine [cached since 2.009e+04s ago] (51,)
2026-05-08 14:45:31,196 INFO sqlalchemy.engine.Engine SELECT datasets.id, datasets.project_id, datasets.parent_id, datasets.user_id, datasets.name, datasets.md5, datasets.comment, datasets.num_samples, datasets.completed_samples, datasets.sushi_app_name, datasets.job_parameters, datasets.bfabric_id, datasets.workunit_id, datasets.order_ids, datasets.created_at, datasets.updated_at 
FROM datasets 
WHERE datasets.parent_id = ?
2026-05-08 14:45:31,196 INFO sqlalchemy.engine.Engine [cached since 2.009e+04s ago] (147,)
2026-05-08 14:45:31,196 INFO sqlalchemy.engine.Engine SELECT samples.id, samples.key_value, samples.data_set_id, samples.created_at, samples.updated_at 
FROM samples 
WHERE samples.data_set_id = ?
2026-05-08 14:45:31,196 INFO sqlalchemy.engine.Engine [cached since 2.009e+04s ago] (23,)
2026-05-08 14:45:31,197 INFO sqlalchemy.engine.Engine SELECT datasets.id, datasets.project_id, datasets.parent_id, datasets.user_id, datasets.name, datasets.md5, datasets.comment, datasets.num_samples, datasets.completed_samples, datasets.sushi_app_name, datasets.job_parameters, datasets.bfabric_id, datasets.workunit_id, datasets.order_ids, datasets.created_at, datasets.updated_at 
FROM datasets 
WHERE datasets.parent_id = ?
2026-05-08 14:45:31,198 INFO sqlalchemy.engine.Engine [cached since 2.009e+04s ago] (200,)
2026-05-08 14:45:31,199 INFO sqlalchemy.engine.Engine SELECT datasets.id, datasets.project_id, datasets.parent_id, datasets.user_id, datasets.name, datasets.md5, datasets.comment, datasets.num_samples, datasets.completed_samples, datasets.sushi_app_name, datasets.job_parameters, datasets.bfabric_id, datasets.workunit_id, datasets.order_ids, datasets.created_at, datasets.updated_at 
FROM datasets 
WHERE datasets.parent_id = ?
2026-05-08 14:45:31,199 INFO sqlalchemy.engine.Engine [cached since 2.009e+04s ago] (221,)
2026-05-08 14:45:31,199 INFO sqlalchemy.engine.Engine SELECT samples.id, samples.key_value, samples.data_set_id, samples.created_at, samples.updated_at 
FROM samples 
WHERE samples.data_set_id = ?
2026-05-08 14:45:31,199 INFO sqlalchemy.engine.Engine [cached since 2.009e+04s ago] (23,)
2026-05-08 14:45:31,200 INFO sqlalchemy.engine.Engine SELECT datasets.id, datasets.project_id, datasets.parent_id, datasets.user_id, datasets.name, datasets.md5, datasets.comment, datasets.num_samples, datasets.completed_samples, datasets.sushi_app_name, datasets.job_parameters, datasets.bfabric_id, datasets.workunit_id, datasets.order_ids, datasets.created_at, datasets.updated_at 
FROM datasets 
WHERE datasets.parent_id = ?
2026-05-08 14:45:31,200 INFO sqlalchemy.engine.Engine [cached since 2.009e+04s ago] (272,)
INFO:     130.60.193.7:50835 - "GET /datasets/23/tree HTTP/1.1" 200 OK
2026-05-08 14:45:31,200 INFO sqlalchemy.engine.Engine ROLLBACK
INFO:     130.60.193.7:50834 - "GET /datasets/23 HTTP/1.1" 200 OK
2026-05-08 14:45:31,201 INFO sqlalchemy.engine.Engine ROLLBACK
INFO:     130.60.193.7:50836 - "GET /auth/me HTTP/1.1" 200 OK
INFO:     130.60.193.7:50836 - "GET /projects/ HTTP/1.1" 200 OK
INFO:     130.60.193.7:50847 - "OPTIONS /datasets/23 HTTP/1.1" 200 OK
INFO:     130.60.193.7:50846 - "OPTIONS /datasets/23/tree HTTP/1.1" 200 OK
2026-05-08 14:55:28,989 INFO sqlalchemy.engine.Engine BEGIN (implicit)
2026-05-08 14:55:28,990 INFO sqlalchemy.engine.Engine SELECT datasets.id AS datasets_id, datasets.project_id AS datasets_project_id, datasets.parent_id AS datasets_parent_id, datasets.user_id AS datasets_user_id, datasets.name AS datasets_name, datasets.md5 AS datasets_md5, datasets.comment AS datasets_comment, datasets.num_samples AS datasets_num_samples, datasets.completed_samples AS datasets_completed_samples, datasets.sushi_app_name AS datasets_sushi_app_name, datasets.job_parameters AS datasets_job_parameters, datasets.bfabric_id AS datasets_bfabric_id, datasets.workunit_id AS datasets_workunit_id, datasets.order_ids AS datasets_order_ids, datasets.created_at AS datasets_created_at, datasets.updated_at AS datasets_updated_at 
FROM datasets 
WHERE datasets.id = ?
2026-05-08 14:55:28,990 INFO sqlalchemy.engine.Engine [cached since 2.069e+04s ago] (23,)
2026-05-08 14:55:28,990 INFO sqlalchemy.engine.Engine SELECT users.id, users.login, users.email 
FROM users 
WHERE users.id IN (?)
2026-05-08 14:55:28,990 INFO sqlalchemy.engine.Engine [cached since 2.071e+04s ago] (2,)
2026-05-08 14:55:28,991 INFO sqlalchemy.engine.Engine SELECT projects.id, projects.number, projects.created_at, projects.updated_at 
FROM projects 
WHERE projects.id = ?
2026-05-08 14:55:28,991 INFO sqlalchemy.engine.Engine [cached since 2.069e+04s ago] (3,)
2026-05-08 14:55:28,991 INFO sqlalchemy.engine.Engine SELECT datasets.id 
FROM datasets 
WHERE datasets.parent_id = ?
2026-05-08 14:55:28,991 INFO sqlalchemy.engine.Engine [cached since 2.069e+04s ago] (23,)
2026-05-08 14:55:28,991 INFO sqlalchemy.engine.Engine SELECT samples.id, samples.key_value, samples.data_set_id, samples.created_at, samples.updated_at 
FROM samples 
WHERE samples.data_set_id = ?
2026-05-08 14:55:28,991 INFO sqlalchemy.engine.Engine [cached since 2.069e+04s ago] (23,)
2026-05-08 14:55:28,992 INFO sqlalchemy.engine.Engine SELECT samples.id, samples.key_value, samples.data_set_id, samples.created_at, samples.updated_at 
FROM samples 
WHERE samples.data_set_id = ?
2026-05-08 14:55:28,992 INFO sqlalchemy.engine.Engine [cached since 2.069e+04s ago] (23,)
2026-05-08 14:55:28,992 INFO sqlalchemy.engine.Engine SELECT samples.id, samples.key_value, samples.data_set_id, samples.created_at, samples.updated_at 
FROM samples 
WHERE samples.data_set_id = ?
2026-05-08 14:55:28,992 INFO sqlalchemy.engine.Engine [cached since 2.069e+04s ago] (23,)
INFO:     130.60.193.7:50848 - "GET /datasets/23 HTTP/1.1" 200 OK
2026-05-08 14:55:28,996 INFO sqlalchemy.engine.Engine ROLLBACK
2026-05-08 14:55:28,997 INFO sqlalchemy.engine.Engine BEGIN (implicit)
2026-05-08 14:55:28,997 INFO sqlalchemy.engine.Engine SELECT datasets.id AS datasets_id, datasets.project_id AS datasets_project_id, datasets.parent_id AS datasets_parent_id, datasets.user_id AS datasets_user_id, datasets.name AS datasets_name, datasets.md5 AS datasets_md5, datasets.comment AS datasets_comment, datasets.num_samples AS datasets_num_samples, datasets.completed_samples AS datasets_completed_samples, datasets.sushi_app_name AS datasets_sushi_app_name, datasets.job_parameters AS datasets_job_parameters, datasets.bfabric_id AS datasets_bfabric_id, datasets.workunit_id AS datasets_workunit_id, datasets.order_ids AS datasets_order_ids, datasets.created_at AS datasets_created_at, datasets.updated_at AS datasets_updated_at 
FROM datasets 
WHERE datasets.id = ?
2026-05-08 14:55:28,997 INFO sqlalchemy.engine.Engine [cached since 2.069e+04s ago] (23,)
2026-05-08 14:55:28,997 INFO sqlalchemy.engine.Engine SELECT datasets.id, datasets.project_id, datasets.parent_id, datasets.user_id, datasets.name, datasets.md5, datasets.comment, datasets.num_samples, datasets.completed_samples, datasets.sushi_app_name, datasets.job_parameters, datasets.bfabric_id, datasets.workunit_id, datasets.order_ids, datasets.created_at, datasets.updated_at 
FROM datasets 
WHERE datasets.parent_id = ?
2026-05-08 14:55:28,997 INFO sqlalchemy.engine.Engine [cached since 2.069e+04s ago] (23,)
2026-05-08 14:55:29,007 INFO sqlalchemy.engine.Engine SELECT datasets.id, datasets.project_id, datasets.parent_id, datasets.user_id, datasets.name, datasets.md5, datasets.comment, datasets.num_samples, datasets.completed_samples, datasets.sushi_app_name, datasets.job_parameters, datasets.bfabric_id, datasets.workunit_id, datasets.order_ids, datasets.created_at, datasets.updated_at 
FROM datasets 
WHERE datasets.parent_id = ?
2026-05-08 14:55:29,007 INFO sqlalchemy.engine.Engine [cached since 2.069e+04s ago] (39,)
2026-05-08 14:55:29,008 INFO sqlalchemy.engine.Engine SELECT datasets.id, datasets.project_id, datasets.parent_id, datasets.user_id, datasets.name, datasets.md5, datasets.comment, datasets.num_samples, datasets.completed_samples, datasets.sushi_app_name, datasets.job_parameters, datasets.bfabric_id, datasets.workunit_id, datasets.order_ids, datasets.created_at, datasets.updated_at 
FROM datasets 
WHERE datasets.parent_id = ?
2026-05-08 14:55:29,008 INFO sqlalchemy.engine.Engine [cached since 2.069e+04s ago] (51,)
2026-05-08 14:55:29,008 INFO sqlalchemy.engine.Engine SELECT datasets.id, datasets.project_id, datasets.parent_id, datasets.user_id, datasets.name, datasets.md5, datasets.comment, datasets.num_samples, datasets.completed_samples, datasets.sushi_app_name, datasets.job_parameters, datasets.bfabric_id, datasets.workunit_id, datasets.order_ids, datasets.created_at, datasets.updated_at 
FROM datasets 
WHERE datasets.parent_id = ?
2026-05-08 14:55:29,008 INFO sqlalchemy.engine.Engine [cached since 2.069e+04s ago] (147,)
2026-05-08 14:55:29,009 INFO sqlalchemy.engine.Engine SELECT datasets.id, datasets.project_id, datasets.parent_id, datasets.user_id, datasets.name, datasets.md5, datasets.comment, datasets.num_samples, datasets.completed_samples, datasets.sushi_app_name, datasets.job_parameters, datasets.bfabric_id, datasets.workunit_id, datasets.order_ids, datasets.created_at, datasets.updated_at 
FROM datasets 
WHERE datasets.parent_id = ?
2026-05-08 14:55:29,009 INFO sqlalchemy.engine.Engine [cached since 2.069e+04s ago] (200,)
2026-05-08 14:55:29,009 INFO sqlalchemy.engine.Engine SELECT datasets.id, datasets.project_id, datasets.parent_id, datasets.user_id, datasets.name, datasets.md5, datasets.comment, datasets.num_samples, datasets.completed_samples, datasets.sushi_app_name, datasets.job_parameters, datasets.bfabric_id, datasets.workunit_id, datasets.order_ids, datasets.created_at, datasets.updated_at 
FROM datasets 
WHERE datasets.parent_id = ?
2026-05-08 14:55:29,009 INFO sqlalchemy.engine.Engine [cached since 2.069e+04s ago] (221,)
2026-05-08 14:55:29,010 INFO sqlalchemy.engine.Engine SELECT datasets.id, datasets.project_id, datasets.parent_id, datasets.user_id, datasets.name, datasets.md5, datasets.comment, datasets.num_samples, datasets.completed_samples, datasets.sushi_app_name, datasets.job_parameters, datasets.bfabric_id, datasets.workunit_id, datasets.order_ids, datasets.created_at, datasets.updated_at 
FROM datasets 
WHERE datasets.parent_id = ?
2026-05-08 14:55:29,010 INFO sqlalchemy.engine.Engine [cached since 2.069e+04s ago] (272,)
INFO:     130.60.193.7:50849 - "GET /datasets/23/tree HTTP/1.1" 200 OK
2026-05-08 14:55:29,010 INFO sqlalchemy.engine.Engine ROLLBACK
2026-05-08 14:55:50,662 INFO sqlalchemy.engine.Engine BEGIN (implicit)
2026-05-08 14:55:50,663 INFO sqlalchemy.engine.Engine SELECT datasets.id AS datasets_id, datasets.project_id AS datasets_project_id, datasets.parent_id AS datasets_parent_id, datasets.user_id AS datasets_user_id, datasets.name AS datasets_name, datasets.md5 AS datasets_md5, datasets.comment AS datasets_comment, datasets.num_samples AS datasets_num_samples, datasets.completed_samples AS datasets_completed_samples, datasets.sushi_app_name AS datasets_sushi_app_name, datasets.job_parameters AS datasets_job_parameters, datasets.bfabric_id AS datasets_bfabric_id, datasets.workunit_id AS datasets_workunit_id, datasets.order_ids AS datasets_order_ids, datasets.created_at AS datasets_created_at, datasets.updated_at AS datasets_updated_at 
FROM datasets 
WHERE datasets.id = ?
2026-05-08 14:55:50,663 INFO sqlalchemy.engine.Engine [cached since 2.071e+04s ago] (23,)
2026-05-08 14:55:50,663 INFO sqlalchemy.engine.Engine SELECT users.id, users.login, users.email 
FROM users 
WHERE users.id IN (?)
2026-05-08 14:55:50,663 INFO sqlalchemy.engine.Engine [cached since 2.073e+04s ago] (2,)
2026-05-08 14:55:50,663 INFO sqlalchemy.engine.Engine SELECT projects.id, projects.number, projects.created_at, projects.updated_at 
FROM projects 
WHERE projects.id = ?
2026-05-08 14:55:50,664 INFO sqlalchemy.engine.Engine [cached since 2.071e+04s ago] (3,)
2026-05-08 14:55:50,664 INFO sqlalchemy.engine.Engine SELECT datasets.id 
FROM datasets 
WHERE datasets.parent_id = ?
2026-05-08 14:55:50,664 INFO sqlalchemy.engine.Engine [cached since 2.071e+04s ago] (23,)
2026-05-08 14:55:50,664 INFO sqlalchemy.engine.Engine SELECT samples.id, samples.key_value, samples.data_set_id, samples.created_at, samples.updated_at 
FROM samples 
WHERE samples.data_set_id = ?
2026-05-08 14:55:50,664 INFO sqlalchemy.engine.Engine [cached since 2.071e+04s ago] (23,)
2026-05-08 14:55:50,665 INFO sqlalchemy.engine.Engine SELECT samples.id, samples.key_value, samples.data_set_id, samples.created_at, samples.updated_at 
FROM samples 
WHERE samples.data_set_id = ?
2026-05-08 14:55:50,665 INFO sqlalchemy.engine.Engine [cached since 2.071e+04s ago] (23,)
2026-05-08 14:55:50,665 INFO sqlalchemy.engine.Engine SELECT samples.id, samples.key_value, samples.data_set_id, samples.created_at, samples.updated_at 
FROM samples 
WHERE samples.data_set_id = ?
2026-05-08 14:55:50,665 INFO sqlalchemy.engine.Engine [cached since 2.071e+04s ago] (23,)
INFO:     130.60.193.7:50859 - "GET /datasets/23 HTTP/1.1" 200 OK
2026-05-08 14:55:50,666 INFO sqlalchemy.engine.Engine ROLLBACK
INFO:     130.60.193.7:50860 - "OPTIONS /auth/login_options HTTP/1.1" 200 OK
2026-05-08 14:55:50,670 INFO sqlalchemy.engine.Engine BEGIN (implicit)
2026-05-08 14:55:50,670 INFO sqlalchemy.engine.Engine SELECT datasets.id AS datasets_id, datasets.project_id AS datasets_project_id, datasets.parent_id AS datasets_parent_id, datasets.user_id AS datasets_user_id, datasets.name AS datasets_name, datasets.md5 AS datasets_md5, datasets.comment AS datasets_comment, datasets.num_samples AS datasets_num_samples, datasets.completed_samples AS datasets_completed_samples, datasets.sushi_app_name AS datasets_sushi_app_name, datasets.job_parameters AS datasets_job_parameters, datasets.bfabric_id AS datasets_bfabric_id, datasets.workunit_id AS datasets_workunit_id, datasets.order_ids AS datasets_order_ids, datasets.created_at AS datasets_created_at, datasets.updated_at AS datasets_updated_at 
FROM datasets 
WHERE datasets.id = ?
2026-05-08 14:55:50,670 INFO sqlalchemy.engine.Engine [cached since 2.071e+04s ago] (23,)
2026-05-08 14:55:50,670 INFO sqlalchemy.engine.Engine SELECT datasets.id, datasets.project_id, datasets.parent_id, datasets.user_id, datasets.name, datasets.md5, datasets.comment, datasets.num_samples, datasets.completed_samples, datasets.sushi_app_name, datasets.job_parameters, datasets.bfabric_id, datasets.workunit_id, datasets.order_ids, datasets.created_at, datasets.updated_at 
FROM datasets 
WHERE datasets.parent_id = ?
2026-05-08 14:55:50,670 INFO sqlalchemy.engine.Engine [cached since 2.071e+04s ago] (23,)
2026-05-08 14:55:50,677 INFO sqlalchemy.engine.Engine SELECT datasets.id, datasets.project_id, datasets.parent_id, datasets.user_id, datasets.name, datasets.md5, datasets.comment, datasets.num_samples, datasets.completed_samples, datasets.sushi_app_name, datasets.job_parameters, datasets.bfabric_id, datasets.workunit_id, datasets.order_ids, datasets.created_at, datasets.updated_at 
FROM datasets 
WHERE datasets.parent_id = ?
2026-05-08 14:55:50,677 INFO sqlalchemy.engine.Engine [cached since 2.071e+04s ago] (39,)
2026-05-08 14:55:50,677 INFO sqlalchemy.engine.Engine SELECT datasets.id, datasets.project_id, datasets.parent_id, datasets.user_id, datasets.name, datasets.md5, datasets.comment, datasets.num_samples, datasets.completed_samples, datasets.sushi_app_name, datasets.job_parameters, datasets.bfabric_id, datasets.workunit_id, datasets.order_ids, datasets.created_at, datasets.updated_at 
FROM datasets 
WHERE datasets.parent_id = ?
2026-05-08 14:55:50,677 INFO sqlalchemy.engine.Engine [cached since 2.071e+04s ago] (51,)
2026-05-08 14:55:50,677 INFO sqlalchemy.engine.Engine SELECT datasets.id, datasets.project_id, datasets.parent_id, datasets.user_id, datasets.name, datasets.md5, datasets.comment, datasets.num_samples, datasets.completed_samples, datasets.sushi_app_name, datasets.job_parameters, datasets.bfabric_id, datasets.workunit_id, datasets.order_ids, datasets.created_at, datasets.updated_at 
FROM datasets 
WHERE datasets.parent_id = ?
2026-05-08 14:55:50,677 INFO sqlalchemy.engine.Engine [cached since 2.071e+04s ago] (147,)
2026-05-08 14:55:50,678 INFO sqlalchemy.engine.Engine SELECT datasets.id, datasets.project_id, datasets.parent_id, datasets.user_id, datasets.name, datasets.md5, datasets.comment, datasets.num_samples, datasets.completed_samples, datasets.sushi_app_name, datasets.job_parameters, datasets.bfabric_id, datasets.workunit_id, datasets.order_ids, datasets.created_at, datasets.updated_at 
FROM datasets 
WHERE datasets.parent_id = ?
2026-05-08 14:55:50,678 INFO sqlalchemy.engine.Engine [cached since 2.071e+04s ago] (200,)
2026-05-08 14:55:50,678 INFO sqlalchemy.engine.Engine SELECT datasets.id, datasets.project_id, datasets.parent_id, datasets.user_id, datasets.name, datasets.md5, datasets.comment, datasets.num_samples, datasets.completed_samples, datasets.sushi_app_name, datasets.job_parameters, datasets.bfabric_id, datasets.workunit_id, datasets.order_ids, datasets.created_at, datasets.updated_at 
FROM datasets 
WHERE datasets.parent_id = ?
2026-05-08 14:55:50,678 INFO sqlalchemy.engine.Engine [cached since 2.071e+04s ago] (221,)
2026-05-08 14:55:50,679 INFO sqlalchemy.engine.Engine SELECT datasets.id, datasets.project_id, datasets.parent_id, datasets.user_id, datasets.name, datasets.md5, datasets.comment, datasets.num_samples, datasets.completed_samples, datasets.sushi_app_name, datasets.job_parameters, datasets.bfabric_id, datasets.workunit_id, datasets.order_ids, datasets.created_at, datasets.updated_at 
FROM datasets 
WHERE datasets.parent_id = ?
2026-05-08 14:55:50,679 INFO sqlalchemy.engine.Engine [cached since 2.071e+04s ago] (272,)
INFO:     130.60.193.7:50858 - "GET /datasets/23/tree HTTP/1.1" 200 OK
2026-05-08 14:55:50,679 INFO sqlalchemy.engine.Engine ROLLBACK
INFO:     130.60.193.7:50859 - "GET /auth/login_options HTTP/1.1" 200 OK
INFO:     130.60.193.7:50860 - "OPTIONS /auth/me HTTP/1.1" 200 OK
INFO:     130.60.193.7:50859 - "GET /auth/me HTTP/1.1" 200 OK
INFO:     130.60.193.7:50860 - "OPTIONS /projects/ HTTP/1.1" 200 OK
INFO:     130.60.193.7:50859 - "GET /projects/ HTTP/1.1" 200 OK
INFO:     130.60.193.7:50875 - "GET /auth/login_options HTTP/1.1" 200 OK
2026-05-08 15:01:20,410 INFO sqlalchemy.engine.Engine BEGIN (implicit)
2026-05-08 15:01:20,410 INFO sqlalchemy.engine.Engine BEGIN (implicit)
2026-05-08 15:01:20,411 INFO sqlalchemy.engine.Engine SELECT datasets.id AS datasets_id, datasets.project_id AS datasets_project_id, datasets.parent_id AS datasets_parent_id, datasets.user_id AS datasets_user_id, datasets.name AS datasets_name, datasets.md5 AS datasets_md5, datasets.comment AS datasets_comment, datasets.num_samples AS datasets_num_samples, datasets.completed_samples AS datasets_completed_samples, datasets.sushi_app_name AS datasets_sushi_app_name, datasets.job_parameters AS datasets_job_parameters, datasets.bfabric_id AS datasets_bfabric_id, datasets.workunit_id AS datasets_workunit_id, datasets.order_ids AS datasets_order_ids, datasets.created_at AS datasets_created_at, datasets.updated_at AS datasets_updated_at 
FROM datasets 
WHERE datasets.id = ?
2026-05-08 15:01:20,411 INFO sqlalchemy.engine.Engine SELECT datasets.id AS datasets_id, datasets.project_id AS datasets_project_id, datasets.parent_id AS datasets_parent_id, datasets.user_id AS datasets_user_id, datasets.name AS datasets_name, datasets.md5 AS datasets_md5, datasets.comment AS datasets_comment, datasets.num_samples AS datasets_num_samples, datasets.completed_samples AS datasets_completed_samples, datasets.sushi_app_name AS datasets_sushi_app_name, datasets.job_parameters AS datasets_job_parameters, datasets.bfabric_id AS datasets_bfabric_id, datasets.workunit_id AS datasets_workunit_id, datasets.order_ids AS datasets_order_ids, datasets.created_at AS datasets_created_at, datasets.updated_at AS datasets_updated_at 
FROM datasets 
WHERE datasets.id = ?
2026-05-08 15:01:20,411 INFO sqlalchemy.engine.Engine [cached since 2.104e+04s ago] (23,)
2026-05-08 15:01:20,411 INFO sqlalchemy.engine.Engine [cached since 2.104e+04s ago] (23,)
2026-05-08 15:01:20,412 INFO sqlalchemy.engine.Engine SELECT datasets.id, datasets.project_id, datasets.parent_id, datasets.user_id, datasets.name, datasets.md5, datasets.comment, datasets.num_samples, datasets.completed_samples, datasets.sushi_app_name, datasets.job_parameters, datasets.bfabric_id, datasets.workunit_id, datasets.order_ids, datasets.created_at, datasets.updated_at 
FROM datasets 
WHERE datasets.parent_id = ?
2026-05-08 15:01:20,412 INFO sqlalchemy.engine.Engine [cached since 2.104e+04s ago] (23,)
2026-05-08 15:01:20,413 INFO sqlalchemy.engine.Engine SELECT users.id, users.login, users.email 
FROM users 
WHERE users.id IN (?)
2026-05-08 15:01:20,413 INFO sqlalchemy.engine.Engine [cached since 2.106e+04s ago] (2,)
2026-05-08 15:01:20,413 INFO sqlalchemy.engine.Engine SELECT projects.id, projects.number, projects.created_at, projects.updated_at 
FROM projects 
WHERE projects.id = ?
2026-05-08 15:01:20,413 INFO sqlalchemy.engine.Engine [cached since 2.104e+04s ago] (3,)
2026-05-08 15:01:20,414 INFO sqlalchemy.engine.Engine SELECT datasets.id 
FROM datasets 
WHERE datasets.parent_id = ?
2026-05-08 15:01:20,414 INFO sqlalchemy.engine.Engine [cached since 2.104e+04s ago] (23,)
2026-05-08 15:01:20,420 INFO sqlalchemy.engine.Engine SELECT datasets.id, datasets.project_id, datasets.parent_id, datasets.user_id, datasets.name, datasets.md5, datasets.comment, datasets.num_samples, datasets.completed_samples, datasets.sushi_app_name, datasets.job_parameters, datasets.bfabric_id, datasets.workunit_id, datasets.order_ids, datasets.created_at, datasets.updated_at 
FROM datasets 
WHERE datasets.parent_id = ?
2026-05-08 15:01:20,420 INFO sqlalchemy.engine.Engine [cached since 2.104e+04s ago] (39,)
2026-05-08 15:01:20,421 INFO sqlalchemy.engine.Engine SELECT datasets.id, datasets.project_id, datasets.parent_id, datasets.user_id, datasets.name, datasets.md5, datasets.comment, datasets.num_samples, datasets.completed_samples, datasets.sushi_app_name, datasets.job_parameters, datasets.bfabric_id, datasets.workunit_id, datasets.order_ids, datasets.created_at, datasets.updated_at 
FROM datasets 
WHERE datasets.parent_id = ?
2026-05-08 15:01:20,421 INFO sqlalchemy.engine.Engine [cached since 2.104e+04s ago] (51,)
2026-05-08 15:01:20,421 INFO sqlalchemy.engine.Engine SELECT samples.id, samples.key_value, samples.data_set_id, samples.created_at, samples.updated_at 
FROM samples 
WHERE samples.data_set_id = ?
2026-05-08 15:01:20,421 INFO sqlalchemy.engine.Engine [cached since 2.104e+04s ago] (23,)
2026-05-08 15:01:20,421 INFO sqlalchemy.engine.Engine SELECT datasets.id, datasets.project_id, datasets.parent_id, datasets.user_id, datasets.name, datasets.md5, datasets.comment, datasets.num_samples, datasets.completed_samples, datasets.sushi_app_name, datasets.job_parameters, datasets.bfabric_id, datasets.workunit_id, datasets.order_ids, datasets.created_at, datasets.updated_at 
FROM datasets 
WHERE datasets.parent_id = ?
2026-05-08 15:01:20,421 INFO sqlalchemy.engine.Engine [cached since 2.104e+04s ago] (147,)
2026-05-08 15:01:20,423 INFO sqlalchemy.engine.Engine SELECT datasets.id, datasets.project_id, datasets.parent_id, datasets.user_id, datasets.name, datasets.md5, datasets.comment, datasets.num_samples, datasets.completed_samples, datasets.sushi_app_name, datasets.job_parameters, datasets.bfabric_id, datasets.workunit_id, datasets.order_ids, datasets.created_at, datasets.updated_at 
FROM datasets 
WHERE datasets.parent_id = ?
2026-05-08 15:01:20,423 INFO sqlalchemy.engine.Engine [cached since 2.104e+04s ago] (200,)
2026-05-08 15:01:20,423 INFO sqlalchemy.engine.Engine SELECT samples.id, samples.key_value, samples.data_set_id, samples.created_at, samples.updated_at 
FROM samples 
WHERE samples.data_set_id = ?
2026-05-08 15:01:20,424 INFO sqlalchemy.engine.Engine SELECT datasets.id, datasets.project_id, datasets.parent_id, datasets.user_id, datasets.name, datasets.md5, datasets.comment, datasets.num_samples, datasets.completed_samples, datasets.sushi_app_name, datasets.job_parameters, datasets.bfabric_id, datasets.workunit_id, datasets.order_ids, datasets.created_at, datasets.updated_at 
FROM datasets 
WHERE datasets.parent_id = ?
2026-05-08 15:01:20,424 INFO sqlalchemy.engine.Engine [cached since 2.104e+04s ago] (23,)
2026-05-08 15:01:20,424 INFO sqlalchemy.engine.Engine [cached since 2.104e+04s ago] (221,)
2026-05-08 15:01:20,424 INFO sqlalchemy.engine.Engine SELECT datasets.id, datasets.project_id, datasets.parent_id, datasets.user_id, datasets.name, datasets.md5, datasets.comment, datasets.num_samples, datasets.completed_samples, datasets.sushi_app_name, datasets.job_parameters, datasets.bfabric_id, datasets.workunit_id, datasets.order_ids, datasets.created_at, datasets.updated_at 
FROM datasets 
WHERE datasets.parent_id = ?
2026-05-08 15:01:20,424 INFO sqlalchemy.engine.Engine [cached since 2.104e+04s ago] (272,)
2026-05-08 15:01:20,425 INFO sqlalchemy.engine.Engine SELECT samples.id, samples.key_value, samples.data_set_id, samples.created_at, samples.updated_at 
FROM samples 
WHERE samples.data_set_id = ?
2026-05-08 15:01:20,425 INFO sqlalchemy.engine.Engine [cached since 2.104e+04s ago] (23,)
INFO:     130.60.193.7:50873 - "GET /datasets/23/tree HTTP/1.1" 200 OK
2026-05-08 15:01:20,426 INFO sqlalchemy.engine.Engine ROLLBACK
INFO:     130.60.193.7:50874 - "GET /datasets/23 HTTP/1.1" 200 OK
2026-05-08 15:01:20,427 INFO sqlalchemy.engine.Engine ROLLBACK
INFO:     130.60.193.7:50875 - "GET /auth/me HTTP/1.1" 200 OK
INFO:     130.60.193.7:50875 - "GET /projects/ HTTP/1.1" 200 OK
2026-05-08 15:02:04,034 INFO sqlalchemy.engine.Engine BEGIN (implicit)
2026-05-08 15:02:04,034 INFO sqlalchemy.engine.Engine SELECT datasets.id AS datasets_id, datasets.project_id AS datasets_project_id, datasets.parent_id AS datasets_parent_id, datasets.user_id AS datasets_user_id, datasets.name AS datasets_name, datasets.md5 AS datasets_md5, datasets.comment AS datasets_comment, datasets.num_samples AS datasets_num_samples, datasets.completed_samples AS datasets_completed_samples, datasets.sushi_app_name AS datasets_sushi_app_name, datasets.job_parameters AS datasets_job_parameters, datasets.bfabric_id AS datasets_bfabric_id, datasets.workunit_id AS datasets_workunit_id, datasets.order_ids AS datasets_order_ids, datasets.created_at AS datasets_created_at, datasets.updated_at AS datasets_updated_at 
FROM datasets 
WHERE datasets.id = ?
2026-05-08 15:02:04,035 INFO sqlalchemy.engine.Engine [cached since 2.109e+04s ago] (23,)
2026-05-08 15:02:04,035 INFO sqlalchemy.engine.Engine SELECT users.id, users.login, users.email 
FROM users 
WHERE users.id IN (?)
2026-05-08 15:02:04,035 INFO sqlalchemy.engine.Engine [cached since 2.11e+04s ago] (2,)
2026-05-08 15:02:04,035 INFO sqlalchemy.engine.Engine SELECT projects.id, projects.number, projects.created_at, projects.updated_at 
FROM projects 
WHERE projects.id = ?
2026-05-08 15:02:04,035 INFO sqlalchemy.engine.Engine [cached since 2.109e+04s ago] (3,)
2026-05-08 15:02:04,036 INFO sqlalchemy.engine.Engine SELECT datasets.id 
FROM datasets 
WHERE datasets.parent_id = ?
2026-05-08 15:02:04,036 INFO sqlalchemy.engine.Engine [cached since 2.109e+04s ago] (23,)
2026-05-08 15:02:04,036 INFO sqlalchemy.engine.Engine SELECT samples.id, samples.key_value, samples.data_set_id, samples.created_at, samples.updated_at 
FROM samples 
WHERE samples.data_set_id = ?
2026-05-08 15:02:04,036 INFO sqlalchemy.engine.Engine [cached since 2.109e+04s ago] (23,)
2026-05-08 15:02:04,037 INFO sqlalchemy.engine.Engine SELECT samples.id, samples.key_value, samples.data_set_id, samples.created_at, samples.updated_at 
FROM samples 
WHERE samples.data_set_id = ?
2026-05-08 15:02:04,037 INFO sqlalchemy.engine.Engine [cached since 2.109e+04s ago] (23,)
2026-05-08 15:02:04,037 INFO sqlalchemy.engine.Engine SELECT samples.id, samples.key_value, samples.data_set_id, samples.created_at, samples.updated_at 
FROM samples 
WHERE samples.data_set_id = ?
2026-05-08 15:02:04,037 INFO sqlalchemy.engine.Engine [cached since 2.109e+04s ago] (23,)
INFO:     130.60.193.7:50884 - "GET /datasets/23 HTTP/1.1" 200 OK
2026-05-08 15:02:04,039 INFO sqlalchemy.engine.Engine ROLLBACK
INFO:     130.60.193.7:50886 - "GET /auth/login_options HTTP/1.1" 200 OK
2026-05-08 15:02:04,040 INFO sqlalchemy.engine.Engine BEGIN (implicit)
2026-05-08 15:02:04,040 INFO sqlalchemy.engine.Engine SELECT datasets.id AS datasets_id, datasets.project_id AS datasets_project_id, datasets.parent_id AS datasets_parent_id, datasets.user_id AS datasets_user_id, datasets.name AS datasets_name, datasets.md5 AS datasets_md5, datasets.comment AS datasets_comment, datasets.num_samples AS datasets_num_samples, datasets.completed_samples AS datasets_completed_samples, datasets.sushi_app_name AS datasets_sushi_app_name, datasets.job_parameters AS datasets_job_parameters, datasets.bfabric_id AS datasets_bfabric_id, datasets.workunit_id AS datasets_workunit_id, datasets.order_ids AS datasets_order_ids, datasets.created_at AS datasets_created_at, datasets.updated_at AS datasets_updated_at 
FROM datasets 
WHERE datasets.id = ?
2026-05-08 15:02:04,041 INFO sqlalchemy.engine.Engine [cached since 2.109e+04s ago] (23,)
2026-05-08 15:02:04,041 INFO sqlalchemy.engine.Engine SELECT datasets.id, datasets.project_id, datasets.parent_id, datasets.user_id, datasets.name, datasets.md5, datasets.comment, datasets.num_samples, datasets.completed_samples, datasets.sushi_app_name, datasets.job_parameters, datasets.bfabric_id, datasets.workunit_id, datasets.order_ids, datasets.created_at, datasets.updated_at 
FROM datasets 
WHERE datasets.parent_id = ?
2026-05-08 15:02:04,041 INFO sqlalchemy.engine.Engine [cached since 2.109e+04s ago] (23,)
2026-05-08 15:02:04,047 INFO sqlalchemy.engine.Engine SELECT datasets.id, datasets.project_id, datasets.parent_id, datasets.user_id, datasets.name, datasets.md5, datasets.comment, datasets.num_samples, datasets.completed_samples, datasets.sushi_app_name, datasets.job_parameters, datasets.bfabric_id, datasets.workunit_id, datasets.order_ids, datasets.created_at, datasets.updated_at 
FROM datasets 
WHERE datasets.parent_id = ?
2026-05-08 15:02:04,047 INFO sqlalchemy.engine.Engine [cached since 2.109e+04s ago] (39,)
2026-05-08 15:02:04,047 INFO sqlalchemy.engine.Engine SELECT datasets.id, datasets.project_id, datasets.parent_id, datasets.user_id, datasets.name, datasets.md5, datasets.comment, datasets.num_samples, datasets.completed_samples, datasets.sushi_app_name, datasets.job_parameters, datasets.bfabric_id, datasets.workunit_id, datasets.order_ids, datasets.created_at, datasets.updated_at 
FROM datasets 
WHERE datasets.parent_id = ?
2026-05-08 15:02:04,047 INFO sqlalchemy.engine.Engine [cached since 2.109e+04s ago] (51,)
2026-05-08 15:02:04,048 INFO sqlalchemy.engine.Engine SELECT datasets.id, datasets.project_id, datasets.parent_id, datasets.user_id, datasets.name, datasets.md5, datasets.comment, datasets.num_samples, datasets.completed_samples, datasets.sushi_app_name, datasets.job_parameters, datasets.bfabric_id, datasets.workunit_id, datasets.order_ids, datasets.created_at, datasets.updated_at 
FROM datasets 
WHERE datasets.parent_id = ?
2026-05-08 15:02:04,048 INFO sqlalchemy.engine.Engine [cached since 2.109e+04s ago] (147,)
2026-05-08 15:02:04,049 INFO sqlalchemy.engine.Engine SELECT datasets.id, datasets.project_id, datasets.parent_id, datasets.user_id, datasets.name, datasets.md5, datasets.comment, datasets.num_samples, datasets.completed_samples, datasets.sushi_app_name, datasets.job_parameters, datasets.bfabric_id, datasets.workunit_id, datasets.order_ids, datasets.created_at, datasets.updated_at 
FROM datasets 
WHERE datasets.parent_id = ?
2026-05-08 15:02:04,049 INFO sqlalchemy.engine.Engine [cached since 2.109e+04s ago] (200,)
2026-05-08 15:02:04,049 INFO sqlalchemy.engine.Engine SELECT datasets.id, datasets.project_id, datasets.parent_id, datasets.user_id, datasets.name, datasets.md5, datasets.comment, datasets.num_samples, datasets.completed_samples, datasets.sushi_app_name, datasets.job_parameters, datasets.bfabric_id, datasets.workunit_id, datasets.order_ids, datasets.created_at, datasets.updated_at 
FROM datasets 
WHERE datasets.parent_id = ?
2026-05-08 15:02:04,049 INFO sqlalchemy.engine.Engine [cached since 2.109e+04s ago] (221,)
2026-05-08 15:02:04,049 INFO sqlalchemy.engine.Engine SELECT datasets.id, datasets.project_id, datasets.parent_id, datasets.user_id, datasets.name, datasets.md5, datasets.comment, datasets.num_samples, datasets.completed_samples, datasets.sushi_app_name, datasets.job_parameters, datasets.bfabric_id, datasets.workunit_id, datasets.order_ids, datasets.created_at, datasets.updated_at 
FROM datasets 
WHERE datasets.parent_id = ?
2026-05-08 15:02:04,049 INFO sqlalchemy.engine.Engine [cached since 2.109e+04s ago] (272,)
INFO:     130.60.193.7:50885 - "GET /datasets/23/tree HTTP/1.1" 200 OK
2026-05-08 15:02:04,050 INFO sqlalchemy.engine.Engine ROLLBACK
INFO:     130.60.193.7:50886 - "GET /auth/me HTTP/1.1" 200 OK
INFO:     130.60.193.7:50886 - "GET /projects/ HTTP/1.1" 200 OK
INFO:     130.60.193.7:50903 - "OPTIONS /datasets/23 HTTP/1.1" 200 OK
INFO:     130.60.193.7:50904 - "OPTIONS /datasets/23/tree HTTP/1.1" 200 OK
INFO:     130.60.193.7:50905 - "OPTIONS /auth/login_options HTTP/1.1" 200 OK
2026-05-08 15:12:12,982 INFO sqlalchemy.engine.Engine BEGIN (implicit)
2026-05-08 15:12:12,983 INFO sqlalchemy.engine.Engine SELECT datasets.id AS datasets_id, datasets.project_id AS datasets_project_id, datasets.parent_id AS datasets_parent_id, datasets.user_id AS datasets_user_id, datasets.name AS datasets_name, datasets.md5 AS datasets_md5, datasets.comment AS datasets_comment, datasets.num_samples AS datasets_num_samples, datasets.completed_samples AS datasets_completed_samples, datasets.sushi_app_name AS datasets_sushi_app_name, datasets.job_parameters AS datasets_job_parameters, datasets.bfabric_id AS datasets_bfabric_id, datasets.workunit_id AS datasets_workunit_id, datasets.order_ids AS datasets_order_ids, datasets.created_at AS datasets_created_at, datasets.updated_at AS datasets_updated_at 
FROM datasets 
WHERE datasets.id = ?
2026-05-08 15:12:12,983 INFO sqlalchemy.engine.Engine [cached since 2.17e+04s ago] (23,)
2026-05-08 15:12:12,983 INFO sqlalchemy.engine.Engine SELECT users.id, users.login, users.email 
FROM users 
WHERE users.id IN (?)
2026-05-08 15:12:12,983 INFO sqlalchemy.engine.Engine [cached since 2.171e+04s ago] (2,)
2026-05-08 15:12:12,984 INFO sqlalchemy.engine.Engine BEGIN (implicit)
2026-05-08 15:12:12,984 INFO sqlalchemy.engine.Engine SELECT datasets.id AS datasets_id, datasets.project_id AS datasets_project_id, datasets.parent_id AS datasets_parent_id, datasets.user_id AS datasets_user_id, datasets.name AS datasets_name, datasets.md5 AS datasets_md5, datasets.comment AS datasets_comment, datasets.num_samples AS datasets_num_samples, datasets.completed_samples AS datasets_completed_samples, datasets.sushi_app_name AS datasets_sushi_app_name, datasets.job_parameters AS datasets_job_parameters, datasets.bfabric_id AS datasets_bfabric_id, datasets.workunit_id AS datasets_workunit_id, datasets.order_ids AS datasets_order_ids, datasets.created_at AS datasets_created_at, datasets.updated_at AS datasets_updated_at 
FROM datasets 
WHERE datasets.id = ?
2026-05-08 15:12:12,984 INFO sqlalchemy.engine.Engine [cached since 2.17e+04s ago] (23,)
2026-05-08 15:12:12,986 INFO sqlalchemy.engine.Engine SELECT projects.id, projects.number, projects.created_at, projects.updated_at 
FROM projects 
WHERE projects.id = ?
2026-05-08 15:12:12,986 INFO sqlalchemy.engine.Engine [cached since 2.17e+04s ago] (3,)
INFO:     130.60.193.7:50908 - "GET /auth/login_options HTTP/1.1" 200 OK
2026-05-08 15:12:12,987 INFO sqlalchemy.engine.Engine SELECT datasets.id, datasets.project_id, datasets.parent_id, datasets.user_id, datasets.name, datasets.md5, datasets.comment, datasets.num_samples, datasets.completed_samples, datasets.sushi_app_name, datasets.job_parameters, datasets.bfabric_id, datasets.workunit_id, datasets.order_ids, datasets.created_at, datasets.updated_at 
FROM datasets 
WHERE datasets.parent_id = ?
2026-05-08 15:12:12,987 INFO sqlalchemy.engine.Engine [cached since 2.17e+04s ago] (23,)
2026-05-08 15:12:12,987 INFO sqlalchemy.engine.Engine SELECT datasets.id 
FROM datasets 
WHERE datasets.parent_id = ?
2026-05-08 15:12:12,987 INFO sqlalchemy.engine.Engine [cached since 2.17e+04s ago] (23,)
2026-05-08 15:12:12,988 INFO sqlalchemy.engine.Engine SELECT samples.id, samples.key_value, samples.data_set_id, samples.created_at, samples.updated_at 
FROM samples 
WHERE samples.data_set_id = ?
2026-05-08 15:12:12,988 INFO sqlalchemy.engine.Engine [cached since 2.17e+04s ago] (23,)
2026-05-08 15:12:12,993 INFO sqlalchemy.engine.Engine SELECT samples.id, samples.key_value, samples.data_set_id, samples.created_at, samples.updated_at 
FROM samples 
WHERE samples.data_set_id = ?
2026-05-08 15:12:12,993 INFO sqlalchemy.engine.Engine [cached since 2.17e+04s ago] (23,)
2026-05-08 15:12:12,995 INFO sqlalchemy.engine.Engine SELECT datasets.id, datasets.project_id, datasets.parent_id, datasets.user_id, datasets.name, datasets.md5, datasets.comment, datasets.num_samples, datasets.completed_samples, datasets.sushi_app_name, datasets.job_parameters, datasets.bfabric_id, datasets.workunit_id, datasets.order_ids, datasets.created_at, datasets.updated_at 
FROM datasets 
WHERE datasets.parent_id = ?
2026-05-08 15:12:12,995 INFO sqlalchemy.engine.Engine [cached since 2.17e+04s ago] (39,)
2026-05-08 15:12:12,995 INFO sqlalchemy.engine.Engine SELECT samples.id, samples.key_value, samples.data_set_id, samples.created_at, samples.updated_at 
FROM samples 
WHERE samples.data_set_id = ?
2026-05-08 15:12:12,995 INFO sqlalchemy.engine.Engine [cached since 2.17e+04s ago] (23,)
2026-05-08 15:12:12,996 INFO sqlalchemy.engine.Engine SELECT datasets.id, datasets.project_id, datasets.parent_id, datasets.user_id, datasets.name, datasets.md5, datasets.comment, datasets.num_samples, datasets.completed_samples, datasets.sushi_app_name, datasets.job_parameters, datasets.bfabric_id, datasets.workunit_id, datasets.order_ids, datasets.created_at, datasets.updated_at 
FROM datasets 
WHERE datasets.parent_id = ?
2026-05-08 15:12:12,996 INFO sqlalchemy.engine.Engine [cached since 2.17e+04s ago] (51,)
2026-05-08 15:12:12,996 INFO sqlalchemy.engine.Engine SELECT datasets.id, datasets.project_id, datasets.parent_id, datasets.user_id, datasets.name, datasets.md5, datasets.comment, datasets.num_samples, datasets.completed_samples, datasets.sushi_app_name, datasets.job_parameters, datasets.bfabric_id, datasets.workunit_id, datasets.order_ids, datasets.created_at, datasets.updated_at 
FROM datasets 
WHERE datasets.parent_id = ?
2026-05-08 15:12:12,996 INFO sqlalchemy.engine.Engine [cached since 2.17e+04s ago] (147,)
INFO:     130.60.193.7:50906 - "GET /datasets/23 HTTP/1.1" 200 OK
2026-05-08 15:12:12,997 INFO sqlalchemy.engine.Engine ROLLBACK
2026-05-08 15:12:12,998 INFO sqlalchemy.engine.Engine SELECT datasets.id, datasets.project_id, datasets.parent_id, datasets.user_id, datasets.name, datasets.md5, datasets.comment, datasets.num_samples, datasets.completed_samples, datasets.sushi_app_name, datasets.job_parameters, datasets.bfabric_id, datasets.workunit_id, datasets.order_ids, datasets.created_at, datasets.updated_at 
FROM datasets 
WHERE datasets.parent_id = ?
2026-05-08 15:12:12,998 INFO sqlalchemy.engine.Engine [cached since 2.17e+04s ago] (200,)
2026-05-08 15:12:12,998 INFO sqlalchemy.engine.Engine SELECT datasets.id, datasets.project_id, datasets.parent_id, datasets.user_id, datasets.name, datasets.md5, datasets.comment, datasets.num_samples, datasets.completed_samples, datasets.sushi_app_name, datasets.job_parameters, datasets.bfabric_id, datasets.workunit_id, datasets.order_ids, datasets.created_at, datasets.updated_at 
FROM datasets 
WHERE datasets.parent_id = ?
2026-05-08 15:12:12,998 INFO sqlalchemy.engine.Engine [cached since 2.17e+04s ago] (221,)
2026-05-08 15:12:12,999 INFO sqlalchemy.engine.Engine SELECT datasets.id, datasets.project_id, datasets.parent_id, datasets.user_id, datasets.name, datasets.md5, datasets.comment, datasets.num_samples, datasets.completed_samples, datasets.sushi_app_name, datasets.job_parameters, datasets.bfabric_id, datasets.workunit_id, datasets.order_ids, datasets.created_at, datasets.updated_at 
FROM datasets 
WHERE datasets.parent_id = ?
2026-05-08 15:12:12,999 INFO sqlalchemy.engine.Engine [cached since 2.17e+04s ago] (272,)
INFO:     130.60.193.7:50907 - "GET /datasets/23/tree HTTP/1.1" 200 OK
2026-05-08 15:12:12,999 INFO sqlalchemy.engine.Engine ROLLBACK
INFO:     130.60.193.7:50905 - "OPTIONS /auth/me HTTP/1.1" 200 OK
INFO:     130.60.193.7:50907 - "GET /auth/me HTTP/1.1" 200 OK
INFO:     130.60.193.7:50905 - "OPTIONS /projects/ HTTP/1.1" 200 OK
INFO:     130.60.193.7:50907 - "GET /projects/ HTTP/1.1" 200 OK
2026-05-08 15:19:46,608 INFO sqlalchemy.engine.Engine BEGIN (implicit)
2026-05-08 15:19:46,609 INFO sqlalchemy.engine.Engine SELECT datasets.id AS datasets_id, datasets.project_id AS datasets_project_id, datasets.parent_id AS datasets_parent_id, datasets.user_id AS datasets_user_id, datasets.name AS datasets_name, datasets.md5 AS datasets_md5, datasets.comment AS datasets_comment, datasets.num_samples AS datasets_num_samples, datasets.completed_samples AS datasets_completed_samples, datasets.sushi_app_name AS datasets_sushi_app_name, datasets.job_parameters AS datasets_job_parameters, datasets.bfabric_id AS datasets_bfabric_id, datasets.workunit_id AS datasets_workunit_id, datasets.order_ids AS datasets_order_ids, datasets.created_at AS datasets_created_at, datasets.updated_at AS datasets_updated_at 
FROM datasets 
WHERE datasets.id = ?
2026-05-08 15:19:46,609 INFO sqlalchemy.engine.Engine [cached since 2.215e+04s ago] (23,)
2026-05-08 15:19:46,609 INFO sqlalchemy.engine.Engine SELECT users.id, users.login, users.email 
FROM users 
WHERE users.id IN (?)
2026-05-08 15:19:46,609 INFO sqlalchemy.engine.Engine [cached since 2.216e+04s ago] (2,)
2026-05-08 15:19:46,610 INFO sqlalchemy.engine.Engine SELECT projects.id, projects.number, projects.created_at, projects.updated_at 
FROM projects 
WHERE projects.id = ?
2026-05-08 15:19:46,610 INFO sqlalchemy.engine.Engine [cached since 2.215e+04s ago] (3,)
2026-05-08 15:19:46,610 INFO sqlalchemy.engine.Engine SELECT datasets.id 
FROM datasets 
WHERE datasets.parent_id = ?
2026-05-08 15:19:46,610 INFO sqlalchemy.engine.Engine [cached since 2.215e+04s ago] (23,)
2026-05-08 15:19:46,612 INFO sqlalchemy.engine.Engine SELECT samples.id, samples.key_value, samples.data_set_id, samples.created_at, samples.updated_at 
FROM samples 
WHERE samples.data_set_id = ?
2026-05-08 15:19:46,612 INFO sqlalchemy.engine.Engine [cached since 2.215e+04s ago] (23,)
INFO:     130.60.193.7:50922 - "GET /auth/login_options HTTP/1.1" 200 OK
2026-05-08 15:19:46,613 INFO sqlalchemy.engine.Engine SELECT samples.id, samples.key_value, samples.data_set_id, samples.created_at, samples.updated_at 
FROM samples 
WHERE samples.data_set_id = ?
2026-05-08 15:19:46,613 INFO sqlalchemy.engine.Engine [cached since 2.215e+04s ago] (23,)
2026-05-08 15:19:46,614 INFO sqlalchemy.engine.Engine SELECT samples.id, samples.key_value, samples.data_set_id, samples.created_at, samples.updated_at 
FROM samples 
WHERE samples.data_set_id = ?
2026-05-08 15:19:46,614 INFO sqlalchemy.engine.Engine [cached since 2.215e+04s ago] (23,)
2026-05-08 15:19:46,615 INFO sqlalchemy.engine.Engine BEGIN (implicit)
2026-05-08 15:19:46,615 INFO sqlalchemy.engine.Engine SELECT datasets.id AS datasets_id, datasets.project_id AS datasets_project_id, datasets.parent_id AS datasets_parent_id, datasets.user_id AS datasets_user_id, datasets.name AS datasets_name, datasets.md5 AS datasets_md5, datasets.comment AS datasets_comment, datasets.num_samples AS datasets_num_samples, datasets.completed_samples AS datasets_completed_samples, datasets.sushi_app_name AS datasets_sushi_app_name, datasets.job_parameters AS datasets_job_parameters, datasets.bfabric_id AS datasets_bfabric_id, datasets.workunit_id AS datasets_workunit_id, datasets.order_ids AS datasets_order_ids, datasets.created_at AS datasets_created_at, datasets.updated_at AS datasets_updated_at 
FROM datasets 
WHERE datasets.id = ?
2026-05-08 15:19:46,615 INFO sqlalchemy.engine.Engine [cached since 2.215e+04s ago] (23,)
INFO:     130.60.193.7:50920 - "GET /datasets/23 HTTP/1.1" 200 OK
2026-05-08 15:19:46,616 INFO sqlalchemy.engine.Engine SELECT datasets.id, datasets.project_id, datasets.parent_id, datasets.user_id, datasets.name, datasets.md5, datasets.comment, datasets.num_samples, datasets.completed_samples, datasets.sushi_app_name, datasets.job_parameters, datasets.bfabric_id, datasets.workunit_id, datasets.order_ids, datasets.created_at, datasets.updated_at 
FROM datasets 
WHERE datasets.parent_id = ?
2026-05-08 15:19:46,616 INFO sqlalchemy.engine.Engine [cached since 2.215e+04s ago] (23,)
2026-05-08 15:19:46,616 INFO sqlalchemy.engine.Engine ROLLBACK
2026-05-08 15:19:46,622 INFO sqlalchemy.engine.Engine SELECT datasets.id, datasets.project_id, datasets.parent_id, datasets.user_id, datasets.name, datasets.md5, datasets.comment, datasets.num_samples, datasets.completed_samples, datasets.sushi_app_name, datasets.job_parameters, datasets.bfabric_id, datasets.workunit_id, datasets.order_ids, datasets.created_at, datasets.updated_at 
FROM datasets 
WHERE datasets.parent_id = ?
2026-05-08 15:19:46,623 INFO sqlalchemy.engine.Engine [cached since 2.215e+04s ago] (39,)
2026-05-08 15:19:46,623 INFO sqlalchemy.engine.Engine SELECT datasets.id, datasets.project_id, datasets.parent_id, datasets.user_id, datasets.name, datasets.md5, datasets.comment, datasets.num_samples, datasets.completed_samples, datasets.sushi_app_name, datasets.job_parameters, datasets.bfabric_id, datasets.workunit_id, datasets.order_ids, datasets.created_at, datasets.updated_at 
FROM datasets 
WHERE datasets.parent_id = ?
2026-05-08 15:19:46,623 INFO sqlalchemy.engine.Engine [cached since 2.215e+04s ago] (51,)
2026-05-08 15:19:46,624 INFO sqlalchemy.engine.Engine SELECT datasets.id, datasets.project_id, datasets.parent_id, datasets.user_id, datasets.name, datasets.md5, datasets.comment, datasets.num_samples, datasets.completed_samples, datasets.sushi_app_name, datasets.job_parameters, datasets.bfabric_id, datasets.workunit_id, datasets.order_ids, datasets.created_at, datasets.updated_at 
FROM datasets 
WHERE datasets.parent_id = ?
2026-05-08 15:19:46,624 INFO sqlalchemy.engine.Engine [cached since 2.215e+04s ago] (147,)
INFO:     130.60.193.7:50922 - "GET /auth/me HTTP/1.1" 200 OK
2026-05-08 15:19:46,626 INFO sqlalchemy.engine.Engine SELECT datasets.id, datasets.project_id, datasets.parent_id, datasets.user_id, datasets.name, datasets.md5, datasets.comment, datasets.num_samples, datasets.completed_samples, datasets.sushi_app_name, datasets.job_parameters, datasets.bfabric_id, datasets.workunit_id, datasets.order_ids, datasets.created_at, datasets.updated_at 
FROM datasets 
WHERE datasets.parent_id = ?
2026-05-08 15:19:46,626 INFO sqlalchemy.engine.Engine [cached since 2.215e+04s ago] (200,)
2026-05-08 15:19:46,626 INFO sqlalchemy.engine.Engine SELECT datasets.id, datasets.project_id, datasets.parent_id, datasets.user_id, datasets.name, datasets.md5, datasets.comment, datasets.num_samples, datasets.completed_samples, datasets.sushi_app_name, datasets.job_parameters, datasets.bfabric_id, datasets.workunit_id, datasets.order_ids, datasets.created_at, datasets.updated_at 
FROM datasets 
WHERE datasets.parent_id = ?
2026-05-08 15:19:46,626 INFO sqlalchemy.engine.Engine [cached since 2.215e+04s ago] (221,)
2026-05-08 15:19:46,626 INFO sqlalchemy.engine.Engine SELECT datasets.id, datasets.project_id, datasets.parent_id, datasets.user_id, datasets.name, datasets.md5, datasets.comment, datasets.num_samples, datasets.completed_samples, datasets.sushi_app_name, datasets.job_parameters, datasets.bfabric_id, datasets.workunit_id, datasets.order_ids, datasets.created_at, datasets.updated_at 
FROM datasets 
WHERE datasets.parent_id = ?
2026-05-08 15:19:46,626 INFO sqlalchemy.engine.Engine [cached since 2.215e+04s ago] (272,)
INFO:     130.60.193.7:50921 - "GET /datasets/23/tree HTTP/1.1" 200 OK
2026-05-08 15:19:46,627 INFO sqlalchemy.engine.Engine ROLLBACK
INFO:     130.60.193.7:50922 - "GET /projects/ HTTP/1.1" 200 OK
2026-05-08 15:20:11,255 INFO sqlalchemy.engine.Engine BEGIN (implicit)
2026-05-08 15:20:11,255 INFO sqlalchemy.engine.Engine SELECT datasets.id AS datasets_id, datasets.project_id AS datasets_project_id, datasets.parent_id AS datasets_parent_id, datasets.user_id AS datasets_user_id, datasets.name AS datasets_name, datasets.md5 AS datasets_md5, datasets.comment AS datasets_comment, datasets.num_samples AS datasets_num_samples, datasets.completed_samples AS datasets_completed_samples, datasets.sushi_app_name AS datasets_sushi_app_name, datasets.job_parameters AS datasets_job_parameters, datasets.bfabric_id AS datasets_bfabric_id, datasets.workunit_id AS datasets_workunit_id, datasets.order_ids AS datasets_order_ids, datasets.created_at AS datasets_created_at, datasets.updated_at AS datasets_updated_at 
FROM datasets 
WHERE datasets.id = ?
2026-05-08 15:20:11,255 INFO sqlalchemy.engine.Engine [cached since 2.217e+04s ago] (23,)
2026-05-08 15:20:11,256 INFO sqlalchemy.engine.Engine SELECT users.id, users.login, users.email 
FROM users 
WHERE users.id IN (?)
2026-05-08 15:20:11,256 INFO sqlalchemy.engine.Engine [cached since 2.219e+04s ago] (2,)
2026-05-08 15:20:11,256 INFO sqlalchemy.engine.Engine SELECT projects.id, projects.number, projects.created_at, projects.updated_at 
FROM projects 
WHERE projects.id = ?
2026-05-08 15:20:11,256 INFO sqlalchemy.engine.Engine [cached since 2.217e+04s ago] (3,)
2026-05-08 15:20:11,257 INFO sqlalchemy.engine.Engine SELECT datasets.id 
FROM datasets 
WHERE datasets.parent_id = ?
2026-05-08 15:20:11,257 INFO sqlalchemy.engine.Engine [cached since 2.217e+04s ago] (23,)
2026-05-08 15:20:11,258 INFO sqlalchemy.engine.Engine SELECT samples.id, samples.key_value, samples.data_set_id, samples.created_at, samples.updated_at 
FROM samples 
WHERE samples.data_set_id = ?
INFO:     130.60.193.7:50933 - "GET /auth/login_options HTTP/1.1" 200 OK
2026-05-08 15:20:11,259 INFO sqlalchemy.engine.Engine [cached since 2.217e+04s ago] (23,)
2026-05-08 15:20:11,260 INFO sqlalchemy.engine.Engine BEGIN (implicit)
2026-05-08 15:20:11,260 INFO sqlalchemy.engine.Engine SELECT datasets.id AS datasets_id, datasets.project_id AS datasets_project_id, datasets.parent_id AS datasets_parent_id, datasets.user_id AS datasets_user_id, datasets.name AS datasets_name, datasets.md5 AS datasets_md5, datasets.comment AS datasets_comment, datasets.num_samples AS datasets_num_samples, datasets.completed_samples AS datasets_completed_samples, datasets.sushi_app_name AS datasets_sushi_app_name, datasets.job_parameters AS datasets_job_parameters, datasets.bfabric_id AS datasets_bfabric_id, datasets.workunit_id AS datasets_workunit_id, datasets.order_ids AS datasets_order_ids, datasets.created_at AS datasets_created_at, datasets.updated_at AS datasets_updated_at 
FROM datasets 
WHERE datasets.id = ?
2026-05-08 15:20:11,260 INFO sqlalchemy.engine.Engine [cached since 2.217e+04s ago] (23,)
2026-05-08 15:20:11,261 INFO sqlalchemy.engine.Engine SELECT samples.id, samples.key_value, samples.data_set_id, samples.created_at, samples.updated_at 
FROM samples 
WHERE samples.data_set_id = ?
2026-05-08 15:20:11,261 INFO sqlalchemy.engine.Engine [cached since 2.217e+04s ago] (23,)
2026-05-08 15:20:11,261 INFO sqlalchemy.engine.Engine SELECT datasets.id, datasets.project_id, datasets.parent_id, datasets.user_id, datasets.name, datasets.md5, datasets.comment, datasets.num_samples, datasets.completed_samples, datasets.sushi_app_name, datasets.job_parameters, datasets.bfabric_id, datasets.workunit_id, datasets.order_ids, datasets.created_at, datasets.updated_at 
FROM datasets 
WHERE datasets.parent_id = ?
2026-05-08 15:20:11,261 INFO sqlalchemy.engine.Engine [cached since 2.217e+04s ago] (23,)
2026-05-08 15:20:11,262 INFO sqlalchemy.engine.Engine SELECT samples.id, samples.key_value, samples.data_set_id, samples.created_at, samples.updated_at 
FROM samples 
WHERE samples.data_set_id = ?
2026-05-08 15:20:11,262 INFO sqlalchemy.engine.Engine [cached since 2.217e+04s ago] (23,)
INFO:     130.60.193.7:50931 - "GET /datasets/23 HTTP/1.1" 200 OK
2026-05-08 15:20:11,263 INFO sqlalchemy.engine.Engine ROLLBACK
2026-05-08 15:20:11,269 INFO sqlalchemy.engine.Engine SELECT datasets.id, datasets.project_id, datasets.parent_id, datasets.user_id, datasets.name, datasets.md5, datasets.comment, datasets.num_samples, datasets.completed_samples, datasets.sushi_app_name, datasets.job_parameters, datasets.bfabric_id, datasets.workunit_id, datasets.order_ids, datasets.created_at, datasets.updated_at 
FROM datasets 
WHERE datasets.parent_id = ?
2026-05-08 15:20:11,269 INFO sqlalchemy.engine.Engine [cached since 2.217e+04s ago] (39,)
2026-05-08 15:20:11,270 INFO sqlalchemy.engine.Engine SELECT datasets.id, datasets.project_id, datasets.parent_id, datasets.user_id, datasets.name, datasets.md5, datasets.comment, datasets.num_samples, datasets.completed_samples, datasets.sushi_app_name, datasets.job_parameters, datasets.bfabric_id, datasets.workunit_id, datasets.order_ids, datasets.created_at, datasets.updated_at 
FROM datasets 
WHERE datasets.parent_id = ?
2026-05-08 15:20:11,270 INFO sqlalchemy.engine.Engine [cached since 2.217e+04s ago] (51,)
2026-05-08 15:20:11,270 INFO sqlalchemy.engine.Engine SELECT datasets.id, datasets.project_id, datasets.parent_id, datasets.user_id, datasets.name, datasets.md5, datasets.comment, datasets.num_samples, datasets.completed_samples, datasets.sushi_app_name, datasets.job_parameters, datasets.bfabric_id, datasets.workunit_id, datasets.order_ids, datasets.created_at, datasets.updated_at 
FROM datasets 
WHERE datasets.parent_id = ?
2026-05-08 15:20:11,271 INFO sqlalchemy.engine.Engine [cached since 2.217e+04s ago] (147,)
INFO:     130.60.193.7:50933 - "GET /auth/me HTTP/1.1" 200 OK
2026-05-08 15:20:11,272 INFO sqlalchemy.engine.Engine SELECT datasets.id, datasets.project_id, datasets.parent_id, datasets.user_id, datasets.name, datasets.md5, datasets.comment, datasets.num_samples, datasets.completed_samples, datasets.sushi_app_name, datasets.job_parameters, datasets.bfabric_id, datasets.workunit_id, datasets.order_ids, datasets.created_at, datasets.updated_at 
FROM datasets 
WHERE datasets.parent_id = ?
2026-05-08 15:20:11,272 INFO sqlalchemy.engine.Engine [cached since 2.217e+04s ago] (200,)
2026-05-08 15:20:11,272 INFO sqlalchemy.engine.Engine SELECT datasets.id, datasets.project_id, datasets.parent_id, datasets.user_id, datasets.name, datasets.md5, datasets.comment, datasets.num_samples, datasets.completed_samples, datasets.sushi_app_name, datasets.job_parameters, datasets.bfabric_id, datasets.workunit_id, datasets.order_ids, datasets.created_at, datasets.updated_at 
FROM datasets 
WHERE datasets.parent_id = ?
2026-05-08 15:20:11,272 INFO sqlalchemy.engine.Engine [cached since 2.217e+04s ago] (221,)
2026-05-08 15:20:11,273 INFO sqlalchemy.engine.Engine SELECT datasets.id, datasets.project_id, datasets.parent_id, datasets.user_id, datasets.name, datasets.md5, datasets.comment, datasets.num_samples, datasets.completed_samples, datasets.sushi_app_name, datasets.job_parameters, datasets.bfabric_id, datasets.workunit_id, datasets.order_ids, datasets.created_at, datasets.updated_at 
FROM datasets 
WHERE datasets.parent_id = ?
2026-05-08 15:20:11,273 INFO sqlalchemy.engine.Engine [cached since 2.217e+04s ago] (272,)
INFO:     130.60.193.7:50932 - "GET /datasets/23/tree HTTP/1.1" 200 OK
2026-05-08 15:20:11,273 INFO sqlalchemy.engine.Engine ROLLBACK
INFO:     130.60.193.7:50933 - "GET /projects/ HTTP/1.1" 200 OK
INFO:     130.60.193.7:50934 - "OPTIONS /projects/1001/datasets?q=&page=1&per=10 HTTP/1.1" 200 OK
2026-05-08 15:20:15,534 INFO sqlalchemy.engine.Engine BEGIN (implicit)
2026-05-08 15:20:15,534 INFO sqlalchemy.engine.Engine SELECT count(*) AS count_1 
FROM datasets JOIN projects ON datasets.project_id = projects.id 
WHERE projects.number = ?
2026-05-08 15:20:15,534 INFO sqlalchemy.engine.Engine [cached since 2.219e+04s ago] (1001,)
2026-05-08 15:20:15,535 INFO sqlalchemy.engine.Engine SELECT datasets.id, datasets.project_id, datasets.parent_id, datasets.user_id, datasets.name, datasets.md5, datasets.comment, datasets.num_samples, datasets.completed_samples, datasets.sushi_app_name, datasets.job_parameters, datasets.bfabric_id, datasets.workunit_id, datasets.order_ids, datasets.created_at, datasets.updated_at 
FROM datasets JOIN projects ON datasets.project_id = projects.id 
WHERE projects.number = ? ORDER BY datasets.created_at DESC
 LIMIT ? OFFSET ?
2026-05-08 15:20:15,535 INFO sqlalchemy.engine.Engine [cached since 2.219e+04s ago] (1001, 10, 0)
2026-05-08 15:20:15,545 INFO sqlalchemy.engine.Engine SELECT users.id, users.login, users.email 
FROM users 
WHERE users.id IN (?)
2026-05-08 15:20:15,545 INFO sqlalchemy.engine.Engine [cached since 2.219e+04s ago] (2,)
2026-05-08 15:20:15,546 INFO sqlalchemy.engine.Engine SELECT datasets.id, datasets.parent_id 
FROM datasets 
WHERE datasets.parent_id IN (?, ?, ?, ?, ?, ?, ?, ?, ?, ?)
2026-05-08 15:20:15,546 INFO sqlalchemy.engine.Engine [cached since 2.219e+04s ago] (273, 272, 270, 269, 268, 267, 266, 265, 245, 243)
INFO:     130.60.193.7:50933 - "GET /projects/1001/datasets?q=&page=1&per=10 HTTP/1.1" 200 OK
2026-05-08 15:20:15,546 INFO sqlalchemy.engine.Engine ROLLBACK
INFO:     130.60.193.7:50934 - "OPTIONS /projects/1001/datasets/tree HTTP/1.1" 200 OK
2026-05-08 15:20:16,717 INFO sqlalchemy.engine.Engine BEGIN (implicit)
2026-05-08 15:20:16,717 INFO sqlalchemy.engine.Engine SELECT datasets.id, datasets.parent_id, datasets.name, datasets.comment 
FROM datasets JOIN projects ON datasets.project_id = projects.id 
WHERE projects.number = ?
2026-05-08 15:20:16,717 INFO sqlalchemy.engine.Engine [cached since 2.198e+04s ago] (1001,)
2026-05-08 15:20:16,718 INFO sqlalchemy.engine.Engine SELECT datasets.parent_id, count(datasets.id) AS count_1 
FROM datasets 
WHERE datasets.parent_id IN (?, ?, ?, ?, ?, ?, ?, ?, ?, ?, ?, ?, ?, ?, ?, ?, ?, ?, ?, ?, ?, ?, ?, ?, ?, ?, ?, ?, ?, ?, ?, ?, ?, ?, ?, ?, ?, ?, ?, ?, ?, ?, ?, ?, ?, ?, ?, ?, ?, ?, ?, ?, ?, ?, ?, ?, ?, ?, ?, ?, ?, ?, ?) GROUP BY datasets.parent_id
2026-05-08 15:20:16,718 INFO sqlalchemy.engine.Engine [cached since 2.198e+04s ago] (129, 130, 131, 132, 133, 137, 265, 266, 267, 141, 268, 269, 270, 17, 18, 19, 20, 145, 147, 23, 150, 151, 152, 153, 154, 155, 37, 39, 168, 169, 44, 172, 173, 47, 51, 179, 53, 54, 180, 182, 185, 186, 188, 189, 190, 199, 200, 201, 202, 203, 205, 206, 272, 220, 221, 222, 273, 224, 228, 234, 243, 245, 127)
INFO:     130.60.193.7:50933 - "GET /projects/1001/datasets/tree HTTP/1.1" 200 OK
2026-05-08 15:20:16,719 INFO sqlalchemy.engine.Engine ROLLBACK
2026-05-08 15:26:20,676 INFO sqlalchemy.engine.Engine BEGIN (implicit)
2026-05-08 15:26:20,676 INFO sqlalchemy.engine.Engine SELECT count(*) AS count_1 
FROM datasets JOIN projects ON datasets.project_id = projects.id 
WHERE projects.number = ?
2026-05-08 15:26:20,676 INFO sqlalchemy.engine.Engine [cached since 2.256e+04s ago] (1001,)
2026-05-08 15:26:20,677 INFO sqlalchemy.engine.Engine SELECT datasets.id, datasets.project_id, datasets.parent_id, datasets.user_id, datasets.name, datasets.md5, datasets.comment, datasets.num_samples, datasets.completed_samples, datasets.sushi_app_name, datasets.job_parameters, datasets.bfabric_id, datasets.workunit_id, datasets.order_ids, datasets.created_at, datasets.updated_at 
FROM datasets JOIN projects ON datasets.project_id = projects.id 
WHERE projects.number = ? ORDER BY datasets.created_at DESC
 LIMIT ? OFFSET ?
2026-05-08 15:26:20,677 INFO sqlalchemy.engine.Engine [cached since 2.256e+04s ago] (1001, 10, 0)
2026-05-08 15:26:20,688 INFO sqlalchemy.engine.Engine SELECT users.id, users.login, users.email 
FROM users 
WHERE users.id IN (?)
2026-05-08 15:26:20,688 INFO sqlalchemy.engine.Engine [cached since 2.256e+04s ago] (2,)
2026-05-08 15:26:20,688 INFO sqlalchemy.engine.Engine SELECT datasets.id, datasets.parent_id 
FROM datasets 
WHERE datasets.parent_id IN (?, ?, ?, ?, ?, ?, ?, ?, ?, ?)
2026-05-08 15:26:20,688 INFO sqlalchemy.engine.Engine [cached since 2.256e+04s ago] (273, 272, 270, 269, 268, 267, 266, 265, 245, 243)
INFO:     130.60.193.7:50942 - "GET /projects/1001/datasets?q=&page=1&per=10 HTTP/1.1" 200 OK
2026-05-08 15:26:20,690 INFO sqlalchemy.engine.Engine ROLLBACK
2026-05-08 15:26:20,691 INFO sqlalchemy.engine.Engine BEGIN (implicit)
2026-05-08 15:26:20,691 INFO sqlalchemy.engine.Engine SELECT datasets.id, datasets.parent_id, datasets.name, datasets.comment 
FROM datasets JOIN projects ON datasets.project_id = projects.id 
WHERE projects.number = ?
2026-05-08 15:26:20,691 INFO sqlalchemy.engine.Engine [cached since 2.234e+04s ago] (1001,)
2026-05-08 15:26:20,692 INFO sqlalchemy.engine.Engine SELECT datasets.parent_id, count(datasets.id) AS count_1 
FROM datasets 
WHERE datasets.parent_id IN (?, ?, ?, ?, ?, ?, ?, ?, ?, ?, ?, ?, ?, ?, ?, ?, ?, ?, ?, ?, ?, ?, ?, ?, ?, ?, ?, ?, ?, ?, ?, ?, ?, ?, ?, ?, ?, ?, ?, ?, ?, ?, ?, ?, ?, ?, ?, ?, ?, ?, ?, ?, ?, ?, ?, ?, ?, ?, ?, ?, ?, ?, ?) GROUP BY datasets.parent_id
2026-05-08 15:26:20,692 INFO sqlalchemy.engine.Engine [cached since 2.234e+04s ago] (129, 130, 131, 132, 133, 137, 265, 266, 267, 141, 268, 269, 270, 17, 18, 19, 20, 145, 147, 23, 150, 151, 152, 153, 154, 155, 37, 39, 168, 169, 44, 172, 173, 47, 51, 179, 53, 54, 180, 182, 185, 186, 188, 189, 190, 199, 200, 201, 202, 203, 205, 206, 272, 220, 221, 222, 273, 224, 228, 234, 243, 245, 127)
INFO:     130.60.193.7:50943 - "GET /projects/1001/datasets/tree HTTP/1.1" 200 OK
2026-05-08 15:26:20,693 INFO sqlalchemy.engine.Engine ROLLBACK
INFO:     130.60.193.7:57796 - "OPTIONS /auth/login_options HTTP/1.1" 200 OK
INFO:     130.60.193.7:57797 - "GET /auth/login_options HTTP/1.1" 200 OK
INFO:     130.60.193.7:57796 - "OPTIONS /auth/me HTTP/1.1" 200 OK
INFO:     130.60.193.7:57797 - "GET /auth/me HTTP/1.1" 200 OK
INFO:     130.60.193.7:57796 - "OPTIONS /projects/ HTTP/1.1" 200 OK
INFO:     130.60.193.7:57797 - "GET /projects/ HTTP/1.1" 200 OK
INFO:     130.60.193.7:57796 - "OPTIONS /projects/1001/datasets?q=&page=1&per=10 HTTP/1.1" 200 OK
2026-05-10 19:56:13,832 INFO sqlalchemy.engine.Engine BEGIN (implicit)
2026-05-10 19:56:13,832 INFO sqlalchemy.engine.Engine SELECT count(*) AS count_1 
FROM datasets JOIN projects ON datasets.project_id = projects.id 
WHERE projects.number = ?
2026-05-10 19:56:13,832 INFO sqlalchemy.engine.Engine [cached since 2.116e+05s ago] (1001,)
2026-05-10 19:56:13,833 INFO sqlalchemy.engine.Engine SELECT datasets.id, datasets.project_id, datasets.parent_id, datasets.user_id, datasets.name, datasets.md5, datasets.comment, datasets.num_samples, datasets.completed_samples, datasets.sushi_app_name, datasets.job_parameters, datasets.bfabric_id, datasets.workunit_id, datasets.order_ids, datasets.created_at, datasets.updated_at 
FROM datasets JOIN projects ON datasets.project_id = projects.id 
WHERE projects.number = ? ORDER BY datasets.created_at DESC
 LIMIT ? OFFSET ?
2026-05-10 19:56:13,833 INFO sqlalchemy.engine.Engine [cached since 2.116e+05s ago] (1001, 10, 0)
2026-05-10 19:56:13,843 INFO sqlalchemy.engine.Engine SELECT users.id, users.login, users.email 
FROM users 
WHERE users.id IN (?)
2026-05-10 19:56:13,843 INFO sqlalchemy.engine.Engine [cached since 2.116e+05s ago] (2,)
2026-05-10 19:56:13,844 INFO sqlalchemy.engine.Engine SELECT datasets.id, datasets.parent_id 
FROM datasets 
WHERE datasets.parent_id IN (?, ?, ?, ?, ?, ?, ?, ?, ?, ?)
2026-05-10 19:56:13,844 INFO sqlalchemy.engine.Engine [cached since 2.116e+05s ago] (273, 272, 270, 269, 268, 267, 266, 265, 245, 243)
INFO:     130.60.193.7:57797 - "GET /projects/1001/datasets?q=&page=1&per=10 HTTP/1.1" 200 OK
2026-05-10 19:56:13,845 INFO sqlalchemy.engine.Engine ROLLBACK
INFO:     130.60.193.7:57796 - "OPTIONS /projects/1001/datasets/tree HTTP/1.1" 200 OK
2026-05-10 19:56:16,013 INFO sqlalchemy.engine.Engine BEGIN (implicit)
2026-05-10 19:56:16,014 INFO sqlalchemy.engine.Engine SELECT datasets.id, datasets.parent_id, datasets.name, datasets.comment 
FROM datasets JOIN projects ON datasets.project_id = projects.id 
WHERE projects.number = ?
2026-05-10 19:56:16,014 INFO sqlalchemy.engine.Engine [cached since 2.113e+05s ago] (1001,)
2026-05-10 19:56:16,014 INFO sqlalchemy.engine.Engine SELECT datasets.parent_id, count(datasets.id) AS count_1 
FROM datasets 
WHERE datasets.parent_id IN (?, ?, ?, ?, ?, ?, ?, ?, ?, ?, ?, ?, ?, ?, ?, ?, ?, ?, ?, ?, ?, ?, ?, ?, ?, ?, ?, ?, ?, ?, ?, ?, ?, ?, ?, ?, ?, ?, ?, ?, ?, ?, ?, ?, ?, ?, ?, ?, ?, ?, ?, ?, ?, ?, ?, ?, ?, ?, ?, ?, ?, ?, ?) GROUP BY datasets.parent_id
2026-05-10 19:56:16,014 INFO sqlalchemy.engine.Engine [cached since 2.113e+05s ago] (129, 130, 131, 132, 133, 137, 265, 266, 267, 141, 268, 269, 270, 17, 18, 19, 20, 145, 147, 23, 150, 151, 152, 153, 154, 155, 37, 39, 168, 169, 44, 172, 173, 47, 51, 179, 53, 54, 180, 182, 185, 186, 188, 189, 190, 199, 200, 201, 202, 203, 205, 206, 272, 220, 221, 222, 273, 224, 228, 234, 243, 245, 127)
INFO:     130.60.193.7:57797 - "GET /projects/1001/datasets/tree HTTP/1.1" 200 OK
2026-05-10 19:56:16,015 INFO sqlalchemy.engine.Engine ROLLBACK
INFO:     130.60.193.7:57856 - "OPTIONS /files/p1001?page=1&per_page=50 HTTP/1.1" 200 OK
INFO:     130.60.193.7:57857 - "GET /files/p1001?page=1&per_page=50 HTTP/1.1" 200 OK
INFO:     130.60.193.7:57893 - "OPTIONS /projects/36614/datasets?q=&page=1&per=10 HTTP/1.1" 200 OK
2026-05-10 19:57:10,534 INFO sqlalchemy.engine.Engine BEGIN (implicit)
2026-05-10 19:57:10,535 INFO sqlalchemy.engine.Engine SELECT count(*) AS count_1 
FROM datasets JOIN projects ON datasets.project_id = projects.id 
WHERE projects.number = ?
2026-05-10 19:57:10,535 INFO sqlalchemy.engine.Engine [cached since 2.116e+05s ago] (36614,)
2026-05-10 19:57:10,535 INFO sqlalchemy.engine.Engine SELECT datasets.id, datasets.project_id, datasets.parent_id, datasets.user_id, datasets.name, datasets.md5, datasets.comment, datasets.num_samples, datasets.completed_samples, datasets.sushi_app_name, datasets.job_parameters, datasets.bfabric_id, datasets.workunit_id, datasets.order_ids, datasets.created_at, datasets.updated_at 
FROM datasets JOIN projects ON datasets.project_id = projects.id 
WHERE projects.number = ? ORDER BY datasets.created_at DESC
 LIMIT ? OFFSET ?
2026-05-10 19:57:10,535 INFO sqlalchemy.engine.Engine [cached since 2.116e+05s ago] (36614, 10, 0)
INFO:     130.60.193.7:57894 - "GET /projects/36614/datasets?q=&page=1&per=10 HTTP/1.1" 200 OK
2026-05-10 19:57:10,536 INFO sqlalchemy.engine.Engine ROLLBACK
INFO:     130.60.193.7:57893 - "OPTIONS /files/p36614?page=1&per_page=50 HTTP/1.1" 200 OK
INFO:     130.60.193.7:57894 - "GET /files/p36614?page=1&per_page=50 HTTP/1.1" 200 OK
INFO:     130.60.193.7:57922 - "OPTIONS /auth/logout HTTP/1.1" 200 OK
INFO:     130.60.193.7:57923 - "POST /auth/logout HTTP/1.1" 200 OK
INFO:     130.60.193.7:57923 - "POST /auth/logout HTTP/1.1" 200 OK
INFO:     130.60.193.7:57950 - "OPTIONS /auth/login_options HTTP/1.1" 200 OK
INFO:     130.60.193.7:57951 - "GET /auth/login_options HTTP/1.1" 200 OK
INFO:     130.60.193.7:57951 - "GET /auth/me HTTP/1.1" 200 OK
INFO:     130.60.193.7:57951 - "GET /projects/ HTTP/1.1" 200 OK
INFO:     130.60.193.7:61930 - "OPTIONS /auth/login_options HTTP/1.1" 200 OK
INFO:     130.60.193.7:61931 - "GET /auth/login_options HTTP/1.1" 200 OK
INFO:     130.60.193.7:61930 - "OPTIONS /auth/me HTTP/1.1" 200 OK
INFO:     130.60.193.7:61931 - "GET /auth/me HTTP/1.1" 200 OK
INFO:     130.60.193.7:61930 - "OPTIONS /projects/ HTTP/1.1" 200 OK
INFO:     130.60.193.7:61931 - "GET /projects/ HTTP/1.1" 200 OK
INFO:     130.60.193.7:61950 - "OPTIONS /projects/36614/datasets?q=&page=1&per=10 HTTP/1.1" 200 OK
2026-05-11 16:14:52,090 INFO sqlalchemy.engine.Engine BEGIN (implicit)
2026-05-11 16:14:52,090 INFO sqlalchemy.engine.Engine SELECT count(*) AS count_1 
FROM datasets JOIN projects ON datasets.project_id = projects.id 
WHERE projects.number = ?
2026-05-11 16:14:52,090 INFO sqlalchemy.engine.Engine [cached since 2.847e+05s ago] (36614,)
2026-05-11 16:14:52,090 INFO sqlalchemy.engine.Engine SELECT datasets.id, datasets.project_id, datasets.parent_id, datasets.user_id, datasets.name, datasets.md5, datasets.comment, datasets.num_samples, datasets.completed_samples, datasets.sushi_app_name, datasets.job_parameters, datasets.bfabric_id, datasets.workunit_id, datasets.order_ids, datasets.created_at, datasets.updated_at 
FROM datasets JOIN projects ON datasets.project_id = projects.id 
WHERE projects.number = ? ORDER BY datasets.created_at DESC
 LIMIT ? OFFSET ?
2026-05-11 16:14:52,090 INFO sqlalchemy.engine.Engine [cached since 2.847e+05s ago] (36614, 10, 0)
INFO:     130.60.193.7:61951 - "GET /projects/36614/datasets?q=&page=1&per=10 HTTP/1.1" 200 OK
2026-05-11 16:14:52,091 INFO sqlalchemy.engine.Engine ROLLBACK
INFO:     130.60.193.7:56325 - "OPTIONS /auth/login_options HTTP/1.1" 200 OK
INFO:     130.60.193.7:56326 - "GET /auth/login_options HTTP/1.1" 200 OK
INFO:     130.60.193.7:56325 - "OPTIONS /auth/me HTTP/1.1" 200 OK
INFO:     130.60.193.7:56326 - "GET /auth/me HTTP/1.1" 200 OK
INFO:     130.60.193.7:56325 - "OPTIONS /projects/ HTTP/1.1" 200 OK
INFO:     130.60.193.7:56326 - "GET /projects/ HTTP/1.1" 200 OK
INFO:     130.60.193.7:56325 - "OPTIONS /projects/1001/datasets?q=&page=1&per=10 HTTP/1.1" 200 OK
2026-05-12 15:47:45,593 INFO sqlalchemy.engine.Engine BEGIN (implicit)
2026-05-12 15:47:45,621 INFO sqlalchemy.engine.Engine SELECT count(*) AS count_1 
FROM datasets JOIN projects ON datasets.project_id = projects.id 
WHERE projects.number = ?
2026-05-12 15:47:45,621 INFO sqlalchemy.engine.Engine [cached since 3.694e+05s ago] (1001,)
2026-05-12 15:47:45,721 INFO sqlalchemy.engine.Engine SELECT datasets.id, datasets.project_id, datasets.parent_id, datasets.user_id, datasets.name, datasets.md5, datasets.comment, datasets.num_samples, datasets.completed_samples, datasets.sushi_app_name, datasets.job_parameters, datasets.bfabric_id, datasets.workunit_id, datasets.order_ids, datasets.created_at, datasets.updated_at 
FROM datasets JOIN projects ON datasets.project_id = projects.id 
WHERE projects.number = ? ORDER BY datasets.created_at DESC
 LIMIT ? OFFSET ?
2026-05-12 15:47:45,721 INFO sqlalchemy.engine.Engine [cached since 3.694e+05s ago] (1001, 10, 0)
2026-05-12 15:47:45,741 INFO sqlalchemy.engine.Engine SELECT users.id, users.login, users.email 
FROM users 
WHERE users.id IN (?)
2026-05-12 15:47:45,741 INFO sqlalchemy.engine.Engine [cached since 3.694e+05s ago] (2,)
2026-05-12 15:47:45,742 INFO sqlalchemy.engine.Engine SELECT datasets.id, datasets.parent_id 
FROM datasets 
WHERE datasets.parent_id IN (?, ?, ?, ?, ?, ?, ?, ?, ?, ?)
2026-05-12 15:47:45,742 INFO sqlalchemy.engine.Engine [cached since 3.694e+05s ago] (273, 272, 270, 269, 268, 267, 266, 265, 245, 243)
INFO:     130.60.193.7:56326 - "GET /projects/1001/datasets?q=&page=1&per=10 HTTP/1.1" 200 OK
2026-05-12 15:47:45,747 INFO sqlalchemy.engine.Engine ROLLBACK
INFO:     130.60.193.7:56325 - "OPTIONS /projects/1001/datasets/tree HTTP/1.1" 200 OK
2026-05-12 15:47:47,952 INFO sqlalchemy.engine.Engine BEGIN (implicit)
2026-05-12 15:47:47,952 INFO sqlalchemy.engine.Engine SELECT datasets.id, datasets.parent_id, datasets.name, datasets.comment 
FROM datasets JOIN projects ON datasets.project_id = projects.id 
WHERE projects.number = ?
2026-05-12 15:47:47,952 INFO sqlalchemy.engine.Engine [cached since 3.692e+05s ago] (1001,)
2026-05-12 15:47:47,953 INFO sqlalchemy.engine.Engine SELECT datasets.parent_id, count(datasets.id) AS count_1 
FROM datasets 
WHERE datasets.parent_id IN (?, ?, ?, ?, ?, ?, ?, ?, ?, ?, ?, ?, ?, ?, ?, ?, ?, ?, ?, ?, ?, ?, ?, ?, ?, ?, ?, ?, ?, ?, ?, ?, ?, ?, ?, ?, ?, ?, ?, ?, ?, ?, ?, ?, ?, ?, ?, ?, ?, ?, ?, ?, ?, ?, ?, ?, ?, ?, ?, ?, ?, ?, ?) GROUP BY datasets.parent_id
2026-05-12 15:47:47,953 INFO sqlalchemy.engine.Engine [cached since 3.692e+05s ago] (129, 130, 131, 132, 133, 137, 265, 266, 267, 141, 268, 269, 270, 17, 18, 19, 20, 145, 147, 23, 150, 151, 152, 153, 154, 155, 37, 39, 168, 169, 44, 172, 173, 47, 51, 179, 53, 54, 180, 182, 185, 186, 188, 189, 190, 199, 200, 201, 202, 203, 205, 206, 272, 220, 221, 222, 273, 224, 228, 234, 243, 245, 127)
INFO:     130.60.193.7:56326 - "GET /projects/1001/datasets/tree HTTP/1.1" 200 OK
2026-05-12 15:47:47,954 INFO sqlalchemy.engine.Engine ROLLBACK
INFO:     130.60.193.7:56436 - "OPTIONS /datasets/54/tree HTTP/1.1" 200 OK
INFO:     130.60.193.7:56437 - "OPTIONS /datasets/54 HTTP/1.1" 200 OK
INFO:     130.60.193.7:56435 - "GET /auth/login_options HTTP/1.1" 200 OK
2026-05-12 15:48:45,025 INFO sqlalchemy.engine.Engine BEGIN (implicit)
2026-05-12 15:48:45,026 INFO sqlalchemy.engine.Engine SELECT datasets.id AS datasets_id, datasets.project_id AS datasets_project_id, datasets.parent_id AS datasets_parent_id, datasets.user_id AS datasets_user_id, datasets.name AS datasets_name, datasets.md5 AS datasets_md5, datasets.comment AS datasets_comment, datasets.num_samples AS datasets_num_samples, datasets.completed_samples AS datasets_completed_samples, datasets.sushi_app_name AS datasets_sushi_app_name, datasets.job_parameters AS datasets_job_parameters, datasets.bfabric_id AS datasets_bfabric_id, datasets.workunit_id AS datasets_workunit_id, datasets.order_ids AS datasets_order_ids, datasets.created_at AS datasets_created_at, datasets.updated_at AS datasets_updated_at 
FROM datasets 
WHERE datasets.id = ?
2026-05-12 15:48:45,026 INFO sqlalchemy.engine.Engine [cached since 3.695e+05s ago] (54,)
2026-05-12 15:48:45,028 INFO sqlalchemy.engine.Engine SELECT users.id, users.login, users.email 
FROM users 
WHERE users.id IN (?)
2026-05-12 15:48:45,028 INFO sqlalchemy.engine.Engine [cached since 3.695e+05s ago] (2,)
2026-05-12 15:48:45,028 INFO sqlalchemy.engine.Engine SELECT projects.id, projects.number, projects.created_at, projects.updated_at 
FROM projects 
WHERE projects.id = ?
2026-05-12 15:48:45,028 INFO sqlalchemy.engine.Engine [cached since 3.695e+05s ago] (3,)
2026-05-12 15:48:45,029 INFO sqlalchemy.engine.Engine SELECT datasets.id 
FROM datasets 
WHERE datasets.parent_id = ?
2026-05-12 15:48:45,029 INFO sqlalchemy.engine.Engine [cached since 3.695e+05s ago] (54,)
2026-05-12 15:48:45,029 INFO sqlalchemy.engine.Engine SELECT samples.id, samples.key_value, samples.data_set_id, samples.created_at, samples.updated_at 
FROM samples 
WHERE samples.data_set_id = ?
2026-05-12 15:48:45,029 INFO sqlalchemy.engine.Engine [cached since 3.695e+05s ago] (54,)
2026-05-12 15:48:45,029 INFO sqlalchemy.engine.Engine SELECT samples.id, samples.key_value, samples.data_set_id, samples.created_at, samples.updated_at 
FROM samples 
WHERE samples.data_set_id = ?
2026-05-12 15:48:45,029 INFO sqlalchemy.engine.Engine [cached since 3.695e+05s ago] (54,)
2026-05-12 15:48:45,030 INFO sqlalchemy.engine.Engine SELECT samples.id, samples.key_value, samples.data_set_id, samples.created_at, samples.updated_at 
FROM samples 
WHERE samples.data_set_id = ?
2026-05-12 15:48:45,030 INFO sqlalchemy.engine.Engine [cached since 3.695e+05s ago] (54,)
INFO:     130.60.193.7:56435 - "GET /datasets/54 HTTP/1.1" 200 OK
2026-05-12 15:48:45,034 INFO sqlalchemy.engine.Engine ROLLBACK
INFO:     130.60.193.7:56439 - "GET /auth/me HTTP/1.1" 200 OK
2026-05-12 15:48:45,037 INFO sqlalchemy.engine.Engine BEGIN (implicit)
2026-05-12 15:48:45,037 INFO sqlalchemy.engine.Engine SELECT datasets.id AS datasets_id, datasets.project_id AS datasets_project_id, datasets.parent_id AS datasets_parent_id, datasets.user_id AS datasets_user_id, datasets.name AS datasets_name, datasets.md5 AS datasets_md5, datasets.comment AS datasets_comment, datasets.num_samples AS datasets_num_samples, datasets.completed_samples AS datasets_completed_samples, datasets.sushi_app_name AS datasets_sushi_app_name, datasets.job_parameters AS datasets_job_parameters, datasets.bfabric_id AS datasets_bfabric_id, datasets.workunit_id AS datasets_workunit_id, datasets.order_ids AS datasets_order_ids, datasets.created_at AS datasets_created_at, datasets.updated_at AS datasets_updated_at 
FROM datasets 
WHERE datasets.id = ?
2026-05-12 15:48:45,037 INFO sqlalchemy.engine.Engine [cached since 3.695e+05s ago] (54,)
2026-05-12 15:48:45,038 INFO sqlalchemy.engine.Engine SELECT datasets.id AS datasets_id, datasets.project_id AS datasets_project_id, datasets.parent_id AS datasets_parent_id, datasets.user_id AS datasets_user_id, datasets.name AS datasets_name, datasets.md5 AS datasets_md5, datasets.comment AS datasets_comment, datasets.num_samples AS datasets_num_samples, datasets.completed_samples AS datasets_completed_samples, datasets.sushi_app_name AS datasets_sushi_app_name, datasets.job_parameters AS datasets_job_parameters, datasets.bfabric_id AS datasets_bfabric_id, datasets.workunit_id AS datasets_workunit_id, datasets.order_ids AS datasets_order_ids, datasets.created_at AS datasets_created_at, datasets.updated_at AS datasets_updated_at 
FROM datasets 
WHERE datasets.id = ?
2026-05-12 15:48:45,039 INFO sqlalchemy.engine.Engine [cached since 3.695e+05s ago] (44,)
2026-05-12 15:48:45,039 INFO sqlalchemy.engine.Engine SELECT datasets.id, datasets.project_id, datasets.parent_id, datasets.user_id, datasets.name, datasets.md5, datasets.comment, datasets.num_samples, datasets.completed_samples, datasets.sushi_app_name, datasets.job_parameters, datasets.bfabric_id, datasets.workunit_id, datasets.order_ids, datasets.created_at, datasets.updated_at 
FROM datasets 
WHERE datasets.parent_id = ?
2026-05-12 15:48:45,039 INFO sqlalchemy.engine.Engine [cached since 3.695e+05s ago] (54,)
INFO:     130.60.193.7:56438 - "GET /datasets/54/tree HTTP/1.1" 200 OK
2026-05-12 15:48:45,040 INFO sqlalchemy.engine.Engine ROLLBACK
INFO:     130.60.193.7:56435 - "GET /projects/ HTTP/1.1" 200 OK
INFO:     130.60.193.7:56439 - "GET /auth/login_options HTTP/1.1" 200 OK
2026-05-12 15:48:49,041 INFO sqlalchemy.engine.Engine BEGIN (implicit)
2026-05-12 15:48:49,042 INFO sqlalchemy.engine.Engine BEGIN (implicit)
2026-05-12 15:48:49,042 INFO sqlalchemy.engine.Engine SELECT datasets.id, datasets.parent_id, datasets.name, datasets.comment 
FROM datasets JOIN projects ON datasets.project_id = projects.id 
WHERE projects.number = ?
2026-05-12 15:48:49,043 INFO sqlalchemy.engine.Engine SELECT count(*) AS count_1 
FROM datasets JOIN projects ON datasets.project_id = projects.id 
WHERE projects.number = ?
2026-05-12 15:48:49,043 INFO sqlalchemy.engine.Engine [cached since 3.693e+05s ago] (1001,)
2026-05-12 15:48:49,043 INFO sqlalchemy.engine.Engine [cached since 3.695e+05s ago] (1001,)
2026-05-12 15:48:49,046 INFO sqlalchemy.engine.Engine SELECT datasets.parent_id, count(datasets.id) AS count_1 
FROM datasets 
WHERE datasets.parent_id IN (?, ?, ?, ?, ?, ?, ?, ?, ?, ?, ?, ?, ?, ?, ?, ?, ?, ?, ?, ?, ?, ?, ?, ?, ?, ?, ?, ?, ?, ?, ?, ?, ?, ?, ?, ?, ?, ?, ?, ?, ?, ?, ?, ?, ?, ?, ?, ?, ?, ?, ?, ?, ?, ?, ?, ?, ?, ?, ?, ?, ?, ?, ?) GROUP BY datasets.parent_id
2026-05-12 15:48:49,046 INFO sqlalchemy.engine.Engine [cached since 3.693e+05s ago] (129, 130, 131, 132, 133, 137, 265, 266, 267, 141, 268, 269, 270, 17, 18, 19, 20, 145, 147, 23, 150, 151, 152, 153, 154, 155, 37, 39, 168, 169, 44, 172, 173, 47, 51, 179, 53, 54, 180, 182, 185, 186, 188, 189, 190, 199, 200, 201, 202, 203, 205, 206, 272, 220, 221, 222, 273, 224, 228, 234, 243, 245, 127)
2026-05-12 15:48:49,047 INFO sqlalchemy.engine.Engine SELECT datasets.id, datasets.project_id, datasets.parent_id, datasets.user_id, datasets.name, datasets.md5, datasets.comment, datasets.num_samples, datasets.completed_samples, datasets.sushi_app_name, datasets.job_parameters, datasets.bfabric_id, datasets.workunit_id, datasets.order_ids, datasets.created_at, datasets.updated_at 
FROM datasets JOIN projects ON datasets.project_id = projects.id 
WHERE projects.number = ? ORDER BY datasets.created_at DESC
 LIMIT ? OFFSET ?
2026-05-12 15:48:49,047 INFO sqlalchemy.engine.Engine [cached since 3.695e+05s ago] (1001, 10, 0)
INFO:     130.60.193.7:56438 - "GET /projects/1001/datasets/tree HTTP/1.1" 200 OK
2026-05-12 15:48:49,058 INFO sqlalchemy.engine.Engine SELECT users.id, users.login, users.email 
FROM users 
WHERE users.id IN (?)
2026-05-12 15:48:49,059 INFO sqlalchemy.engine.Engine ROLLBACK
2026-05-12 15:48:49,059 INFO sqlalchemy.engine.Engine [cached since 3.695e+05s ago] (2,)
2026-05-12 15:48:49,059 INFO sqlalchemy.engine.Engine SELECT datasets.id, datasets.parent_id 
FROM datasets 
WHERE datasets.parent_id IN (?, ?, ?, ?, ?, ?, ?, ?, ?, ?)
2026-05-12 15:48:49,059 INFO sqlalchemy.engine.Engine [cached since 3.695e+05s ago] (273, 272, 270, 269, 268, 267, 266, 265, 245, 243)
INFO:     130.60.193.7:56435 - "GET /projects/1001/datasets?q=&page=1&per=10 HTTP/1.1" 200 OK
2026-05-12 15:48:49,060 INFO sqlalchemy.engine.Engine ROLLBACK
INFO:     130.60.193.7:56439 - "GET /auth/me HTTP/1.1" 200 OK
INFO:     130.60.193.7:56438 - "GET /projects/ HTTP/1.1" 200 OK
INFO:     130.60.193.7:59635 - "OPTIONS /auth/login_options HTTP/1.1" 200 OK
INFO:     130.60.193.7:59636 - "GET /auth/login_options HTTP/1.1" 200 OK
INFO:     130.60.193.7:59635 - "OPTIONS /auth/me HTTP/1.1" 200 OK
INFO:     130.60.193.7:59636 - "GET /auth/me HTTP/1.1" 200 OK
INFO:     130.60.193.7:59635 - "OPTIONS /projects/ HTTP/1.1" 200 OK
INFO:     130.60.193.7:59636 - "GET /projects/ HTTP/1.1" 200 OK
INFO:     130.60.193.7:59635 - "OPTIONS /projects/1001/datasets?q=&page=1&per=10 HTTP/1.1" 200 OK
2026-05-12 16:04:56,098 INFO sqlalchemy.engine.Engine BEGIN (implicit)
2026-05-12 16:04:56,098 INFO sqlalchemy.engine.Engine SELECT count(*) AS count_1 
FROM datasets JOIN projects ON datasets.project_id = projects.id 
WHERE projects.number = ?
2026-05-12 16:04:56,098 INFO sqlalchemy.engine.Engine [cached since 3.705e+05s ago] (1001,)
2026-05-12 16:04:56,098 INFO sqlalchemy.engine.Engine SELECT datasets.id, datasets.project_id, datasets.parent_id, datasets.user_id, datasets.name, datasets.md5, datasets.comment, datasets.num_samples, datasets.completed_samples, datasets.sushi_app_name, datasets.job_parameters, datasets.bfabric_id, datasets.workunit_id, datasets.order_ids, datasets.created_at, datasets.updated_at 
FROM datasets JOIN projects ON datasets.project_id = projects.id 
WHERE projects.number = ? ORDER BY datasets.created_at DESC
 LIMIT ? OFFSET ?
2026-05-12 16:04:56,098 INFO sqlalchemy.engine.Engine [cached since 3.705e+05s ago] (1001, 10, 0)
2026-05-12 16:04:56,109 INFO sqlalchemy.engine.Engine SELECT users.id, users.login, users.email 
FROM users 
WHERE users.id IN (?)
2026-05-12 16:04:56,109 INFO sqlalchemy.engine.Engine [cached since 3.705e+05s ago] (2,)
2026-05-12 16:04:56,109 INFO sqlalchemy.engine.Engine SELECT datasets.id, datasets.parent_id 
FROM datasets 
WHERE datasets.parent_id IN (?, ?, ?, ?, ?, ?, ?, ?, ?, ?)
2026-05-12 16:04:56,109 INFO sqlalchemy.engine.Engine [cached since 3.705e+05s ago] (273, 272, 270, 269, 268, 267, 266, 265, 245, 243)
INFO:     130.60.193.7:59636 - "GET /projects/1001/datasets?q=&page=1&per=10 HTTP/1.1" 200 OK
2026-05-12 16:04:56,110 INFO sqlalchemy.engine.Engine ROLLBACK
INFO:     130.60.193.7:59635 - "OPTIONS /projects/1001/datasets/tree HTTP/1.1" 200 OK
2026-05-12 16:04:58,323 INFO sqlalchemy.engine.Engine BEGIN (implicit)
2026-05-12 16:04:58,323 INFO sqlalchemy.engine.Engine SELECT datasets.id, datasets.parent_id, datasets.name, datasets.comment 
FROM datasets JOIN projects ON datasets.project_id = projects.id 
WHERE projects.number = ?
2026-05-12 16:04:58,323 INFO sqlalchemy.engine.Engine [cached since 3.703e+05s ago] (1001,)
2026-05-12 16:04:58,324 INFO sqlalchemy.engine.Engine SELECT datasets.parent_id, count(datasets.id) AS count_1 
FROM datasets 
WHERE datasets.parent_id IN (?, ?, ?, ?, ?, ?, ?, ?, ?, ?, ?, ?, ?, ?, ?, ?, ?, ?, ?, ?, ?, ?, ?, ?, ?, ?, ?, ?, ?, ?, ?, ?, ?, ?, ?, ?, ?, ?, ?, ?, ?, ?, ?, ?, ?, ?, ?, ?, ?, ?, ?, ?, ?, ?, ?, ?, ?, ?, ?, ?, ?, ?, ?) GROUP BY datasets.parent_id
2026-05-12 16:04:58,324 INFO sqlalchemy.engine.Engine [cached since 3.703e+05s ago] (129, 130, 131, 132, 133, 137, 265, 266, 267, 141, 268, 269, 270, 17, 18, 19, 20, 145, 147, 23, 150, 151, 152, 153, 154, 155, 37, 39, 168, 169, 44, 172, 173, 47, 51, 179, 53, 54, 180, 182, 185, 186, 188, 189, 190, 199, 200, 201, 202, 203, 205, 206, 272, 220, 221, 222, 273, 224, 228, 234, 243, 245, 127)
INFO:     130.60.193.7:59636 - "GET /projects/1001/datasets/tree HTTP/1.1" 200 OK
2026-05-12 16:04:58,325 INFO sqlalchemy.engine.Engine ROLLBACK
INFO:     Shutting down
INFO:     Waiting for application shutdown.
INFO:     Application shutdown complete.
INFO:     Finished server process [1540843]
╭───────────────────── Traceback (most recent call last) ──────────────────────╮
│ /srv/sushi/rdom_test_new_sushi_20251030/backend_python/.venv/lib/python3.12/ │
│ site-packages/rich_toolkit/utils/colors.py:163 in _get_terminal_color        │
│                                                                              │
│   160 │   │   # breaks signal handling in multi-process contexts (e.g. uvico │
│   161 │   │   # workers). setcbreak only disables ECHO and ICANON, which is  │
│   162 │   │   # we need for reading the OSC response character-by-character. │
│ ❱ 163 │   │   tty.setcbreak(tty_fd)                                          │
│   164 │   │                                                                  │
│   165 │   │   # Send OSC escape sequence to query color                      │
│   166 │   │   os.write(tty_fd, f"\033]{osc_code};?\033\\".encode())          │
│                                                                              │
│ /misc/ngseq12/miniforge3/envs/gi_py3.12.8/lib/python3.12/tty.py:72 in        │
│ setcbreak                                                                    │
│                                                                              │
│   69 │   mode = tcgetattr(fd)                                                │
│   70 │   new = list(mode)                                                    │
│   71 │   cfmakecbreak(new)                                                   │
│ ❱ 72 │   tcsetattr(fd, when, new)                                            │
│   73 │   return mode                                                         │
│   74                                                                         │
╰──────────────────────────────────────────────────────────────────────────────╯
error: (5, 'Input/output error')

During handling of the above exception, another exception occurred:

╭───────────────────── Traceback (most recent call last) ──────────────────────╮
│ /srv/sushi/rdom_test_new_sushi_20251030/backend_python/.venv/lib/python3.12/ │
│ site-packages/fastapi_cli/cli.py:328 in dev                                  │
│                                                                              │
│   325 │                                                                      │
│   326 │   Otherwise, it uses the first [bold]FastAPI[/bold] app found in the │
│   327 │   """                                                                │
│ ❱ 328 │   _run(                                                              │
│   329 │   │   path=path,                                                     │
│   330 │   │   host=host,                                                     │
│   331 │   │   port=port,                                                     │
│                                                                              │
│ /srv/sushi/rdom_test_new_sushi_20251030/backend_python/.venv/lib/python3.12/ │
│ site-packages/fastapi_cli/cli.py:116 in _run                                 │
│                                                                              │
│   113 │   proxy_headers: bool = False,                                       │
│   114 │   forwarded_allow_ips: str | None = None,                            │
│   115 ) -> None:                                                             │
│ ❱ 116 │   with get_rich_toolkit() as toolkit:                                │
│   117 │   │   server_type = "development" if command == "dev" else "producti │
│   118 │   │                                                                  │
│   119 │   │   toolkit.print_title(f"Starting {server_type} server 🚀", tag=" │
│                                                                              │
│ /srv/sushi/rdom_test_new_sushi_20251030/backend_python/.venv/lib/python3.12/ │
│ site-packages/fastapi_cli/utils/cli.py:67 in get_rich_toolkit                │
│                                                                              │
│   64                                                                         │
│   65 def get_rich_toolkit() -> RichToolkit:                                  │
│   66 │   theme = RichToolkitTheme(                                           │
│ ❱ 67 │   │   style=TaggedStyle(tag_width=11),                                │
│   68 │   │   theme={                                                         │
│   69 │   │   │   "tag.title": "white on #009485",                            │
│   70 │   │   │   "tag": "white on #007166",                                  │
│                                                                              │
│ /srv/sushi/rdom_test_new_sushi_20251030/backend_python/.venv/lib/python3.12/ │
│ site-packages/rich_toolkit/styles/tagged.py:33 in __init__                   │
│                                                                              │
│    30 │   │   │   "tag": "bold",                                             │
│    31 │   │   }                                                              │
│    32 │   │                                                                  │
│ ❱  33 │   │   super().__init__(theme=theme)                                  │
│    34 │                                                                      │
│    35 │   def _get_tag_segments(                                             │
│    36 │   │   self,                                                          │
│                                                                              │
│ /srv/sushi/rdom_test_new_sushi_20251030/backend_python/.venv/lib/python3.12/ │
│ site-packages/rich_toolkit/styles/base.py:59 in __init__                     │
│                                                                              │
│    56 │   │   background_color: str = "#000000",                             │
│    57 │   │   text_color: str = "#FFFFFF",                                   │
│    58 │   ):                                                                 │
│ ❱  59 │   │   self.background_color = get_terminal_background_color(backgrou │
│    60 │   │   self.text_color = get_terminal_text_color(text_color)          │
│    61 │   │   self.animation_counter = 0                                     │
│    62                                                                        │
│                                                                              │
│ /srv/sushi/rdom_test_new_sushi_20251030/backend_python/.venv/lib/python3.12/ │
│ site-packages/rich_toolkit/utils/colors.py:225 in                            │
│ get_terminal_background_color                                                │
│                                                                              │
│   222                                                                        │
│   223 def get_terminal_background_color(default_color: str = "#000000") -> s │
│   224 │   """Get the terminal background color."""                           │
│ ❱ 225 │   return _get_terminal_color("background", default_color)            │
│   226                                                                        │
│   227                                                                        │
│   228 if __name__ == "__main__":                                             │
│                                                                              │
│ /srv/sushi/rdom_test_new_sushi_20251030/backend_python/.venv/lib/python3.12/ │
│ site-packages/rich_toolkit/utils/colors.py:213 in _get_terminal_color        │
│                                                                              │
│   210 │   │   # Restore terminal settings using TCSAFLUSH to discard any     │
│   211 │   │   # unread response bytes left in the input buffer, then release │
│   212 │   │   # the lock and close our dedicated fd.                         │
│ ❱ 213 │   │   termios.tcsetattr(tty_fd, termios.TCSAFLUSH, old_settings)     │
│   214 │   │   fcntl.flock(tty_fd, fcntl.LOCK_UN)                             │
│   215 │   │   os.close(tty_fd)                                               │
│   216                                                                        │
╰──────────────────────────────────────────────────────────────────────────────╯
error: (5, 'Input/output error')
INFO:     Will watch for changes in these directories: ['/srv/sushi/rdom_test_new_sushi_20251030/backend_python']
INFO:     Uvicorn running on http://0.0.0.0:4071 (Press CTRL+C to quit)
INFO:     Started reloader process [3389673] using WatchFiles
INFO:     Started server process [3389679]
INFO:     Waiting for application startup.
INFO:     Application startup complete.
INFO:     Shutting down
INFO:     Waiting for application shutdown.
INFO:     Application shutdown complete.
INFO:     Finished server process [3389679]
INFO:     Stopping reloader process [3389673]
INFO:     Will watch for changes in these directories: ['/srv/sushi/rdom_test_new_sushi_20251030/backend_python']
INFO:     Uvicorn running on http://0.0.0.0:4071 (Press CTRL+C to quit)
INFO:     Started reloader process [3391047] using WatchFiles
INFO:     Started server process [3391053]
INFO:     Waiting for application startup.
INFO:     Application startup complete.
INFO:     130.60.193.7:59706 - "OPTIONS /projects/1001/datasets?q=&page=1&per=10 HTTP/1.1" 200 OK
INFO:     130.60.193.7:59707 - "OPTIONS /projects/1001/datasets/tree HTTP/1.1" 200 OK
INFO:     130.60.193.7:59708 - "OPTIONS /auth/login_options HTTP/1.1" 200 OK
INFO:     130.60.193.7:59711 - "GET /auth/login_options HTTP/1.1" 200 OK
2026-05-12 16:25:22,013 INFO sqlalchemy.engine.Engine BEGIN (implicit)
2026-05-12 16:25:22,013 INFO sqlalchemy.engine.Engine BEGIN (implicit)
2026-05-12 16:25:22,018 INFO sqlalchemy.engine.Engine SELECT datasets.id, datasets.parent_id, datasets.name, datasets.comment 
FROM datasets JOIN projects ON datasets.project_id = projects.id 
WHERE projects.number = ?
2026-05-12 16:25:22,020 INFO sqlalchemy.engine.Engine SELECT count(*) AS count_1 
FROM datasets JOIN projects ON datasets.project_id = projects.id 
WHERE projects.number = ?
2026-05-12 16:25:22,020 INFO sqlalchemy.engine.Engine [generated in 0.00198s] (1001,)
2026-05-12 16:25:22,020 INFO sqlalchemy.engine.Engine [generated in 0.00021s] (1001,)
INFO:     130.60.193.7:59708 - "OPTIONS /auth/me HTTP/1.1" 200 OK
INFO:     130.60.193.7:59711 - "GET /auth/me HTTP/1.1" 200 OK
INFO:     130.60.193.7:59708 - "OPTIONS /projects/ HTTP/1.1" 200 OK
2026-05-12 16:25:22,146 INFO sqlalchemy.engine.Engine SELECT datasets.id, datasets.project_id, datasets.parent_id, datasets.user_id, datasets.name, datasets.md5, datasets.comment, datasets.num_samples, datasets.completed_samples, datasets.sushi_app_name, datasets.job_parameters, datasets.bfabric_id, datasets.workunit_id, datasets.order_ids, datasets.created_at, datasets.updated_at 
FROM datasets JOIN projects ON datasets.project_id = projects.id 
WHERE projects.number = ? ORDER BY datasets.created_at DESC
 LIMIT ? OFFSET ?
2026-05-12 16:25:22,147 INFO sqlalchemy.engine.Engine SELECT datasets.parent_id, count(datasets.id) AS count_1 
FROM datasets 
WHERE datasets.parent_id IN (?, ?, ?, ?, ?, ?, ?, ?, ?, ?, ?, ?, ?, ?, ?, ?, ?, ?, ?, ?, ?, ?, ?, ?, ?, ?, ?, ?, ?, ?, ?, ?, ?, ?, ?, ?, ?, ?, ?, ?, ?, ?, ?, ?, ?, ?, ?, ?, ?, ?, ?, ?, ?, ?, ?, ?, ?, ?, ?, ?, ?, ?, ?) GROUP BY datasets.parent_id
2026-05-12 16:25:22,148 INFO sqlalchemy.engine.Engine [generated in 0.00179s] (1001, 10, 0)
2026-05-12 16:25:22,148 INFO sqlalchemy.engine.Engine [generated in 0.00058s] (129, 130, 131, 132, 133, 137, 265, 266, 267, 141, 268, 269, 270, 17, 18, 19, 20, 145, 147, 23, 150, 151, 152, 153, 154, 155, 37, 39, 168, 169, 44, 172, 173, 47, 51, 179, 53, 54, 180, 182, 185, 186, 188, 189, 190, 199, 200, 201, 202, 203, 205, 206, 272, 220, 221, 222, 273, 224, 228, 234, 243, 245, 127)
INFO:     130.60.193.7:59710 - "GET /projects/1001/datasets/tree HTTP/1.1" 200 OK
2026-05-12 16:25:22,162 INFO sqlalchemy.engine.Engine SELECT users.id, users.login, users.email 
FROM users 
WHERE users.id IN (?)
2026-05-12 16:25:22,163 INFO sqlalchemy.engine.Engine ROLLBACK
2026-05-12 16:25:22,163 INFO sqlalchemy.engine.Engine [generated in 0.00054s] (2,)
2026-05-12 16:25:22,164 INFO sqlalchemy.engine.Engine SELECT datasets.id, datasets.parent_id 
FROM datasets 
WHERE datasets.parent_id IN (?, ?, ?, ?, ?, ?, ?, ?, ?, ?)
2026-05-12 16:25:22,164 INFO sqlalchemy.engine.Engine [generated in 0.00013s] (273, 272, 270, 269, 268, 267, 266, 265, 245, 243)
INFO:     130.60.193.7:59709 - "GET /projects/1001/datasets?q=&page=1&per=10 HTTP/1.1" 200 OK
2026-05-12 16:25:22,165 INFO sqlalchemy.engine.Engine ROLLBACK
INFO:     130.60.193.7:59711 - "GET /projects/ HTTP/1.1" 200 OK
2026-05-12 16:26:28,962 INFO sqlalchemy.engine.Engine BEGIN (implicit)
2026-05-12 16:26:28,962 INFO sqlalchemy.engine.Engine SELECT count(*) AS count_1 
FROM datasets JOIN projects ON datasets.project_id = projects.id 
WHERE projects.number = ?
2026-05-12 16:26:28,963 INFO sqlalchemy.engine.Engine [cached since 66.94s ago] (1001,)
2026-05-12 16:26:28,964 INFO sqlalchemy.engine.Engine SELECT datasets.id, datasets.project_id, datasets.parent_id, datasets.user_id, datasets.name, datasets.md5, datasets.comment, datasets.num_samples, datasets.completed_samples, datasets.sushi_app_name, datasets.job_parameters, datasets.bfabric_id, datasets.workunit_id, datasets.order_ids, datasets.created_at, datasets.updated_at 
FROM datasets JOIN projects ON datasets.project_id = projects.id 
WHERE projects.number = ? ORDER BY datasets.created_at DESC
 LIMIT ? OFFSET ?
2026-05-12 16:26:28,965 INFO sqlalchemy.engine.Engine [cached since 66.82s ago] (1001, 10, 0)
INFO:     130.60.193.7:59722 - "GET /auth/login_options HTTP/1.1" 200 OK
2026-05-12 16:26:28,967 INFO sqlalchemy.engine.Engine BEGIN (implicit)
2026-05-12 16:26:28,967 INFO sqlalchemy.engine.Engine SELECT datasets.id, datasets.parent_id, datasets.name, datasets.comment 
FROM datasets JOIN projects ON datasets.project_id = projects.id 
WHERE projects.number = ?
2026-05-12 16:26:28,967 INFO sqlalchemy.engine.Engine [cached since 66.95s ago] (1001,)
2026-05-12 16:26:28,978 INFO sqlalchemy.engine.Engine SELECT users.id, users.login, users.email 
FROM users 
WHERE users.id IN (?)
2026-05-12 16:26:28,978 INFO sqlalchemy.engine.Engine [cached since 66.82s ago] (2,)
2026-05-12 16:26:28,978 INFO sqlalchemy.engine.Engine SELECT datasets.id, datasets.parent_id 
FROM datasets 
WHERE datasets.parent_id IN (?, ?, ?, ?, ?, ?, ?, ?, ?, ?)
2026-05-12 16:26:28,978 INFO sqlalchemy.engine.Engine [cached since 66.81s ago] (273, 272, 270, 269, 268, 267, 266, 265, 245, 243)
2026-05-12 16:26:28,979 INFO sqlalchemy.engine.Engine SELECT datasets.parent_id, count(datasets.id) AS count_1 
FROM datasets 
WHERE datasets.parent_id IN (?, ?, ?, ?, ?, ?, ?, ?, ?, ?, ?, ?, ?, ?, ?, ?, ?, ?, ?, ?, ?, ?, ?, ?, ?, ?, ?, ?, ?, ?, ?, ?, ?, ?, ?, ?, ?, ?, ?, ?, ?, ?, ?, ?, ?, ?, ?, ?, ?, ?, ?, ?, ?, ?, ?, ?, ?, ?, ?, ?, ?, ?, ?) GROUP BY datasets.parent_id
2026-05-12 16:26:28,979 INFO sqlalchemy.engine.Engine [cached since 66.83s ago] (129, 130, 131, 132, 133, 137, 265, 266, 267, 141, 268, 269, 270, 17, 18, 19, 20, 145, 147, 23, 150, 151, 152, 153, 154, 155, 37, 39, 168, 169, 44, 172, 173, 47, 51, 179, 53, 54, 180, 182, 185, 186, 188, 189, 190, 199, 200, 201, 202, 203, 205, 206, 272, 220, 221, 222, 273, 224, 228, 234, 243, 245, 127)
INFO:     130.60.193.7:59720 - "GET /projects/1001/datasets?q=&page=1&per=10 HTTP/1.1" 200 OK
2026-05-12 16:26:28,980 INFO sqlalchemy.engine.Engine ROLLBACK
INFO:     130.60.193.7:59721 - "GET /projects/1001/datasets/tree HTTP/1.1" 200 OK
2026-05-12 16:26:28,981 INFO sqlalchemy.engine.Engine ROLLBACK
INFO:     130.60.193.7:59722 - "GET /auth/me HTTP/1.1" 200 OK
INFO:     130.60.193.7:59722 - "GET /projects/ HTTP/1.1" 200 OK
INFO:     130.60.193.7:60230 - "OPTIONS /auth/login_options HTTP/1.1" 200 OK
INFO:     130.60.193.7:60231 - "GET /auth/login_options HTTP/1.1" 200 OK
INFO:     130.60.193.7:60230 - "OPTIONS /auth/me HTTP/1.1" 200 OK
INFO:     130.60.193.7:60231 - "GET /auth/me HTTP/1.1" 200 OK
INFO:     130.60.193.7:60230 - "OPTIONS /projects/ HTTP/1.1" 200 OK
INFO:     130.60.193.7:60231 - "GET /projects/ HTTP/1.1" 200 OK
INFO:     130.60.193.7:60230 - "OPTIONS /projects/1001/datasets?q=&page=1&per=10 HTTP/1.1" 200 OK
2026-05-13 10:34:06,831 INFO sqlalchemy.engine.Engine BEGIN (implicit)
2026-05-13 10:34:06,959 INFO sqlalchemy.engine.Engine SELECT count(*) AS count_1 
FROM datasets JOIN projects ON datasets.project_id = projects.id 
WHERE projects.number = ?
2026-05-13 10:34:06,959 INFO sqlalchemy.engine.Engine [cached since 6.532e+04s ago] (1001,)
2026-05-13 10:34:07,035 INFO sqlalchemy.engine.Engine SELECT datasets.id, datasets.project_id, datasets.parent_id, datasets.user_id, datasets.name, datasets.md5, datasets.comment, datasets.num_samples, datasets.completed_samples, datasets.sushi_app_name, datasets.job_parameters, datasets.bfabric_id, datasets.workunit_id, datasets.order_ids, datasets.created_at, datasets.updated_at 
FROM datasets JOIN projects ON datasets.project_id = projects.id 
WHERE projects.number = ? ORDER BY datasets.created_at DESC
 LIMIT ? OFFSET ?
2026-05-13 10:34:07,035 INFO sqlalchemy.engine.Engine [cached since 6.532e+04s ago] (1001, 10, 0)
2026-05-13 10:34:07,073 INFO sqlalchemy.engine.Engine SELECT users.id, users.login, users.email 
FROM users 
WHERE users.id IN (?)
2026-05-13 10:34:07,073 INFO sqlalchemy.engine.Engine [cached since 6.532e+04s ago] (2,)
2026-05-13 10:34:07,073 INFO sqlalchemy.engine.Engine SELECT datasets.id, datasets.parent_id 
FROM datasets 
WHERE datasets.parent_id IN (?, ?, ?, ?, ?, ?, ?, ?, ?, ?)
2026-05-13 10:34:07,073 INFO sqlalchemy.engine.Engine [cached since 6.532e+04s ago] (273, 272, 270, 269, 268, 267, 266, 265, 245, 243)
INFO:     130.60.193.7:60231 - "GET /projects/1001/datasets?q=&page=1&per=10 HTTP/1.1" 200 OK
2026-05-13 10:34:07,115 INFO sqlalchemy.engine.Engine ROLLBACK
INFO:     130.60.193.7:60230 - "OPTIONS /projects/1001/datasets/tree HTTP/1.1" 200 OK
2026-05-13 10:34:08,251 INFO sqlalchemy.engine.Engine BEGIN (implicit)
2026-05-13 10:34:08,252 INFO sqlalchemy.engine.Engine SELECT datasets.id, datasets.parent_id, datasets.name, datasets.comment 
FROM datasets JOIN projects ON datasets.project_id = projects.id 
WHERE projects.number = ?
2026-05-13 10:34:08,252 INFO sqlalchemy.engine.Engine [cached since 6.533e+04s ago] (1001,)
2026-05-13 10:34:08,253 INFO sqlalchemy.engine.Engine SELECT datasets.parent_id, count(datasets.id) AS count_1 
FROM datasets 
WHERE datasets.parent_id IN (?, ?, ?, ?, ?, ?, ?, ?, ?, ?, ?, ?, ?, ?, ?, ?, ?, ?, ?, ?, ?, ?, ?, ?, ?, ?, ?, ?, ?, ?, ?, ?, ?, ?, ?, ?, ?, ?, ?, ?, ?, ?, ?, ?, ?, ?, ?, ?, ?, ?, ?, ?, ?, ?, ?, ?, ?, ?, ?, ?, ?, ?, ?) GROUP BY datasets.parent_id
2026-05-13 10:34:08,253 INFO sqlalchemy.engine.Engine [cached since 6.533e+04s ago] (129, 130, 131, 132, 133, 137, 265, 266, 267, 141, 268, 269, 270, 17, 18, 19, 20, 145, 147, 23, 150, 151, 152, 153, 154, 155, 37, 39, 168, 169, 44, 172, 173, 47, 51, 179, 53, 54, 180, 182, 185, 186, 188, 189, 190, 199, 200, 201, 202, 203, 205, 206, 272, 220, 221, 222, 273, 224, 228, 234, 243, 245, 127)
INFO:     130.60.193.7:60231 - "GET /projects/1001/datasets/tree HTTP/1.1" 200 OK
2026-05-13 10:34:08,254 INFO sqlalchemy.engine.Engine ROLLBACK
INFO:     130.60.193.7:60391 - "OPTIONS /auth/login_options HTTP/1.1" 200 OK
INFO:     130.60.193.7:60393 - "GET /auth/login_options HTTP/1.1" 200 OK
INFO:     130.60.193.7:60391 - "OPTIONS /auth/me HTTP/1.1" 200 OK
INFO:     130.60.193.7:60393 - "GET /auth/me HTTP/1.1" 200 OK
INFO:     130.60.193.7:60391 - "OPTIONS /projects/ HTTP/1.1" 200 OK
INFO:     130.60.193.7:60393 - "GET /projects/ HTTP/1.1" 200 OK
INFO:     172.23.207.34:38482 - "GET / HTTP/1.1" 404 Not Found
INFO:     130.60.193.54:56244 - "GET / HTTP/1.1" 404 Not Found
INFO:     130.60.193.7:60776 - "OPTIONS /auth/login_options HTTP/1.1" 400 Bad Request
INFO:     130.60.193.7:60786 - "OPTIONS /projects/1001/datasets?q=&page=1&per=10 HTTP/1.1" 400 Bad Request
INFO:     130.60.193.7:60786 - "OPTIONS /projects/1001/datasets?q=&page=1&per=10 HTTP/1.1" 400 Bad Request
INFO:     130.60.193.7:60786 - "OPTIONS /auth/login_options HTTP/1.1" 400 Bad Request
INFO:     130.60.193.7:60797 - "OPTIONS /projects/1001/datasets?q=&page=1&per=10 HTTP/1.1" 400 Bad Request
INFO:     130.60.193.7:60797 - "OPTIONS /projects/1001/datasets?q=&page=1&per=10 HTTP/1.1" 400 Bad Request
INFO:     130.60.193.7:60812 - "OPTIONS /projects/1001/datasets?q=&page=1&per=10 HTTP/1.1" 400 Bad Request
INFO:     130.60.193.7:60813 - "OPTIONS /auth/login_options HTTP/1.1" 400 Bad Request
INFO:     130.60.193.7:60851 - "OPTIONS /auth/login_options HTTP/1.1" 400 Bad Request
INFO:     130.60.193.7:60872 - "OPTIONS /auth/login_options HTTP/1.1" 400 Bad Request
INFO:     130.60.193.7:60892 - "OPTIONS /auth/login_options HTTP/1.1" 400 Bad Request
INFO:     130.60.193.7:60913 - "OPTIONS /auth/login_options HTTP/1.1" 400 Bad Request
INFO:     Shutting down
INFO:     Waiting for application shutdown.
INFO:     Application shutdown complete.
INFO:     Finished server process [3391053]
INFO:     Stopping reloader process [3391047]
INFO:     Will watch for changes in these directories: ['/srv/sushi/rdom_test_new_sushi_20251030/backend_python']
INFO:     Uvicorn running on http://0.0.0.0:4071 (Press CTRL+C to quit)
INFO:     Started reloader process [3747687] using WatchFiles
INFO:     Started server process [3747689]
INFO:     Waiting for application startup.
INFO:     Application startup complete.
INFO:     130.60.193.7:60938 - "OPTIONS /auth/login_options HTTP/1.1" 200 OK
INFO:     130.60.193.7:60939 - "GET /auth/login_options HTTP/1.1" 200 OK
INFO:     130.60.193.7:60938 - "OPTIONS /auth/me HTTP/1.1" 200 OK
INFO:     130.60.193.7:60939 - "GET /auth/me HTTP/1.1" 200 OK
INFO:     130.60.193.7:60938 - "OPTIONS /projects/ HTTP/1.1" 200 OK
INFO:     130.60.193.7:60939 - "GET /projects/ HTTP/1.1" 200 OK
INFO:     130.60.193.7:60942 - "OPTIONS /projects/1001/datasets?q=&page=1&per=10 HTTP/1.1" 200 OK
2026-05-13 12:58:58,482 INFO sqlalchemy.engine.Engine BEGIN (implicit)
2026-05-13 12:58:58,485 INFO sqlalchemy.engine.Engine SELECT count(*) AS count_1 
FROM datasets JOIN projects ON datasets.project_id = projects.id 
WHERE projects.number = ?
2026-05-13 12:58:58,485 INFO sqlalchemy.engine.Engine [generated in 0.00014s] (1001,)
2026-05-13 12:58:58,534 INFO sqlalchemy.engine.Engine SELECT datasets.id, datasets.project_id, datasets.parent_id, datasets.user_id, datasets.name, datasets.md5, datasets.comment, datasets.num_samples, datasets.completed_samples, datasets.sushi_app_name, datasets.job_parameters, datasets.bfabric_id, datasets.workunit_id, datasets.order_ids, datasets.created_at, datasets.updated_at 
FROM datasets JOIN projects ON datasets.project_id = projects.id 
WHERE projects.number = ? ORDER BY datasets.created_at DESC
 LIMIT ? OFFSET ?
2026-05-13 12:58:58,534 INFO sqlalchemy.engine.Engine [generated in 0.00022s] (1001, 10, 0)
2026-05-13 12:58:58,545 INFO sqlalchemy.engine.Engine SELECT users.id, users.login, users.email 
FROM users 
WHERE users.id IN (?)
2026-05-13 12:58:58,545 INFO sqlalchemy.engine.Engine [generated in 0.00014s] (2,)
2026-05-13 12:58:58,547 INFO sqlalchemy.engine.Engine SELECT datasets.id, datasets.parent_id 
FROM datasets 
WHERE datasets.parent_id IN (?, ?, ?, ?, ?, ?, ?, ?, ?, ?)
2026-05-13 12:58:58,547 INFO sqlalchemy.engine.Engine [generated in 0.00014s] (273, 272, 270, 269, 268, 267, 266, 265, 245, 243)
INFO:     130.60.193.7:60943 - "GET /projects/1001/datasets?q=&page=1&per=10 HTTP/1.1" 200 OK
2026-05-13 12:58:58,549 INFO sqlalchemy.engine.Engine ROLLBACK
INFO:     130.60.193.7:60942 - "OPTIONS /datasets/273 HTTP/1.1" 200 OK
INFO:     130.60.193.7:60943 - "GET /auth/login_options HTTP/1.1" 200 OK
INFO:     130.60.193.7:60945 - "OPTIONS /datasets/273/tree HTTP/1.1" 200 OK
2026-05-13 12:59:01,819 INFO sqlalchemy.engine.Engine BEGIN (implicit)
2026-05-13 12:59:01,821 INFO sqlalchemy.engine.Engine SELECT datasets.id AS datasets_id, datasets.project_id AS datasets_project_id, datasets.parent_id AS datasets_parent_id, datasets.user_id AS datasets_user_id, datasets.name AS datasets_name, datasets.md5 AS datasets_md5, datasets.comment AS datasets_comment, datasets.num_samples AS datasets_num_samples, datasets.completed_samples AS datasets_completed_samples, datasets.sushi_app_name AS datasets_sushi_app_name, datasets.job_parameters AS datasets_job_parameters, datasets.bfabric_id AS datasets_bfabric_id, datasets.workunit_id AS datasets_workunit_id, datasets.order_ids AS datasets_order_ids, datasets.created_at AS datasets_created_at, datasets.updated_at AS datasets_updated_at 
FROM datasets 
WHERE datasets.id = ?
2026-05-13 12:59:01,821 INFO sqlalchemy.engine.Engine [generated in 0.00014s] (273,)
2026-05-13 12:59:01,823 INFO sqlalchemy.engine.Engine SELECT users.id, users.login, users.email 
FROM users 
WHERE users.id IN (?)
2026-05-13 12:59:01,823 INFO sqlalchemy.engine.Engine [cached since 3.278s ago] (2,)
2026-05-13 12:59:01,824 INFO sqlalchemy.engine.Engine SELECT projects.id, projects.number, projects.created_at, projects.updated_at 
FROM projects 
WHERE projects.id = ?
2026-05-13 12:59:01,824 INFO sqlalchemy.engine.Engine [generated in 0.00010s] (3,)
2026-05-13 12:59:01,825 INFO sqlalchemy.engine.Engine SELECT datasets.id 
FROM datasets 
WHERE datasets.parent_id = ?
2026-05-13 12:59:01,825 INFO sqlalchemy.engine.Engine [generated in 0.00010s] (273,)
2026-05-13 12:59:01,826 INFO sqlalchemy.engine.Engine SELECT samples.id, samples.key_value, samples.data_set_id, samples.created_at, samples.updated_at 
FROM samples 
WHERE samples.data_set_id = ?
2026-05-13 12:59:01,826 INFO sqlalchemy.engine.Engine [generated in 0.00010s] (273,)
INFO:     130.60.193.7:60946 - "GET /auth/me HTTP/1.1" 200 OK
2026-05-13 12:59:01,854 INFO sqlalchemy.engine.Engine SELECT samples.id, samples.key_value, samples.data_set_id, samples.created_at, samples.updated_at 
FROM samples 
WHERE samples.data_set_id = ?
2026-05-13 12:59:01,854 INFO sqlalchemy.engine.Engine [cached since 0.02862s ago] (273,)
2026-05-13 12:59:01,855 INFO sqlalchemy.engine.Engine SELECT samples.id, samples.key_value, samples.data_set_id, samples.created_at, samples.updated_at 
FROM samples 
WHERE samples.data_set_id = ?
2026-05-13 12:59:01,855 INFO sqlalchemy.engine.Engine [cached since 0.02924s ago] (273,)
INFO:     130.60.193.7:60943 - "GET /datasets/273 HTTP/1.1" 200 OK
2026-05-13 12:59:01,856 INFO sqlalchemy.engine.Engine ROLLBACK
2026-05-13 12:59:01,861 INFO sqlalchemy.engine.Engine BEGIN (implicit)
2026-05-13 12:59:01,861 INFO sqlalchemy.engine.Engine SELECT datasets.id AS datasets_id, datasets.project_id AS datasets_project_id, datasets.parent_id AS datasets_parent_id, datasets.user_id AS datasets_user_id, datasets.name AS datasets_name, datasets.md5 AS datasets_md5, datasets.comment AS datasets_comment, datasets.num_samples AS datasets_num_samples, datasets.completed_samples AS datasets_completed_samples, datasets.sushi_app_name AS datasets_sushi_app_name, datasets.job_parameters AS datasets_job_parameters, datasets.bfabric_id AS datasets_bfabric_id, datasets.workunit_id AS datasets_workunit_id, datasets.order_ids AS datasets_order_ids, datasets.created_at AS datasets_created_at, datasets.updated_at AS datasets_updated_at 
FROM datasets 
WHERE datasets.id = ?
2026-05-13 12:59:01,861 INFO sqlalchemy.engine.Engine [cached since 0.04018s ago] (273,)
2026-05-13 12:59:01,863 INFO sqlalchemy.engine.Engine SELECT datasets.id AS datasets_id, datasets.project_id AS datasets_project_id, datasets.parent_id AS datasets_parent_id, datasets.user_id AS datasets_user_id, datasets.name AS datasets_name, datasets.md5 AS datasets_md5, datasets.comment AS datasets_comment, datasets.num_samples AS datasets_num_samples, datasets.completed_samples AS datasets_completed_samples, datasets.sushi_app_name AS datasets_sushi_app_name, datasets.job_parameters AS datasets_job_parameters, datasets.bfabric_id AS datasets_bfabric_id, datasets.workunit_id AS datasets_workunit_id, datasets.order_ids AS datasets_order_ids, datasets.created_at AS datasets_created_at, datasets.updated_at AS datasets_updated_at 
FROM datasets 
WHERE datasets.id = ?
2026-05-13 12:59:01,863 INFO sqlalchemy.engine.Engine [cached since 0.04206s ago] (172,)
2026-05-13 12:59:01,864 INFO sqlalchemy.engine.Engine SELECT datasets.id, datasets.project_id, datasets.parent_id, datasets.user_id, datasets.name, datasets.md5, datasets.comment, datasets.num_samples, datasets.completed_samples, datasets.sushi_app_name, datasets.job_parameters, datasets.bfabric_id, datasets.workunit_id, datasets.order_ids, datasets.created_at, datasets.updated_at 
FROM datasets 
WHERE datasets.parent_id = ?
2026-05-13 12:59:01,864 INFO sqlalchemy.engine.Engine [generated in 0.00011s] (273,)
INFO:     130.60.193.7:60946 - "GET /projects/ HTTP/1.1" 200 OK
INFO:     130.60.193.7:60947 - "GET /datasets/273/tree HTTP/1.1" 200 OK
2026-05-13 12:59:01,865 INFO sqlalchemy.engine.Engine ROLLBACK
INFO:     130.60.193.7:60972 - "GET /auth/login_options HTTP/1.1" 200 OK
2026-05-13 13:00:02,410 INFO sqlalchemy.engine.Engine BEGIN (implicit)
2026-05-13 13:00:02,410 INFO sqlalchemy.engine.Engine SELECT datasets.id AS datasets_id, datasets.project_id AS datasets_project_id, datasets.parent_id AS datasets_parent_id, datasets.user_id AS datasets_user_id, datasets.name AS datasets_name, datasets.md5 AS datasets_md5, datasets.comment AS datasets_comment, datasets.num_samples AS datasets_num_samples, datasets.completed_samples AS datasets_completed_samples, datasets.sushi_app_name AS datasets_sushi_app_name, datasets.job_parameters AS datasets_job_parameters, datasets.bfabric_id AS datasets_bfabric_id, datasets.workunit_id AS datasets_workunit_id, datasets.order_ids AS datasets_order_ids, datasets.created_at AS datasets_created_at, datasets.updated_at AS datasets_updated_at 
FROM datasets 
WHERE datasets.id = ?
2026-05-13 13:00:02,410 INFO sqlalchemy.engine.Engine [cached since 60.59s ago] (273,)
2026-05-13 13:00:02,411 INFO sqlalchemy.engine.Engine BEGIN (implicit)
2026-05-13 13:00:02,411 INFO sqlalchemy.engine.Engine SELECT datasets.id AS datasets_id, datasets.project_id AS datasets_project_id, datasets.parent_id AS datasets_parent_id, datasets.user_id AS datasets_user_id, datasets.name AS datasets_name, datasets.md5 AS datasets_md5, datasets.comment AS datasets_comment, datasets.num_samples AS datasets_num_samples, datasets.completed_samples AS datasets_completed_samples, datasets.sushi_app_name AS datasets_sushi_app_name, datasets.job_parameters AS datasets_job_parameters, datasets.bfabric_id AS datasets_bfabric_id, datasets.workunit_id AS datasets_workunit_id, datasets.order_ids AS datasets_order_ids, datasets.created_at AS datasets_created_at, datasets.updated_at AS datasets_updated_at 
FROM datasets 
WHERE datasets.id = ?
2026-05-13 13:00:02,411 INFO sqlalchemy.engine.Engine [cached since 60.59s ago] (273,)
2026-05-13 13:00:02,413 INFO sqlalchemy.engine.Engine SELECT users.id, users.login, users.email 
FROM users 
WHERE users.id IN (?)
2026-05-13 13:00:02,414 INFO sqlalchemy.engine.Engine [cached since 63.87s ago] (2,)
2026-05-13 13:00:02,416 INFO sqlalchemy.engine.Engine SELECT datasets.id AS datasets_id, datasets.project_id AS datasets_project_id, datasets.parent_id AS datasets_parent_id, datasets.user_id AS datasets_user_id, datasets.name AS datasets_name, datasets.md5 AS datasets_md5, datasets.comment AS datasets_comment, datasets.num_samples AS datasets_num_samples, datasets.completed_samples AS datasets_completed_samples, datasets.sushi_app_name AS datasets_sushi_app_name, datasets.job_parameters AS datasets_job_parameters, datasets.bfabric_id AS datasets_bfabric_id, datasets.workunit_id AS datasets_workunit_id, datasets.order_ids AS datasets_order_ids, datasets.created_at AS datasets_created_at, datasets.updated_at AS datasets_updated_at 
FROM datasets 
WHERE datasets.id = ?
2026-05-13 13:00:02,416 INFO sqlalchemy.engine.Engine [cached since 60.6s ago] (172,)
2026-05-13 13:00:02,416 INFO sqlalchemy.engine.Engine SELECT projects.id, projects.number, projects.created_at, projects.updated_at 
FROM projects 
WHERE projects.id = ?
2026-05-13 13:00:02,417 INFO sqlalchemy.engine.Engine SELECT datasets.id, datasets.project_id, datasets.parent_id, datasets.user_id, datasets.name, datasets.md5, datasets.comment, datasets.num_samples, datasets.completed_samples, datasets.sushi_app_name, datasets.job_parameters, datasets.bfabric_id, datasets.workunit_id, datasets.order_ids, datasets.created_at, datasets.updated_at 
FROM datasets 
WHERE datasets.parent_id = ?
2026-05-13 13:00:02,417 INFO sqlalchemy.engine.Engine [cached since 60.59s ago] (3,)
2026-05-13 13:00:02,417 INFO sqlalchemy.engine.Engine [cached since 60.55s ago] (273,)
2026-05-13 13:00:02,417 INFO sqlalchemy.engine.Engine SELECT datasets.id 
FROM datasets 
WHERE datasets.parent_id = ?
2026-05-13 13:00:02,417 INFO sqlalchemy.engine.Engine [cached since 60.59s ago] (273,)
INFO:     130.60.193.7:60973 - "GET /datasets/273/tree HTTP/1.1" 200 OK
2026-05-13 13:00:02,418 INFO sqlalchemy.engine.Engine SELECT samples.id, samples.key_value, samples.data_set_id, samples.created_at, samples.updated_at 
FROM samples 
WHERE samples.data_set_id = ?
2026-05-13 13:00:02,419 INFO sqlalchemy.engine.Engine ROLLBACK
2026-05-13 13:00:02,419 INFO sqlalchemy.engine.Engine [cached since 60.59s ago] (273,)
2026-05-13 13:00:02,419 INFO sqlalchemy.engine.Engine SELECT samples.id, samples.key_value, samples.data_set_id, samples.created_at, samples.updated_at 
FROM samples 
WHERE samples.data_set_id = ?
2026-05-13 13:00:02,419 INFO sqlalchemy.engine.Engine [cached since 60.59s ago] (273,)
2026-05-13 13:00:02,420 INFO sqlalchemy.engine.Engine SELECT samples.id, samples.key_value, samples.data_set_id, samples.created_at, samples.updated_at 
FROM samples 
WHERE samples.data_set_id = ?
2026-05-13 13:00:02,420 INFO sqlalchemy.engine.Engine [cached since 60.59s ago] (273,)
INFO:     130.60.193.7:60974 - "GET /datasets/273 HTTP/1.1" 200 OK
2026-05-13 13:00:02,421 INFO sqlalchemy.engine.Engine ROLLBACK
INFO:     130.60.193.7:60972 - "GET /auth/me HTTP/1.1" 200 OK
INFO:     130.60.193.7:60972 - "GET /projects/ HTTP/1.1" 200 OK
2026-05-13 13:00:34,203 INFO sqlalchemy.engine.Engine BEGIN (implicit)
2026-05-13 13:00:34,203 INFO sqlalchemy.engine.Engine SELECT count(*) AS count_1 
FROM datasets JOIN projects ON datasets.project_id = projects.id 
WHERE projects.number = ?
2026-05-13 13:00:34,204 INFO sqlalchemy.engine.Engine [cached since 95.72s ago] (1001,)
2026-05-13 13:00:34,204 INFO sqlalchemy.engine.Engine SELECT datasets.id, datasets.project_id, datasets.parent_id, datasets.user_id, datasets.name, datasets.md5, datasets.comment, datasets.num_samples, datasets.completed_samples, datasets.sushi_app_name, datasets.job_parameters, datasets.bfabric_id, datasets.workunit_id, datasets.order_ids, datasets.created_at, datasets.updated_at 
FROM datasets JOIN projects ON datasets.project_id = projects.id 
WHERE projects.number = ? ORDER BY datasets.created_at DESC
 LIMIT ? OFFSET ?
2026-05-13 13:00:34,204 INFO sqlalchemy.engine.Engine [cached since 95.67s ago] (1001, 10, 0)
2026-05-13 13:00:34,215 INFO sqlalchemy.engine.Engine SELECT users.id, users.login, users.email 
FROM users 
WHERE users.id IN (?)
2026-05-13 13:00:34,215 INFO sqlalchemy.engine.Engine [cached since 95.67s ago] (2,)
2026-05-13 13:00:34,215 INFO sqlalchemy.engine.Engine SELECT datasets.id, datasets.parent_id 
FROM datasets 
WHERE datasets.parent_id IN (?, ?, ?, ?, ?, ?, ?, ?, ?, ?)
2026-05-13 13:00:34,215 INFO sqlalchemy.engine.Engine [cached since 95.67s ago] (273, 272, 270, 269, 268, 267, 266, 265, 245, 243)
INFO:     130.60.193.7:60987 - "GET /projects/1001/datasets?q=&page=1&per=10 HTTP/1.1" 200 OK
2026-05-13 13:00:34,216 INFO sqlalchemy.engine.Engine ROLLBACK
INFO:     130.60.193.7:60989 - "OPTIONS /projects/1001/datasets/tree HTTP/1.1" 200 OK
2026-05-13 13:00:35,440 INFO sqlalchemy.engine.Engine BEGIN (implicit)
2026-05-13 13:00:35,441 INFO sqlalchemy.engine.Engine SELECT datasets.id, datasets.parent_id, datasets.name, datasets.comment 
FROM datasets JOIN projects ON datasets.project_id = projects.id 
WHERE projects.number = ?
2026-05-13 13:00:35,441 INFO sqlalchemy.engine.Engine [generated in 0.00012s] (1001,)
2026-05-13 13:00:35,442 INFO sqlalchemy.engine.Engine SELECT datasets.parent_id, count(datasets.id) AS count_1 
FROM datasets 
WHERE datasets.parent_id IN (?, ?, ?, ?, ?, ?, ?, ?, ?, ?, ?, ?, ?, ?, ?, ?, ?, ?, ?, ?, ?, ?, ?, ?, ?, ?, ?, ?, ?, ?, ?, ?, ?, ?, ?, ?, ?, ?, ?, ?, ?, ?, ?, ?, ?, ?, ?, ?, ?, ?, ?, ?, ?, ?, ?, ?, ?, ?, ?, ?, ?, ?, ?) GROUP BY datasets.parent_id
2026-05-13 13:00:35,442 INFO sqlalchemy.engine.Engine [generated in 0.00018s] (129, 130, 131, 132, 133, 137, 265, 266, 267, 141, 268, 269, 270, 17, 18, 19, 20, 145, 147, 23, 150, 151, 152, 153, 154, 155, 37, 39, 168, 169, 44, 172, 173, 47, 51, 179, 53, 54, 180, 182, 185, 186, 188, 189, 190, 199, 200, 201, 202, 203, 205, 206, 272, 220, 221, 222, 273, 224, 228, 234, 243, 245, 127)
INFO:     130.60.193.7:60987 - "GET /projects/1001/datasets/tree HTTP/1.1" 200 OK
2026-05-13 13:00:35,443 INFO sqlalchemy.engine.Engine ROLLBACK
INFO:     130.60.193.7:61001 - "OPTIONS /datasets/267 HTTP/1.1" 200 OK
INFO:     130.60.193.7:61000 - "OPTIONS /datasets/267/tree HTTP/1.1" 200 OK
INFO:     130.60.193.7:61002 - "GET /auth/login_options HTTP/1.1" 200 OK
2026-05-13 13:00:57,250 INFO sqlalchemy.engine.Engine BEGIN (implicit)
2026-05-13 13:00:57,250 INFO sqlalchemy.engine.Engine SELECT datasets.id AS datasets_id, datasets.project_id AS datasets_project_id, datasets.parent_id AS datasets_parent_id, datasets.user_id AS datasets_user_id, datasets.name AS datasets_name, datasets.md5 AS datasets_md5, datasets.comment AS datasets_comment, datasets.num_samples AS datasets_num_samples, datasets.completed_samples AS datasets_completed_samples, datasets.sushi_app_name AS datasets_sushi_app_name, datasets.job_parameters AS datasets_job_parameters, datasets.bfabric_id AS datasets_bfabric_id, datasets.workunit_id AS datasets_workunit_id, datasets.order_ids AS datasets_order_ids, datasets.created_at AS datasets_created_at, datasets.updated_at AS datasets_updated_at 
FROM datasets 
WHERE datasets.id = ?
2026-05-13 13:00:57,250 INFO sqlalchemy.engine.Engine [cached since 115.4s ago] (267,)
2026-05-13 13:00:57,253 INFO sqlalchemy.engine.Engine SELECT users.id, users.login, users.email 
FROM users 
WHERE users.id IN (?)
2026-05-13 13:00:57,253 INFO sqlalchemy.engine.Engine [cached since 118.7s ago] (2,)
2026-05-13 13:00:57,254 INFO sqlalchemy.engine.Engine SELECT projects.id, projects.number, projects.created_at, projects.updated_at 
FROM projects 
WHERE projects.id = ?
2026-05-13 13:00:57,254 INFO sqlalchemy.engine.Engine [cached since 115.4s ago] (3,)
2026-05-13 13:00:57,255 INFO sqlalchemy.engine.Engine SELECT datasets.id 
FROM datasets 
WHERE datasets.parent_id = ?
2026-05-13 13:00:57,255 INFO sqlalchemy.engine.Engine [cached since 115.4s ago] (267,)
2026-05-13 13:00:57,256 INFO sqlalchemy.engine.Engine BEGIN (implicit)
2026-05-13 13:00:57,256 INFO sqlalchemy.engine.Engine SELECT datasets.id AS datasets_id, datasets.project_id AS datasets_project_id, datasets.parent_id AS datasets_parent_id, datasets.user_id AS datasets_user_id, datasets.name AS datasets_name, datasets.md5 AS datasets_md5, datasets.comment AS datasets_comment, datasets.num_samples AS datasets_num_samples, datasets.completed_samples AS datasets_completed_samples, datasets.sushi_app_name AS datasets_sushi_app_name, datasets.job_parameters AS datasets_job_parameters, datasets.bfabric_id AS datasets_bfabric_id, datasets.workunit_id AS datasets_workunit_id, datasets.order_ids AS datasets_order_ids, datasets.created_at AS datasets_created_at, datasets.updated_at AS datasets_updated_at 
FROM datasets 
WHERE datasets.id = ?
2026-05-13 13:00:57,257 INFO sqlalchemy.engine.Engine SELECT samples.id, samples.key_value, samples.data_set_id, samples.created_at, samples.updated_at 
FROM samples 
WHERE samples.data_set_id = ?
2026-05-13 13:00:57,257 INFO sqlalchemy.engine.Engine [cached since 115.4s ago] (267,)
2026-05-13 13:00:57,257 INFO sqlalchemy.engine.Engine [cached since 115.4s ago] (267,)
INFO:     130.60.193.7:61004 - "GET /auth/me HTTP/1.1" 200 OK
2026-05-13 13:00:57,260 INFO sqlalchemy.engine.Engine SELECT datasets.id AS datasets_id, datasets.project_id AS datasets_project_id, datasets.parent_id AS datasets_parent_id, datasets.user_id AS datasets_user_id, datasets.name AS datasets_name, datasets.md5 AS datasets_md5, datasets.comment AS datasets_comment, datasets.num_samples AS datasets_num_samples, datasets.completed_samples AS datasets_completed_samples, datasets.sushi_app_name AS datasets_sushi_app_name, datasets.job_parameters AS datasets_job_parameters, datasets.bfabric_id AS datasets_bfabric_id, datasets.workunit_id AS datasets_workunit_id, datasets.order_ids AS datasets_order_ids, datasets.created_at AS datasets_created_at, datasets.updated_at AS datasets_updated_at 
FROM datasets 
WHERE datasets.id = ?
2026-05-13 13:00:57,260 INFO sqlalchemy.engine.Engine [cached since 115.4s ago] (265,)
2026-05-13 13:00:57,261 INFO sqlalchemy.engine.Engine SELECT samples.id, samples.key_value, samples.data_set_id, samples.created_at, samples.updated_at 
FROM samples 
WHERE samples.data_set_id = ?
2026-05-13 13:00:57,262 INFO sqlalchemy.engine.Engine SELECT datasets.id, datasets.project_id, datasets.parent_id, datasets.user_id, datasets.name, datasets.md5, datasets.comment, datasets.num_samples, datasets.completed_samples, datasets.sushi_app_name, datasets.job_parameters, datasets.bfabric_id, datasets.workunit_id, datasets.order_ids, datasets.created_at, datasets.updated_at 
FROM datasets 
WHERE datasets.parent_id = ?
2026-05-13 13:00:57,262 INFO sqlalchemy.engine.Engine [cached since 115.4s ago] (267,)
2026-05-13 13:00:57,262 INFO sqlalchemy.engine.Engine [cached since 115.4s ago] (267,)
2026-05-13 13:00:57,262 INFO sqlalchemy.engine.Engine SELECT samples.id, samples.key_value, samples.data_set_id, samples.created_at, samples.updated_at 
FROM samples 
WHERE samples.data_set_id = ?
2026-05-13 13:00:57,263 INFO sqlalchemy.engine.Engine [cached since 115.4s ago] (267,)
INFO:     130.60.193.7:61003 - "GET /datasets/267/tree HTTP/1.1" 200 OK
2026-05-13 13:00:57,263 INFO sqlalchemy.engine.Engine ROLLBACK
INFO:     130.60.193.7:61002 - "GET /datasets/267 HTTP/1.1" 200 OK
2026-05-13 13:00:57,264 INFO sqlalchemy.engine.Engine ROLLBACK
INFO:     130.60.193.7:61003 - "GET /projects/ HTTP/1.1" 200 OK
INFO:     130.60.193.7:61005 - "GET /auth/me HTTP/1.1" 200 OK
INFO:     130.60.193.7:61005 - "GET /projects/ HTTP/1.1" 200 OK
2026-05-13 13:02:07,107 INFO sqlalchemy.engine.Engine BEGIN (implicit)
2026-05-13 13:02:07,108 INFO sqlalchemy.engine.Engine SELECT datasets.id, datasets.parent_id, datasets.name, datasets.comment 
FROM datasets JOIN projects ON datasets.project_id = projects.id 
WHERE projects.number = ?
2026-05-13 13:02:07,108 INFO sqlalchemy.engine.Engine [cached since 91.67s ago] (1001,)
2026-05-13 13:02:07,109 INFO sqlalchemy.engine.Engine BEGIN (implicit)
2026-05-13 13:02:07,109 INFO sqlalchemy.engine.Engine SELECT count(*) AS count_1 
FROM datasets JOIN projects ON datasets.project_id = projects.id 
WHERE projects.number = ?
2026-05-13 13:02:07,109 INFO sqlalchemy.engine.Engine [cached since 188.6s ago] (1001,)
2026-05-13 13:02:07,110 INFO sqlalchemy.engine.Engine SELECT datasets.id, datasets.project_id, datasets.parent_id, datasets.user_id, datasets.name, datasets.md5, datasets.comment, datasets.num_samples, datasets.completed_samples, datasets.sushi_app_name, datasets.job_parameters, datasets.bfabric_id, datasets.workunit_id, datasets.order_ids, datasets.created_at, datasets.updated_at 
FROM datasets JOIN projects ON datasets.project_id = projects.id 
WHERE projects.number = ? ORDER BY datasets.created_at DESC
 LIMIT ? OFFSET ?
2026-05-13 13:02:07,110 INFO sqlalchemy.engine.Engine [cached since 188.6s ago] (1001, 10, 0)
2026-05-13 13:02:07,111 INFO sqlalchemy.engine.Engine SELECT datasets.parent_id, count(datasets.id) AS count_1 
FROM datasets 
WHERE datasets.parent_id IN (?, ?, ?, ?, ?, ?, ?, ?, ?, ?, ?, ?, ?, ?, ?, ?, ?, ?, ?, ?, ?, ?, ?, ?, ?, ?, ?, ?, ?, ?, ?, ?, ?, ?, ?, ?, ?, ?, ?, ?, ?, ?, ?, ?, ?, ?, ?, ?, ?, ?, ?, ?, ?, ?, ?, ?, ?, ?, ?, ?, ?, ?, ?) GROUP BY datasets.parent_id
2026-05-13 13:02:07,111 INFO sqlalchemy.engine.Engine [cached since 91.67s ago] (129, 130, 131, 132, 133, 137, 265, 266, 267, 141, 268, 269, 270, 17, 18, 19, 20, 145, 147, 23, 150, 151, 152, 153, 154, 155, 37, 39, 168, 169, 44, 172, 173, 47, 51, 179, 53, 54, 180, 182, 185, 186, 188, 189, 190, 199, 200, 201, 202, 203, 205, 206, 272, 220, 221, 222, 273, 224, 228, 234, 243, 245, 127)
2026-05-13 13:02:07,122 INFO sqlalchemy.engine.Engine SELECT users.id, users.login, users.email 
FROM users 
WHERE users.id IN (?)
2026-05-13 13:02:07,122 INFO sqlalchemy.engine.Engine [cached since 188.6s ago] (2,)
INFO:     130.60.193.7:61046 - "GET /auth/login_options HTTP/1.1" 200 OK
2026-05-13 13:02:07,123 INFO sqlalchemy.engine.Engine SELECT datasets.id, datasets.parent_id 
FROM datasets 
WHERE datasets.parent_id IN (?, ?, ?, ?, ?, ?, ?, ?, ?, ?)
INFO:     130.60.193.7:61045 - "GET /projects/1001/datasets/tree HTTP/1.1" 200 OK
2026-05-13 13:02:07,123 INFO sqlalchemy.engine.Engine [cached since 188.6s ago] (273, 272, 270, 269, 268, 267, 266, 265, 245, 243)
2026-05-13 13:02:07,123 INFO sqlalchemy.engine.Engine ROLLBACK
INFO:     130.60.193.7:61044 - "GET /projects/1001/datasets?q=&page=1&per=10 HTTP/1.1" 200 OK
2026-05-13 13:02:07,124 INFO sqlalchemy.engine.Engine ROLLBACK
INFO:     130.60.193.7:61046 - "GET /auth/me HTTP/1.1" 200 OK
INFO:     130.60.193.7:61046 - "GET /projects/ HTTP/1.1" 200 OK
2026-05-13 13:03:06,092 INFO sqlalchemy.engine.Engine BEGIN (implicit)
2026-05-13 13:03:06,092 INFO sqlalchemy.engine.Engine SELECT count(*) AS count_1 
FROM datasets JOIN projects ON datasets.project_id = projects.id 
WHERE projects.number = ?
2026-05-13 13:03:06,092 INFO sqlalchemy.engine.Engine [cached since 247.6s ago] (1001,)
2026-05-13 13:03:06,093 INFO sqlalchemy.engine.Engine SELECT datasets.id, datasets.project_id, datasets.parent_id, datasets.user_id, datasets.name, datasets.md5, datasets.comment, datasets.num_samples, datasets.completed_samples, datasets.sushi_app_name, datasets.job_parameters, datasets.bfabric_id, datasets.workunit_id, datasets.order_ids, datasets.created_at, datasets.updated_at 
FROM datasets JOIN projects ON datasets.project_id = projects.id 
WHERE projects.number = ? ORDER BY datasets.created_at DESC
 LIMIT ? OFFSET ?
2026-05-13 13:03:06,093 INFO sqlalchemy.engine.Engine [cached since 247.6s ago] (1001, 10, 0)
INFO:     130.60.193.7:61070 - "GET /auth/login_options HTTP/1.1" 200 OK
2026-05-13 13:03:06,105 INFO sqlalchemy.engine.Engine SELECT users.id, users.login, users.email 
FROM users 
WHERE users.id IN (?)
2026-05-13 13:03:06,105 INFO sqlalchemy.engine.Engine [cached since 247.6s ago] (2,)
2026-05-13 13:03:06,106 INFO sqlalchemy.engine.Engine SELECT datasets.id, datasets.parent_id 
FROM datasets 
WHERE datasets.parent_id IN (?, ?, ?, ?, ?, ?, ?, ?, ?, ?)
2026-05-13 13:03:06,106 INFO sqlalchemy.engine.Engine [cached since 247.6s ago] (273, 272, 270, 269, 268, 267, 266, 265, 245, 243)
INFO:     130.60.193.7:61068 - "GET /projects/1001/datasets?q=&page=1&per=10 HTTP/1.1" 200 OK
2026-05-13 13:03:06,110 INFO sqlalchemy.engine.Engine ROLLBACK
2026-05-13 13:03:06,112 INFO sqlalchemy.engine.Engine BEGIN (implicit)
2026-05-13 13:03:06,113 INFO sqlalchemy.engine.Engine SELECT datasets.id, datasets.parent_id, datasets.name, datasets.comment 
FROM datasets JOIN projects ON datasets.project_id = projects.id 
WHERE projects.number = ?
2026-05-13 13:03:06,113 INFO sqlalchemy.engine.Engine [cached since 150.7s ago] (1001,)
2026-05-13 13:03:06,113 INFO sqlalchemy.engine.Engine SELECT datasets.parent_id, count(datasets.id) AS count_1 
FROM datasets 
WHERE datasets.parent_id IN (?, ?, ?, ?, ?, ?, ?, ?, ?, ?, ?, ?, ?, ?, ?, ?, ?, ?, ?, ?, ?, ?, ?, ?, ?, ?, ?, ?, ?, ?, ?, ?, ?, ?, ?, ?, ?, ?, ?, ?, ?, ?, ?, ?, ?, ?, ?, ?, ?, ?, ?, ?, ?, ?, ?, ?, ?, ?, ?, ?, ?, ?, ?) GROUP BY datasets.parent_id
2026-05-13 13:03:06,113 INFO sqlalchemy.engine.Engine [cached since 150.7s ago] (129, 130, 131, 132, 133, 137, 265, 266, 267, 141, 268, 269, 270, 17, 18, 19, 20, 145, 147, 23, 150, 151, 152, 153, 154, 155, 37, 39, 168, 169, 44, 172, 173, 47, 51, 179, 53, 54, 180, 182, 185, 186, 188, 189, 190, 199, 200, 201, 202, 203, 205, 206, 272, 220, 221, 222, 273, 224, 228, 234, 243, 245, 127)
INFO:     130.60.193.7:61069 - "GET /projects/1001/datasets/tree HTTP/1.1" 200 OK
2026-05-13 13:03:06,114 INFO sqlalchemy.engine.Engine ROLLBACK
INFO:     130.60.193.7:61070 - "GET /auth/me HTTP/1.1" 200 OK
INFO:     130.60.193.7:61070 - "GET /projects/ HTTP/1.1" 200 OK
2026-05-13 13:04:11,710 INFO sqlalchemy.engine.Engine BEGIN (implicit)
2026-05-13 13:04:11,710 INFO sqlalchemy.engine.Engine SELECT count(*) AS count_1 
FROM datasets JOIN projects ON datasets.project_id = projects.id 
WHERE projects.number = ?
2026-05-13 13:04:11,710 INFO sqlalchemy.engine.Engine [cached since 313.2s ago] (1001,)
2026-05-13 13:04:11,711 INFO sqlalchemy.engine.Engine SELECT datasets.id, datasets.project_id, datasets.parent_id, datasets.user_id, datasets.name, datasets.md5, datasets.comment, datasets.num_samples, datasets.completed_samples, datasets.sushi_app_name, datasets.job_parameters, datasets.bfabric_id, datasets.workunit_id, datasets.order_ids, datasets.created_at, datasets.updated_at 
FROM datasets JOIN projects ON datasets.project_id = projects.id 
WHERE projects.number = ? ORDER BY datasets.created_at DESC
 LIMIT ? OFFSET ?
2026-05-13 13:04:11,711 INFO sqlalchemy.engine.Engine [cached since 313.2s ago] (1001, 10, 0)
INFO:     130.60.193.7:61097 - "GET /auth/login_options HTTP/1.1" 200 OK
2026-05-13 13:04:11,723 INFO sqlalchemy.engine.Engine SELECT users.id, users.login, users.email 
FROM users 
WHERE users.id IN (?)
2026-05-13 13:04:11,723 INFO sqlalchemy.engine.Engine [cached since 313.2s ago] (2,)
2026-05-13 13:04:11,724 INFO sqlalchemy.engine.Engine SELECT datasets.id, datasets.parent_id 
FROM datasets 
WHERE datasets.parent_id IN (?, ?, ?, ?, ?, ?, ?, ?, ?, ?)
2026-05-13 13:04:11,724 INFO sqlalchemy.engine.Engine [cached since 313.2s ago] (273, 272, 270, 269, 268, 267, 266, 265, 245, 243)
INFO:     130.60.193.7:61098 - "GET /projects/1001/datasets?q=&page=1&per=10 HTTP/1.1" 200 OK
2026-05-13 13:04:11,725 INFO sqlalchemy.engine.Engine ROLLBACK
2026-05-13 13:04:11,725 INFO sqlalchemy.engine.Engine BEGIN (implicit)
2026-05-13 13:04:11,726 INFO sqlalchemy.engine.Engine SELECT datasets.id, datasets.parent_id, datasets.name, datasets.comment 
FROM datasets JOIN projects ON datasets.project_id = projects.id 
WHERE projects.number = ?
2026-05-13 13:04:11,726 INFO sqlalchemy.engine.Engine [cached since 216.3s ago] (1001,)
2026-05-13 13:04:11,726 INFO sqlalchemy.engine.Engine SELECT datasets.parent_id, count(datasets.id) AS count_1 
FROM datasets 
WHERE datasets.parent_id IN (?, ?, ?, ?, ?, ?, ?, ?, ?, ?, ?, ?, ?, ?, ?, ?, ?, ?, ?, ?, ?, ?, ?, ?, ?, ?, ?, ?, ?, ?, ?, ?, ?, ?, ?, ?, ?, ?, ?, ?, ?, ?, ?, ?, ?, ?, ?, ?, ?, ?, ?, ?, ?, ?, ?, ?, ?, ?, ?, ?, ?, ?, ?) GROUP BY datasets.parent_id
2026-05-13 13:04:11,726 INFO sqlalchemy.engine.Engine [cached since 216.3s ago] (129, 130, 131, 132, 133, 137, 265, 266, 267, 141, 268, 269, 270, 17, 18, 19, 20, 145, 147, 23, 150, 151, 152, 153, 154, 155, 37, 39, 168, 169, 44, 172, 173, 47, 51, 179, 53, 54, 180, 182, 185, 186, 188, 189, 190, 199, 200, 201, 202, 203, 205, 206, 272, 220, 221, 222, 273, 224, 228, 234, 243, 245, 127)
INFO:     130.60.193.7:61096 - "GET /projects/1001/datasets/tree HTTP/1.1" 200 OK
2026-05-13 13:04:11,727 INFO sqlalchemy.engine.Engine ROLLBACK
INFO:     130.60.193.7:61097 - "GET /auth/me HTTP/1.1" 200 OK
INFO:     130.60.193.7:61097 - "GET /projects/ HTTP/1.1" 200 OK
2026-05-13 13:05:05,039 INFO sqlalchemy.engine.Engine BEGIN (implicit)
2026-05-13 13:05:05,040 INFO sqlalchemy.engine.Engine SELECT count(*) AS count_1 
FROM datasets JOIN projects ON datasets.project_id = projects.id 
WHERE projects.number = ?
2026-05-13 13:05:05,040 INFO sqlalchemy.engine.Engine [cached since 366.6s ago] (1001,)
2026-05-13 13:05:05,040 INFO sqlalchemy.engine.Engine SELECT datasets.id, datasets.project_id, datasets.parent_id, datasets.user_id, datasets.name, datasets.md5, datasets.comment, datasets.num_samples, datasets.completed_samples, datasets.sushi_app_name, datasets.job_parameters, datasets.bfabric_id, datasets.workunit_id, datasets.order_ids, datasets.created_at, datasets.updated_at 
FROM datasets JOIN projects ON datasets.project_id = projects.id 
WHERE projects.number = ? ORDER BY datasets.created_at DESC
 LIMIT ? OFFSET ?
2026-05-13 13:05:05,040 INFO sqlalchemy.engine.Engine [cached since 366.5s ago] (1001, 10, 0)
2026-05-13 13:05:05,052 INFO sqlalchemy.engine.Engine SELECT users.id, users.login, users.email 
FROM users 
WHERE users.id IN (?)
INFO:     130.60.193.7:61122 - "GET /auth/login_options HTTP/1.1" 200 OK
2026-05-13 13:05:05,053 INFO sqlalchemy.engine.Engine [cached since 366.5s ago] (2,)
2026-05-13 13:05:05,053 INFO sqlalchemy.engine.Engine SELECT datasets.id, datasets.parent_id 
FROM datasets 
WHERE datasets.parent_id IN (?, ?, ?, ?, ?, ?, ?, ?, ?, ?)
2026-05-13 13:05:05,054 INFO sqlalchemy.engine.Engine [cached since 366.5s ago] (273, 272, 270, 269, 268, 267, 266, 265, 245, 243)
2026-05-13 13:05:05,055 INFO sqlalchemy.engine.Engine BEGIN (implicit)
2026-05-13 13:05:05,055 INFO sqlalchemy.engine.Engine SELECT datasets.id, datasets.parent_id, datasets.name, datasets.comment 
FROM datasets JOIN projects ON datasets.project_id = projects.id 
WHERE projects.number = ?
2026-05-13 13:05:05,055 INFO sqlalchemy.engine.Engine [cached since 269.6s ago] (1001,)
INFO:     130.60.193.7:61120 - "GET /projects/1001/datasets?q=&page=1&per=10 HTTP/1.1" 200 OK
2026-05-13 13:05:05,056 INFO sqlalchemy.engine.Engine ROLLBACK
2026-05-13 13:05:05,056 INFO sqlalchemy.engine.Engine SELECT datasets.parent_id, count(datasets.id) AS count_1 
FROM datasets 
WHERE datasets.parent_id IN (?, ?, ?, ?, ?, ?, ?, ?, ?, ?, ?, ?, ?, ?, ?, ?, ?, ?, ?, ?, ?, ?, ?, ?, ?, ?, ?, ?, ?, ?, ?, ?, ?, ?, ?, ?, ?, ?, ?, ?, ?, ?, ?, ?, ?, ?, ?, ?, ?, ?, ?, ?, ?, ?, ?, ?, ?, ?, ?, ?, ?, ?, ?) GROUP BY datasets.parent_id
2026-05-13 13:05:05,056 INFO sqlalchemy.engine.Engine [cached since 269.6s ago] (129, 130, 131, 132, 133, 137, 265, 266, 267, 141, 268, 269, 270, 17, 18, 19, 20, 145, 147, 23, 150, 151, 152, 153, 154, 155, 37, 39, 168, 169, 44, 172, 173, 47, 51, 179, 53, 54, 180, 182, 185, 186, 188, 189, 190, 199, 200, 201, 202, 203, 205, 206, 272, 220, 221, 222, 273, 224, 228, 234, 243, 245, 127)
INFO:     130.60.193.7:61121 - "GET /projects/1001/datasets/tree HTTP/1.1" 200 OK
2026-05-13 13:05:05,057 INFO sqlalchemy.engine.Engine ROLLBACK
INFO:     130.60.193.7:61122 - "GET /auth/me HTTP/1.1" 200 OK
INFO:     130.60.193.7:61122 - "GET /projects/ HTTP/1.1" 200 OK
2026-05-13 13:05:33,740 INFO sqlalchemy.engine.Engine BEGIN (implicit)
2026-05-13 13:05:33,740 INFO sqlalchemy.engine.Engine SELECT count(*) AS count_1 
FROM datasets JOIN projects ON datasets.project_id = projects.id 
WHERE projects.number = ?
2026-05-13 13:05:33,741 INFO sqlalchemy.engine.Engine [cached since 395.3s ago] (1001,)
2026-05-13 13:05:33,741 INFO sqlalchemy.engine.Engine SELECT datasets.id, datasets.project_id, datasets.parent_id, datasets.user_id, datasets.name, datasets.md5, datasets.comment, datasets.num_samples, datasets.completed_samples, datasets.sushi_app_name, datasets.job_parameters, datasets.bfabric_id, datasets.workunit_id, datasets.order_ids, datasets.created_at, datasets.updated_at 
FROM datasets JOIN projects ON datasets.project_id = projects.id 
WHERE projects.number = ? ORDER BY datasets.created_at DESC
 LIMIT ? OFFSET ?
2026-05-13 13:05:33,741 INFO sqlalchemy.engine.Engine [cached since 395.2s ago] (1001, 10, 0)
INFO:     130.60.193.7:61138 - "GET /auth/login_options HTTP/1.1" 200 OK
2026-05-13 13:05:33,754 INFO sqlalchemy.engine.Engine SELECT users.id, users.login, users.email 
FROM users 
WHERE users.id IN (?)
2026-05-13 13:05:33,754 INFO sqlalchemy.engine.Engine [cached since 395.2s ago] (2,)
2026-05-13 13:05:33,755 INFO sqlalchemy.engine.Engine BEGIN (implicit)
2026-05-13 13:05:33,755 INFO sqlalchemy.engine.Engine SELECT datasets.id, datasets.parent_id, datasets.name, datasets.comment 
FROM datasets JOIN projects ON datasets.project_id = projects.id 
WHERE projects.number = ?
2026-05-13 13:05:33,755 INFO sqlalchemy.engine.Engine [cached since 298.3s ago] (1001,)
2026-05-13 13:05:33,756 INFO sqlalchemy.engine.Engine SELECT datasets.id, datasets.parent_id 
FROM datasets 
WHERE datasets.parent_id IN (?, ?, ?, ?, ?, ?, ?, ?, ?, ?)
2026-05-13 13:05:33,756 INFO sqlalchemy.engine.Engine [cached since 395.2s ago] (273, 272, 270, 269, 268, 267, 266, 265, 245, 243)
INFO:     130.60.193.7:61136 - "GET /projects/1001/datasets?q=&page=1&per=10 HTTP/1.1" 200 OK
2026-05-13 13:05:33,757 INFO sqlalchemy.engine.Engine ROLLBACK
2026-05-13 13:05:33,758 INFO sqlalchemy.engine.Engine SELECT datasets.parent_id, count(datasets.id) AS count_1 
FROM datasets 
WHERE datasets.parent_id IN (?, ?, ?, ?, ?, ?, ?, ?, ?, ?, ?, ?, ?, ?, ?, ?, ?, ?, ?, ?, ?, ?, ?, ?, ?, ?, ?, ?, ?, ?, ?, ?, ?, ?, ?, ?, ?, ?, ?, ?, ?, ?, ?, ?, ?, ?, ?, ?, ?, ?, ?, ?, ?, ?, ?, ?, ?, ?, ?, ?, ?, ?, ?) GROUP BY datasets.parent_id
2026-05-13 13:05:33,758 INFO sqlalchemy.engine.Engine [cached since 298.3s ago] (129, 130, 131, 132, 133, 137, 265, 266, 267, 141, 268, 269, 270, 17, 18, 19, 20, 145, 147, 23, 150, 151, 152, 153, 154, 155, 37, 39, 168, 169, 44, 172, 173, 47, 51, 179, 53, 54, 180, 182, 185, 186, 188, 189, 190, 199, 200, 201, 202, 203, 205, 206, 272, 220, 221, 222, 273, 224, 228, 234, 243, 245, 127)
INFO:     130.60.193.7:61137 - "GET /projects/1001/datasets/tree HTTP/1.1" 200 OK
2026-05-13 13:05:33,758 INFO sqlalchemy.engine.Engine ROLLBACK
INFO:     130.60.193.7:61138 - "GET /auth/me HTTP/1.1" 200 OK
INFO:     130.60.193.7:61138 - "GET /projects/ HTTP/1.1" 200 OK
INFO:     130.60.193.7:61156 - "GET /auth/login_options HTTP/1.1" 200 OK
2026-05-13 13:05:50,350 INFO sqlalchemy.engine.Engine BEGIN (implicit)
2026-05-13 13:05:50,350 INFO sqlalchemy.engine.Engine SELECT count(*) AS count_1 
FROM datasets JOIN projects ON datasets.project_id = projects.id 
WHERE projects.number = ?
2026-05-13 13:05:50,350 INFO sqlalchemy.engine.Engine [cached since 411.9s ago] (1001,)
2026-05-13 13:05:50,351 INFO sqlalchemy.engine.Engine SELECT datasets.id, datasets.project_id, datasets.parent_id, datasets.user_id, datasets.name, datasets.md5, datasets.comment, datasets.num_samples, datasets.completed_samples, datasets.sushi_app_name, datasets.job_parameters, datasets.bfabric_id, datasets.workunit_id, datasets.order_ids, datasets.created_at, datasets.updated_at 
FROM datasets JOIN projects ON datasets.project_id = projects.id 
WHERE projects.number = ? ORDER BY datasets.created_at DESC
 LIMIT ? OFFSET ?
2026-05-13 13:05:50,351 INFO sqlalchemy.engine.Engine BEGIN (implicit)
2026-05-13 13:05:50,351 INFO sqlalchemy.engine.Engine [cached since 411.8s ago] (1001, 10, 0)
2026-05-13 13:05:50,352 INFO sqlalchemy.engine.Engine SELECT datasets.id, datasets.parent_id, datasets.name, datasets.comment 
FROM datasets JOIN projects ON datasets.project_id = projects.id 
WHERE projects.number = ?
2026-05-13 13:05:50,352 INFO sqlalchemy.engine.Engine [cached since 314.9s ago] (1001,)
2026-05-13 13:05:50,363 INFO sqlalchemy.engine.Engine SELECT users.id, users.login, users.email 
FROM users 
WHERE users.id IN (?)
2026-05-13 13:05:50,364 INFO sqlalchemy.engine.Engine [cached since 411.8s ago] (2,)
INFO:     130.60.193.7:61156 - "GET /auth/me HTTP/1.1" 200 OK
2026-05-13 13:05:50,365 INFO sqlalchemy.engine.Engine SELECT datasets.id, datasets.parent_id 
FROM datasets 
WHERE datasets.parent_id IN (?, ?, ?, ?, ?, ?, ?, ?, ?, ?)
2026-05-13 13:05:50,365 INFO sqlalchemy.engine.Engine [cached since 411.8s ago] (273, 272, 270, 269, 268, 267, 266, 265, 245, 243)
2026-05-13 13:05:50,365 INFO sqlalchemy.engine.Engine SELECT datasets.parent_id, count(datasets.id) AS count_1 
FROM datasets 
WHERE datasets.parent_id IN (?, ?, ?, ?, ?, ?, ?, ?, ?, ?, ?, ?, ?, ?, ?, ?, ?, ?, ?, ?, ?, ?, ?, ?, ?, ?, ?, ?, ?, ?, ?, ?, ?, ?, ?, ?, ?, ?, ?, ?, ?, ?, ?, ?, ?, ?, ?, ?, ?, ?, ?, ?, ?, ?, ?, ?, ?, ?, ?, ?, ?, ?, ?) GROUP BY datasets.parent_id
2026-05-13 13:05:50,365 INFO sqlalchemy.engine.Engine [cached since 314.9s ago] (129, 130, 131, 132, 133, 137, 265, 266, 267, 141, 268, 269, 270, 17, 18, 19, 20, 145, 147, 23, 150, 151, 152, 153, 154, 155, 37, 39, 168, 169, 44, 172, 173, 47, 51, 179, 53, 54, 180, 182, 185, 186, 188, 189, 190, 199, 200, 201, 202, 203, 205, 206, 272, 220, 221, 222, 273, 224, 228, 234, 243, 245, 127)
INFO:     130.60.193.7:61154 - "GET /projects/1001/datasets?q=&page=1&per=10 HTTP/1.1" 200 OK
2026-05-13 13:05:50,366 INFO sqlalchemy.engine.Engine ROLLBACK
INFO:     130.60.193.7:61155 - "GET /projects/1001/datasets/tree HTTP/1.1" 200 OK
2026-05-13 13:05:50,367 INFO sqlalchemy.engine.Engine ROLLBACK
INFO:     130.60.193.7:61156 - "GET /projects/ HTTP/1.1" 200 OK
2026-05-13 13:06:35,739 INFO sqlalchemy.engine.Engine BEGIN (implicit)
2026-05-13 13:06:35,739 INFO sqlalchemy.engine.Engine SELECT count(*) AS count_1 
FROM datasets JOIN projects ON datasets.project_id = projects.id 
WHERE projects.number = ?
2026-05-13 13:06:35,739 INFO sqlalchemy.engine.Engine [cached since 457.3s ago] (1001,)
2026-05-13 13:06:35,739 INFO sqlalchemy.engine.Engine SELECT datasets.id, datasets.project_id, datasets.parent_id, datasets.user_id, datasets.name, datasets.md5, datasets.comment, datasets.num_samples, datasets.completed_samples, datasets.sushi_app_name, datasets.job_parameters, datasets.bfabric_id, datasets.workunit_id, datasets.order_ids, datasets.created_at, datasets.updated_at 
FROM datasets JOIN projects ON datasets.project_id = projects.id 
WHERE projects.number = ? ORDER BY datasets.created_at DESC
 LIMIT ? OFFSET ?
2026-05-13 13:06:35,740 INFO sqlalchemy.engine.Engine [cached since 457.2s ago] (1001, 10, 0)
INFO:     130.60.193.7:61183 - "GET /auth/login_options HTTP/1.1" 200 OK
2026-05-13 13:06:35,752 INFO sqlalchemy.engine.Engine SELECT users.id, users.login, users.email 
FROM users 
WHERE users.id IN (?)
2026-05-13 13:06:35,753 INFO sqlalchemy.engine.Engine [cached since 457.2s ago] (2,)
2026-05-13 13:06:35,753 INFO sqlalchemy.engine.Engine BEGIN (implicit)
2026-05-13 13:06:35,754 INFO sqlalchemy.engine.Engine SELECT datasets.id, datasets.parent_id, datasets.name, datasets.comment 
FROM datasets JOIN projects ON datasets.project_id = projects.id 
WHERE projects.number = ?
2026-05-13 13:06:35,754 INFO sqlalchemy.engine.Engine [cached since 360.3s ago] (1001,)
2026-05-13 13:06:35,754 INFO sqlalchemy.engine.Engine SELECT datasets.id, datasets.parent_id 
FROM datasets 
WHERE datasets.parent_id IN (?, ?, ?, ?, ?, ?, ?, ?, ?, ?)
2026-05-13 13:06:35,754 INFO sqlalchemy.engine.Engine [cached since 457.2s ago] (273, 272, 270, 269, 268, 267, 266, 265, 245, 243)
INFO:     130.60.193.7:61181 - "GET /projects/1001/datasets?q=&page=1&per=10 HTTP/1.1" 200 OK
2026-05-13 13:06:35,755 INFO sqlalchemy.engine.Engine ROLLBACK
2026-05-13 13:06:35,756 INFO sqlalchemy.engine.Engine SELECT datasets.parent_id, count(datasets.id) AS count_1 
FROM datasets 
WHERE datasets.parent_id IN (?, ?, ?, ?, ?, ?, ?, ?, ?, ?, ?, ?, ?, ?, ?, ?, ?, ?, ?, ?, ?, ?, ?, ?, ?, ?, ?, ?, ?, ?, ?, ?, ?, ?, ?, ?, ?, ?, ?, ?, ?, ?, ?, ?, ?, ?, ?, ?, ?, ?, ?, ?, ?, ?, ?, ?, ?, ?, ?, ?, ?, ?, ?) GROUP BY datasets.parent_id
2026-05-13 13:06:35,756 INFO sqlalchemy.engine.Engine [cached since 360.3s ago] (129, 130, 131, 132, 133, 137, 265, 266, 267, 141, 268, 269, 270, 17, 18, 19, 20, 145, 147, 23, 150, 151, 152, 153, 154, 155, 37, 39, 168, 169, 44, 172, 173, 47, 51, 179, 53, 54, 180, 182, 185, 186, 188, 189, 190, 199, 200, 201, 202, 203, 205, 206, 272, 220, 221, 222, 273, 224, 228, 234, 243, 245, 127)
INFO:     130.60.193.7:61182 - "GET /projects/1001/datasets/tree HTTP/1.1" 200 OK
2026-05-13 13:06:35,757 INFO sqlalchemy.engine.Engine ROLLBACK
INFO:     130.60.193.7:61183 - "GET /auth/me HTTP/1.1" 200 OK
INFO:     130.60.193.7:61183 - "GET /projects/ HTTP/1.1" 200 OK
2026-05-13 13:07:57,304 INFO sqlalchemy.engine.Engine BEGIN (implicit)
2026-05-13 13:07:57,305 INFO sqlalchemy.engine.Engine SELECT count(*) AS count_1 
FROM datasets JOIN projects ON datasets.project_id = projects.id 
WHERE projects.number = ?
2026-05-13 13:07:57,305 INFO sqlalchemy.engine.Engine [cached since 538.8s ago] (1001,)
2026-05-13 13:07:57,305 INFO sqlalchemy.engine.Engine SELECT datasets.id, datasets.project_id, datasets.parent_id, datasets.user_id, datasets.name, datasets.md5, datasets.comment, datasets.num_samples, datasets.completed_samples, datasets.sushi_app_name, datasets.job_parameters, datasets.bfabric_id, datasets.workunit_id, datasets.order_ids, datasets.created_at, datasets.updated_at 
FROM datasets JOIN projects ON datasets.project_id = projects.id 
WHERE projects.number = ? ORDER BY datasets.created_at DESC
 LIMIT ? OFFSET ?
2026-05-13 13:07:57,306 INFO sqlalchemy.engine.Engine [cached since 538.8s ago] (1001, 10, 0)
INFO:     130.60.193.7:61208 - "GET /auth/login_options HTTP/1.1" 200 OK
2026-05-13 13:07:57,318 INFO sqlalchemy.engine.Engine SELECT users.id, users.login, users.email 
FROM users 
WHERE users.id IN (?)
2026-05-13 13:07:57,318 INFO sqlalchemy.engine.Engine [cached since 538.8s ago] (2,)
2026-05-13 13:07:57,318 INFO sqlalchemy.engine.Engine SELECT datasets.id, datasets.parent_id 
FROM datasets 
WHERE datasets.parent_id IN (?, ?, ?, ?, ?, ?, ?, ?, ?, ?)
2026-05-13 13:07:57,319 INFO sqlalchemy.engine.Engine BEGIN (implicit)
2026-05-13 13:07:57,319 INFO sqlalchemy.engine.Engine [cached since 538.8s ago] (273, 272, 270, 269, 268, 267, 266, 265, 245, 243)
2026-05-13 13:07:57,319 INFO sqlalchemy.engine.Engine SELECT datasets.id, datasets.parent_id, datasets.name, datasets.comment 
FROM datasets JOIN projects ON datasets.project_id = projects.id 
WHERE projects.number = ?
2026-05-13 13:07:57,320 INFO sqlalchemy.engine.Engine [cached since 441.9s ago] (1001,)
INFO:     130.60.193.7:61207 - "GET /projects/1001/datasets?q=&page=1&per=10 HTTP/1.1" 200 OK
2026-05-13 13:07:57,321 INFO sqlalchemy.engine.Engine ROLLBACK
2026-05-13 13:07:57,321 INFO sqlalchemy.engine.Engine SELECT datasets.parent_id, count(datasets.id) AS count_1 
FROM datasets 
WHERE datasets.parent_id IN (?, ?, ?, ?, ?, ?, ?, ?, ?, ?, ?, ?, ?, ?, ?, ?, ?, ?, ?, ?, ?, ?, ?, ?, ?, ?, ?, ?, ?, ?, ?, ?, ?, ?, ?, ?, ?, ?, ?, ?, ?, ?, ?, ?, ?, ?, ?, ?, ?, ?, ?, ?, ?, ?, ?, ?, ?, ?, ?, ?, ?, ?, ?) GROUP BY datasets.parent_id
2026-05-13 13:07:57,321 INFO sqlalchemy.engine.Engine [cached since 441.9s ago] (129, 130, 131, 132, 133, 137, 265, 266, 267, 141, 268, 269, 270, 17, 18, 19, 20, 145, 147, 23, 150, 151, 152, 153, 154, 155, 37, 39, 168, 169, 44, 172, 173, 47, 51, 179, 53, 54, 180, 182, 185, 186, 188, 189, 190, 199, 200, 201, 202, 203, 205, 206, 272, 220, 221, 222, 273, 224, 228, 234, 243, 245, 127)
INFO:     130.60.193.7:61206 - "GET /projects/1001/datasets/tree HTTP/1.1" 200 OK
2026-05-13 13:07:57,322 INFO sqlalchemy.engine.Engine ROLLBACK
INFO:     130.60.193.7:61208 - "GET /auth/me HTTP/1.1" 200 OK
INFO:     130.60.193.7:61208 - "GET /projects/ HTTP/1.1" 200 OK
INFO:     130.60.193.7:61228 - "GET /auth/login_options HTTP/1.1" 200 OK
2026-05-13 13:08:46,882 INFO sqlalchemy.engine.Engine BEGIN (implicit)
2026-05-13 13:08:46,883 INFO sqlalchemy.engine.Engine SELECT count(*) AS count_1 
FROM datasets JOIN projects ON datasets.project_id = projects.id 
WHERE projects.number = ?
2026-05-13 13:08:46,883 INFO sqlalchemy.engine.Engine [cached since 588.4s ago] (1001,)
2026-05-13 13:08:46,883 INFO sqlalchemy.engine.Engine SELECT datasets.id, datasets.project_id, datasets.parent_id, datasets.user_id, datasets.name, datasets.md5, datasets.comment, datasets.num_samples, datasets.completed_samples, datasets.sushi_app_name, datasets.job_parameters, datasets.bfabric_id, datasets.workunit_id, datasets.order_ids, datasets.created_at, datasets.updated_at 
FROM datasets JOIN projects ON datasets.project_id = projects.id 
WHERE projects.number = ? ORDER BY datasets.created_at DESC
 LIMIT ? OFFSET ?
2026-05-13 13:08:46,884 INFO sqlalchemy.engine.Engine [cached since 588.3s ago] (1001, 10, 0)
2026-05-13 13:08:46,884 INFO sqlalchemy.engine.Engine BEGIN (implicit)
2026-05-13 13:08:46,885 INFO sqlalchemy.engine.Engine SELECT datasets.id, datasets.parent_id, datasets.name, datasets.comment 
FROM datasets JOIN projects ON datasets.project_id = projects.id 
WHERE projects.number = ?
2026-05-13 13:08:46,885 INFO sqlalchemy.engine.Engine [cached since 491.4s ago] (1001,)
2026-05-13 13:08:46,895 INFO sqlalchemy.engine.Engine SELECT users.id, users.login, users.email 
FROM users 
WHERE users.id IN (?)
2026-05-13 13:08:46,895 INFO sqlalchemy.engine.Engine [cached since 588.4s ago] (2,)
2026-05-13 13:08:46,896 INFO sqlalchemy.engine.Engine SELECT datasets.id, datasets.parent_id 
FROM datasets 
WHERE datasets.parent_id IN (?, ?, ?, ?, ?, ?, ?, ?, ?, ?)
2026-05-13 13:08:46,896 INFO sqlalchemy.engine.Engine [cached since 588.3s ago] (273, 272, 270, 269, 268, 267, 266, 265, 245, 243)
INFO:     130.60.193.7:61227 - "GET /projects/1001/datasets?q=&page=1&per=10 HTTP/1.1" 200 OK
2026-05-13 13:08:46,897 INFO sqlalchemy.engine.Engine ROLLBACK
2026-05-13 13:08:46,897 INFO sqlalchemy.engine.Engine SELECT datasets.parent_id, count(datasets.id) AS count_1 
FROM datasets 
WHERE datasets.parent_id IN (?, ?, ?, ?, ?, ?, ?, ?, ?, ?, ?, ?, ?, ?, ?, ?, ?, ?, ?, ?, ?, ?, ?, ?, ?, ?, ?, ?, ?, ?, ?, ?, ?, ?, ?, ?, ?, ?, ?, ?, ?, ?, ?, ?, ?, ?, ?, ?, ?, ?, ?, ?, ?, ?, ?, ?, ?, ?, ?, ?, ?, ?, ?) GROUP BY datasets.parent_id
2026-05-13 13:08:46,898 INFO sqlalchemy.engine.Engine [cached since 491.5s ago] (129, 130, 131, 132, 133, 137, 265, 266, 267, 141, 268, 269, 270, 17, 18, 19, 20, 145, 147, 23, 150, 151, 152, 153, 154, 155, 37, 39, 168, 169, 44, 172, 173, 47, 51, 179, 53, 54, 180, 182, 185, 186, 188, 189, 190, 199, 200, 201, 202, 203, 205, 206, 272, 220, 221, 222, 273, 224, 228, 234, 243, 245, 127)
INFO:     130.60.193.7:61229 - "GET /projects/1001/datasets/tree HTTP/1.1" 200 OK
2026-05-13 13:08:46,898 INFO sqlalchemy.engine.Engine ROLLBACK
INFO:     130.60.193.7:61228 - "GET /auth/me HTTP/1.1" 200 OK
INFO:     130.60.193.7:61228 - "GET /projects/ HTTP/1.1" 200 OK
INFO:     130.60.193.7:61240 - "OPTIONS /auth/login_options HTTP/1.1" 200 OK
2026-05-13 13:08:57,007 INFO sqlalchemy.engine.Engine BEGIN (implicit)
2026-05-13 13:08:57,008 INFO sqlalchemy.engine.Engine SELECT datasets.id, datasets.parent_id, datasets.name, datasets.comment 
FROM datasets JOIN projects ON datasets.project_id = projects.id 
WHERE projects.number = ?
2026-05-13 13:08:57,008 INFO sqlalchemy.engine.Engine [cached since 501.6s ago] (1001,)
2026-05-13 13:08:57,009 INFO sqlalchemy.engine.Engine BEGIN (implicit)
2026-05-13 13:08:57,010 INFO sqlalchemy.engine.Engine SELECT count(*) AS count_1 
FROM datasets JOIN projects ON datasets.project_id = projects.id 
WHERE projects.number = ?
2026-05-13 13:08:57,010 INFO sqlalchemy.engine.Engine [cached since 598.5s ago] (1001,)
2026-05-13 13:08:57,010 INFO sqlalchemy.engine.Engine SELECT datasets.id, datasets.project_id, datasets.parent_id, datasets.user_id, datasets.name, datasets.md5, datasets.comment, datasets.num_samples, datasets.completed_samples, datasets.sushi_app_name, datasets.job_parameters, datasets.bfabric_id, datasets.workunit_id, datasets.order_ids, datasets.created_at, datasets.updated_at 
FROM datasets JOIN projects ON datasets.project_id = projects.id 
WHERE projects.number = ? ORDER BY datasets.created_at DESC
 LIMIT ? OFFSET ?
2026-05-13 13:08:57,010 INFO sqlalchemy.engine.Engine [cached since 598.5s ago] (1001, 10, 0)
2026-05-13 13:08:57,011 INFO sqlalchemy.engine.Engine SELECT datasets.parent_id, count(datasets.id) AS count_1 
FROM datasets 
WHERE datasets.parent_id IN (?, ?, ?, ?, ?, ?, ?, ?, ?, ?, ?, ?, ?, ?, ?, ?, ?, ?, ?, ?, ?, ?, ?, ?, ?, ?, ?, ?, ?, ?, ?, ?, ?, ?, ?, ?, ?, ?, ?, ?, ?, ?, ?, ?, ?, ?, ?, ?, ?, ?, ?, ?, ?, ?, ?, ?, ?, ?, ?, ?, ?, ?, ?) GROUP BY datasets.parent_id
2026-05-13 13:08:57,011 INFO sqlalchemy.engine.Engine [cached since 501.6s ago] (129, 130, 131, 132, 133, 137, 265, 266, 267, 141, 268, 269, 270, 17, 18, 19, 20, 145, 147, 23, 150, 151, 152, 153, 154, 155, 37, 39, 168, 169, 44, 172, 173, 47, 51, 179, 53, 54, 180, 182, 185, 186, 188, 189, 190, 199, 200, 201, 202, 203, 205, 206, 272, 220, 221, 222, 273, 224, 228, 234, 243, 245, 127)
INFO:     130.60.193.7:61239 - "GET /projects/1001/datasets/tree HTTP/1.1" 200 OK
2026-05-13 13:08:57,012 INFO sqlalchemy.engine.Engine ROLLBACK
2026-05-13 13:08:57,023 INFO sqlalchemy.engine.Engine SELECT users.id, users.login, users.email 
FROM users 
WHERE users.id IN (?)
2026-05-13 13:08:57,023 INFO sqlalchemy.engine.Engine [cached since 598.5s ago] (2,)
2026-05-13 13:08:57,024 INFO sqlalchemy.engine.Engine SELECT datasets.id, datasets.parent_id 
FROM datasets 
WHERE datasets.parent_id IN (?, ?, ?, ?, ?, ?, ?, ?, ?, ?)
2026-05-13 13:08:57,024 INFO sqlalchemy.engine.Engine [cached since 598.5s ago] (273, 272, 270, 269, 268, 267, 266, 265, 245, 243)
INFO:     130.60.193.7:61239 - "GET /auth/login_options HTTP/1.1" 200 OK
INFO:     130.60.193.7:61238 - "GET /projects/1001/datasets?q=&page=1&per=10 HTTP/1.1" 200 OK
2026-05-13 13:08:57,025 INFO sqlalchemy.engine.Engine ROLLBACK
INFO:     130.60.193.7:61240 - "OPTIONS /auth/me HTTP/1.1" 200 OK
INFO:     130.60.193.7:61238 - "GET /auth/me HTTP/1.1" 200 OK
INFO:     130.60.193.7:61240 - "OPTIONS /projects/ HTTP/1.1" 200 OK
INFO:     130.60.193.7:61238 - "GET /projects/ HTTP/1.1" 200 OK
2026-05-13 13:09:05,435 INFO sqlalchemy.engine.Engine BEGIN (implicit)
2026-05-13 13:09:05,436 INFO sqlalchemy.engine.Engine SELECT datasets.id, datasets.parent_id, datasets.name, datasets.comment 
FROM datasets JOIN projects ON datasets.project_id = projects.id 
WHERE projects.number = ?
2026-05-13 13:09:05,436 INFO sqlalchemy.engine.Engine [cached since 510s ago] (1001,)
2026-05-13 13:09:05,436 INFO sqlalchemy.engine.Engine SELECT datasets.parent_id, count(datasets.id) AS count_1 
FROM datasets 
WHERE datasets.parent_id IN (?, ?, ?, ?, ?, ?, ?, ?, ?, ?, ?, ?, ?, ?, ?, ?, ?, ?, ?, ?, ?, ?, ?, ?, ?, ?, ?, ?, ?, ?, ?, ?, ?, ?, ?, ?, ?, ?, ?, ?, ?, ?, ?, ?, ?, ?, ?, ?, ?, ?, ?, ?, ?, ?, ?, ?, ?, ?, ?, ?, ?, ?, ?) GROUP BY datasets.parent_id
2026-05-13 13:09:05,436 INFO sqlalchemy.engine.Engine [cached since 510s ago] (129, 130, 131, 132, 133, 137, 265, 266, 267, 141, 268, 269, 270, 17, 18, 19, 20, 145, 147, 23, 150, 151, 152, 153, 154, 155, 37, 39, 168, 169, 44, 172, 173, 47, 51, 179, 53, 54, 180, 182, 185, 186, 188, 189, 190, 199, 200, 201, 202, 203, 205, 206, 272, 220, 221, 222, 273, 224, 228, 234, 243, 245, 127)
INFO:     130.60.193.7:61241 - "GET /projects/1001/datasets/tree HTTP/1.1" 200 OK
2026-05-13 13:09:05,437 INFO sqlalchemy.engine.Engine ROLLBACK
INFO:     130.60.193.7:61250 - "OPTIONS /projects/1001/datasets?q=&page=1&per=10 HTTP/1.1" 200 OK
INFO:     130.60.193.7:61251 - "GET /auth/login_options HTTP/1.1" 200 OK
2026-05-13 13:09:05,454 INFO sqlalchemy.engine.Engine BEGIN (implicit)
2026-05-13 13:09:05,454 INFO sqlalchemy.engine.Engine SELECT count(*) AS count_1 
FROM datasets JOIN projects ON datasets.project_id = projects.id 
WHERE projects.number = ?
2026-05-13 13:09:05,454 INFO sqlalchemy.engine.Engine [cached since 607s ago] (1001,)
2026-05-13 13:09:05,455 INFO sqlalchemy.engine.Engine SELECT datasets.id, datasets.project_id, datasets.parent_id, datasets.user_id, datasets.name, datasets.md5, datasets.comment, datasets.num_samples, datasets.completed_samples, datasets.sushi_app_name, datasets.job_parameters, datasets.bfabric_id, datasets.workunit_id, datasets.order_ids, datasets.created_at, datasets.updated_at 
FROM datasets JOIN projects ON datasets.project_id = projects.id 
WHERE projects.number = ? ORDER BY datasets.created_at DESC
 LIMIT ? OFFSET ?
2026-05-13 13:09:05,455 INFO sqlalchemy.engine.Engine [cached since 606.9s ago] (1001, 10, 0)
2026-05-13 13:09:05,465 INFO sqlalchemy.engine.Engine SELECT users.id, users.login, users.email 
FROM users 
WHERE users.id IN (?)
2026-05-13 13:09:05,465 INFO sqlalchemy.engine.Engine [cached since 606.9s ago] (2,)
2026-05-13 13:09:05,465 INFO sqlalchemy.engine.Engine SELECT datasets.id, datasets.parent_id 
FROM datasets 
WHERE datasets.parent_id IN (?, ?, ?, ?, ?, ?, ?, ?, ?, ?)
2026-05-13 13:09:05,465 INFO sqlalchemy.engine.Engine [cached since 606.9s ago] (273, 272, 270, 269, 268, 267, 266, 265, 245, 243)
INFO:     130.60.193.7:61241 - "GET /projects/1001/datasets?q=&page=1&per=10 HTTP/1.1" 200 OK
2026-05-13 13:09:05,466 INFO sqlalchemy.engine.Engine ROLLBACK
INFO:     130.60.193.7:61251 - "GET /auth/me HTTP/1.1" 200 OK
INFO:     130.60.193.7:61251 - "GET /projects/ HTTP/1.1" 200 OK
2026-05-13 13:10:27,485 INFO sqlalchemy.engine.Engine BEGIN (implicit)
2026-05-13 13:10:27,485 INFO sqlalchemy.engine.Engine SELECT count(*) AS count_1 
FROM datasets JOIN projects ON datasets.project_id = projects.id 
WHERE projects.number = ?
2026-05-13 13:10:27,485 INFO sqlalchemy.engine.Engine [cached since 689s ago] (1001,)
2026-05-13 13:10:27,486 INFO sqlalchemy.engine.Engine SELECT datasets.id, datasets.project_id, datasets.parent_id, datasets.user_id, datasets.name, datasets.md5, datasets.comment, datasets.num_samples, datasets.completed_samples, datasets.sushi_app_name, datasets.job_parameters, datasets.bfabric_id, datasets.workunit_id, datasets.order_ids, datasets.created_at, datasets.updated_at 
FROM datasets JOIN projects ON datasets.project_id = projects.id 
WHERE projects.number = ? ORDER BY datasets.created_at DESC
 LIMIT ? OFFSET ?
2026-05-13 13:10:27,486 INFO sqlalchemy.engine.Engine [cached since 689s ago] (1001, 10, 0)
INFO:     130.60.193.7:61276 - "GET /auth/login_options HTTP/1.1" 200 OK
2026-05-13 13:10:27,494 INFO sqlalchemy.engine.Engine BEGIN (implicit)
2026-05-13 13:10:27,499 INFO sqlalchemy.engine.Engine SELECT datasets.id, datasets.parent_id, datasets.name, datasets.comment 
FROM datasets JOIN projects ON datasets.project_id = projects.id 
WHERE projects.number = ?
2026-05-13 13:10:27,500 INFO sqlalchemy.engine.Engine SELECT users.id, users.login, users.email 
FROM users 
WHERE users.id IN (?)
2026-05-13 13:10:27,500 INFO sqlalchemy.engine.Engine [cached since 592.1s ago] (1001,)
2026-05-13 13:10:27,500 INFO sqlalchemy.engine.Engine [cached since 689s ago] (2,)
2026-05-13 13:10:27,500 INFO sqlalchemy.engine.Engine SELECT datasets.id, datasets.parent_id 
FROM datasets 
WHERE datasets.parent_id IN (?, ?, ?, ?, ?, ?, ?, ?, ?, ?)
2026-05-13 13:10:27,501 INFO sqlalchemy.engine.Engine [cached since 689s ago] (273, 272, 270, 269, 268, 267, 266, 265, 245, 243)
2026-05-13 13:10:27,501 INFO sqlalchemy.engine.Engine SELECT datasets.parent_id, count(datasets.id) AS count_1 
FROM datasets 
WHERE datasets.parent_id IN (?, ?, ?, ?, ?, ?, ?, ?, ?, ?, ?, ?, ?, ?, ?, ?, ?, ?, ?, ?, ?, ?, ?, ?, ?, ?, ?, ?, ?, ?, ?, ?, ?, ?, ?, ?, ?, ?, ?, ?, ?, ?, ?, ?, ?, ?, ?, ?, ?, ?, ?, ?, ?, ?, ?, ?, ?, ?, ?, ?, ?, ?, ?) GROUP BY datasets.parent_id
2026-05-13 13:10:27,501 INFO sqlalchemy.engine.Engine [cached since 592.1s ago] (129, 130, 131, 132, 133, 137, 265, 266, 267, 141, 268, 269, 270, 17, 18, 19, 20, 145, 147, 23, 150, 151, 152, 153, 154, 155, 37, 39, 168, 169, 44, 172, 173, 47, 51, 179, 53, 54, 180, 182, 185, 186, 188, 189, 190, 199, 200, 201, 202, 203, 205, 206, 272, 220, 221, 222, 273, 224, 228, 234, 243, 245, 127)
INFO:     130.60.193.7:61274 - "GET /projects/1001/datasets?q=&page=1&per=10 HTTP/1.1" 200 OK
2026-05-13 13:10:27,502 INFO sqlalchemy.engine.Engine ROLLBACK
INFO:     130.60.193.7:61275 - "GET /projects/1001/datasets/tree HTTP/1.1" 200 OK
2026-05-13 13:10:27,503 INFO sqlalchemy.engine.Engine ROLLBACK
INFO:     130.60.193.7:61276 - "GET /auth/me HTTP/1.1" 200 OK
INFO:     130.60.193.7:61276 - "GET /projects/ HTTP/1.1" 200 OK
2026-05-13 13:11:50,329 INFO sqlalchemy.engine.Engine BEGIN (implicit)
2026-05-13 13:11:50,329 INFO sqlalchemy.engine.Engine SELECT count(*) AS count_1 
FROM datasets JOIN projects ON datasets.project_id = projects.id 
WHERE projects.number = ?
2026-05-13 13:11:50,329 INFO sqlalchemy.engine.Engine [cached since 771.8s ago] (1001,)
2026-05-13 13:11:50,330 INFO sqlalchemy.engine.Engine SELECT datasets.id, datasets.project_id, datasets.parent_id, datasets.user_id, datasets.name, datasets.md5, datasets.comment, datasets.num_samples, datasets.completed_samples, datasets.sushi_app_name, datasets.job_parameters, datasets.bfabric_id, datasets.workunit_id, datasets.order_ids, datasets.created_at, datasets.updated_at 
FROM datasets JOIN projects ON datasets.project_id = projects.id 
WHERE projects.number = ? ORDER BY datasets.created_at DESC
 LIMIT ? OFFSET ?
2026-05-13 13:11:50,330 INFO sqlalchemy.engine.Engine [cached since 771.8s ago] (1001, 10, 0)
INFO:     130.60.193.7:61302 - "OPTIONS /projects/1001/datasets/tree HTTP/1.1" 200 OK
INFO:     130.60.193.7:61303 - "GET /auth/login_options HTTP/1.1" 200 OK
2026-05-13 13:11:50,341 INFO sqlalchemy.engine.Engine SELECT users.id, users.login, users.email 
FROM users 
WHERE users.id IN (?)
2026-05-13 13:11:50,341 INFO sqlalchemy.engine.Engine [cached since 771.8s ago] (2,)
2026-05-13 13:11:50,341 INFO sqlalchemy.engine.Engine SELECT datasets.id, datasets.parent_id 
FROM datasets 
WHERE datasets.parent_id IN (?, ?, ?, ?, ?, ?, ?, ?, ?, ?)
2026-05-13 13:11:50,341 INFO sqlalchemy.engine.Engine [cached since 771.8s ago] (273, 272, 270, 269, 268, 267, 266, 265, 245, 243)
INFO:     130.60.193.7:61301 - "GET /projects/1001/datasets?q=&page=1&per=10 HTTP/1.1" 200 OK
2026-05-13 13:11:50,342 INFO sqlalchemy.engine.Engine ROLLBACK
2026-05-13 13:11:50,344 INFO sqlalchemy.engine.Engine BEGIN (implicit)
2026-05-13 13:11:50,344 INFO sqlalchemy.engine.Engine SELECT datasets.id, datasets.parent_id, datasets.name, datasets.comment 
FROM datasets JOIN projects ON datasets.project_id = projects.id 
WHERE projects.number = ?
2026-05-13 13:11:50,344 INFO sqlalchemy.engine.Engine [cached since 674.9s ago] (1001,)
2026-05-13 13:11:50,345 INFO sqlalchemy.engine.Engine SELECT datasets.parent_id, count(datasets.id) AS count_1 
FROM datasets 
WHERE datasets.parent_id IN (?, ?, ?, ?, ?, ?, ?, ?, ?, ?, ?, ?, ?, ?, ?, ?, ?, ?, ?, ?, ?, ?, ?, ?, ?, ?, ?, ?, ?, ?, ?, ?, ?, ?, ?, ?, ?, ?, ?, ?, ?, ?, ?, ?, ?, ?, ?, ?, ?, ?, ?, ?, ?, ?, ?, ?, ?, ?, ?, ?, ?, ?, ?) GROUP BY datasets.parent_id
2026-05-13 13:11:50,345 INFO sqlalchemy.engine.Engine [cached since 674.9s ago] (129, 130, 131, 132, 133, 137, 265, 266, 267, 141, 268, 269, 270, 17, 18, 19, 20, 145, 147, 23, 150, 151, 152, 153, 154, 155, 37, 39, 168, 169, 44, 172, 173, 47, 51, 179, 53, 54, 180, 182, 185, 186, 188, 189, 190, 199, 200, 201, 202, 203, 205, 206, 272, 220, 221, 222, 273, 224, 228, 234, 243, 245, 127)
INFO:     130.60.193.7:61303 - "GET /projects/1001/datasets/tree HTTP/1.1" 200 OK
2026-05-13 13:11:50,345 INFO sqlalchemy.engine.Engine ROLLBACK
INFO:     130.60.193.7:61304 - "GET /auth/me HTTP/1.1" 200 OK
INFO:     130.60.193.7:61304 - "GET /projects/ HTTP/1.1" 200 OK
2026-05-13 13:12:33,313 INFO sqlalchemy.engine.Engine BEGIN (implicit)
2026-05-13 13:12:33,314 INFO sqlalchemy.engine.Engine SELECT count(*) AS count_1 
FROM datasets JOIN projects ON datasets.project_id = projects.id 
WHERE projects.number = ?
2026-05-13 13:12:33,314 INFO sqlalchemy.engine.Engine [cached since 814.8s ago] (1001,)
2026-05-13 13:12:33,314 INFO sqlalchemy.engine.Engine SELECT datasets.id, datasets.project_id, datasets.parent_id, datasets.user_id, datasets.name, datasets.md5, datasets.comment, datasets.num_samples, datasets.completed_samples, datasets.sushi_app_name, datasets.job_parameters, datasets.bfabric_id, datasets.workunit_id, datasets.order_ids, datasets.created_at, datasets.updated_at 
FROM datasets JOIN projects ON datasets.project_id = projects.id 
WHERE projects.number = ? ORDER BY datasets.created_at DESC
 LIMIT ? OFFSET ?
2026-05-13 13:12:33,314 INFO sqlalchemy.engine.Engine [cached since 814.8s ago] (1001, 10, 0)
2026-05-13 13:12:33,325 INFO sqlalchemy.engine.Engine SELECT users.id, users.login, users.email 
FROM users 
WHERE users.id IN (?)
2026-05-13 13:12:33,325 INFO sqlalchemy.engine.Engine [cached since 814.8s ago] (2,)
2026-05-13 13:12:33,326 INFO sqlalchemy.engine.Engine SELECT datasets.id, datasets.parent_id 
FROM datasets 
WHERE datasets.parent_id IN (?, ?, ?, ?, ?, ?, ?, ?, ?, ?)
2026-05-13 13:12:33,326 INFO sqlalchemy.engine.Engine [cached since 814.8s ago] (273, 272, 270, 269, 268, 267, 266, 265, 245, 243)
INFO:     130.60.193.7:61326 - "GET /auth/login_options HTTP/1.1" 200 OK
INFO:     130.60.193.7:61305 - "GET /projects/1001/datasets?q=&page=1&per=10 HTTP/1.1" 200 OK
2026-05-13 13:12:33,328 INFO sqlalchemy.engine.Engine ROLLBACK
2026-05-13 13:12:33,329 INFO sqlalchemy.engine.Engine BEGIN (implicit)
2026-05-13 13:12:33,329 INFO sqlalchemy.engine.Engine SELECT datasets.id, datasets.parent_id, datasets.name, datasets.comment 
FROM datasets JOIN projects ON datasets.project_id = projects.id 
WHERE projects.number = ?
2026-05-13 13:12:33,329 INFO sqlalchemy.engine.Engine [cached since 717.9s ago] (1001,)
2026-05-13 13:12:33,330 INFO sqlalchemy.engine.Engine SELECT datasets.parent_id, count(datasets.id) AS count_1 
FROM datasets 
WHERE datasets.parent_id IN (?, ?, ?, ?, ?, ?, ?, ?, ?, ?, ?, ?, ?, ?, ?, ?, ?, ?, ?, ?, ?, ?, ?, ?, ?, ?, ?, ?, ?, ?, ?, ?, ?, ?, ?, ?, ?, ?, ?, ?, ?, ?, ?, ?, ?, ?, ?, ?, ?, ?, ?, ?, ?, ?, ?, ?, ?, ?, ?, ?, ?, ?, ?) GROUP BY datasets.parent_id
2026-05-13 13:12:33,330 INFO sqlalchemy.engine.Engine [cached since 717.9s ago] (129, 130, 131, 132, 133, 137, 265, 266, 267, 141, 268, 269, 270, 17, 18, 19, 20, 145, 147, 23, 150, 151, 152, 153, 154, 155, 37, 39, 168, 169, 44, 172, 173, 47, 51, 179, 53, 54, 180, 182, 185, 186, 188, 189, 190, 199, 200, 201, 202, 203, 205, 206, 272, 220, 221, 222, 273, 224, 228, 234, 243, 245, 127)
INFO:     130.60.193.7:61325 - "GET /projects/1001/datasets/tree HTTP/1.1" 200 OK
2026-05-13 13:12:33,331 INFO sqlalchemy.engine.Engine ROLLBACK
INFO:     130.60.193.7:61305 - "GET /auth/me HTTP/1.1" 200 OK
INFO:     130.60.193.7:61305 - "GET /projects/ HTTP/1.1" 200 OK
2026-05-13 13:13:19,670 INFO sqlalchemy.engine.Engine BEGIN (implicit)
2026-05-13 13:13:19,670 INFO sqlalchemy.engine.Engine SELECT count(*) AS count_1 
FROM datasets JOIN projects ON datasets.project_id = projects.id 
WHERE projects.number = ?
2026-05-13 13:13:19,670 INFO sqlalchemy.engine.Engine [cached since 861.2s ago] (1001,)
2026-05-13 13:13:19,671 INFO sqlalchemy.engine.Engine SELECT datasets.id, datasets.project_id, datasets.parent_id, datasets.user_id, datasets.name, datasets.md5, datasets.comment, datasets.num_samples, datasets.completed_samples, datasets.sushi_app_name, datasets.job_parameters, datasets.bfabric_id, datasets.workunit_id, datasets.order_ids, datasets.created_at, datasets.updated_at 
FROM datasets JOIN projects ON datasets.project_id = projects.id 
WHERE projects.number = ? ORDER BY datasets.created_at DESC
 LIMIT ? OFFSET ?
2026-05-13 13:13:19,671 INFO sqlalchemy.engine.Engine [cached since 861.1s ago] (1001, 10, 0)
2026-05-13 13:13:19,681 INFO sqlalchemy.engine.Engine SELECT users.id, users.login, users.email 
FROM users 
WHERE users.id IN (?)
2026-05-13 13:13:19,681 INFO sqlalchemy.engine.Engine [cached since 861.1s ago] (2,)
2026-05-13 13:13:19,682 INFO sqlalchemy.engine.Engine SELECT datasets.id, datasets.parent_id 
FROM datasets 
WHERE datasets.parent_id IN (?, ?, ?, ?, ?, ?, ?, ?, ?, ?)
2026-05-13 13:13:19,682 INFO sqlalchemy.engine.Engine [cached since 861.1s ago] (273, 272, 270, 269, 268, 267, 266, 265, 245, 243)
INFO:     130.60.193.7:61344 - "GET /projects/1001/datasets?q=&page=1&per=10 HTTP/1.1" 200 OK
2026-05-13 13:13:19,684 INFO sqlalchemy.engine.Engine ROLLBACK
INFO:     130.60.193.7:61345 - "GET /auth/login_options HTTP/1.1" 200 OK
2026-05-13 13:13:19,686 INFO sqlalchemy.engine.Engine BEGIN (implicit)
2026-05-13 13:13:19,686 INFO sqlalchemy.engine.Engine SELECT datasets.id, datasets.parent_id, datasets.name, datasets.comment 
FROM datasets JOIN projects ON datasets.project_id = projects.id 
WHERE projects.number = ?
2026-05-13 13:13:19,686 INFO sqlalchemy.engine.Engine [cached since 764.2s ago] (1001,)
2026-05-13 13:13:19,687 INFO sqlalchemy.engine.Engine SELECT datasets.parent_id, count(datasets.id) AS count_1 
FROM datasets 
WHERE datasets.parent_id IN (?, ?, ?, ?, ?, ?, ?, ?, ?, ?, ?, ?, ?, ?, ?, ?, ?, ?, ?, ?, ?, ?, ?, ?, ?, ?, ?, ?, ?, ?, ?, ?, ?, ?, ?, ?, ?, ?, ?, ?, ?, ?, ?, ?, ?, ?, ?, ?, ?, ?, ?, ?, ?, ?, ?, ?, ?, ?, ?, ?, ?, ?, ?) GROUP BY datasets.parent_id
2026-05-13 13:13:19,687 INFO sqlalchemy.engine.Engine [cached since 764.2s ago] (129, 130, 131, 132, 133, 137, 265, 266, 267, 141, 268, 269, 270, 17, 18, 19, 20, 145, 147, 23, 150, 151, 152, 153, 154, 155, 37, 39, 168, 169, 44, 172, 173, 47, 51, 179, 53, 54, 180, 182, 185, 186, 188, 189, 190, 199, 200, 201, 202, 203, 205, 206, 272, 220, 221, 222, 273, 224, 228, 234, 243, 245, 127)
INFO:     130.60.193.7:61343 - "GET /projects/1001/datasets/tree HTTP/1.1" 200 OK
2026-05-13 13:13:19,688 INFO sqlalchemy.engine.Engine ROLLBACK
INFO:     130.60.193.7:61345 - "GET /auth/me HTTP/1.1" 200 OK
INFO:     130.60.193.7:61345 - "GET /projects/ HTTP/1.1" 200 OK
INFO:     130.60.193.7:61348 - "OPTIONS /datasets/222 HTTP/1.1" 200 OK
INFO:     130.60.193.7:61347 - "OPTIONS /datasets/222/tree HTTP/1.1" 200 OK
INFO:     130.60.193.7:61349 - "GET /auth/login_options HTTP/1.1" 200 OK
2026-05-13 13:13:25,778 INFO sqlalchemy.engine.Engine BEGIN (implicit)
2026-05-13 13:13:25,778 INFO sqlalchemy.engine.Engine SELECT datasets.id AS datasets_id, datasets.project_id AS datasets_project_id, datasets.parent_id AS datasets_parent_id, datasets.user_id AS datasets_user_id, datasets.name AS datasets_name, datasets.md5 AS datasets_md5, datasets.comment AS datasets_comment, datasets.num_samples AS datasets_num_samples, datasets.completed_samples AS datasets_completed_samples, datasets.sushi_app_name AS datasets_sushi_app_name, datasets.job_parameters AS datasets_job_parameters, datasets.bfabric_id AS datasets_bfabric_id, datasets.workunit_id AS datasets_workunit_id, datasets.order_ids AS datasets_order_ids, datasets.created_at AS datasets_created_at, datasets.updated_at AS datasets_updated_at 
FROM datasets 
WHERE datasets.id = ?
2026-05-13 13:13:25,778 INFO sqlalchemy.engine.Engine [cached since 864s ago] (222,)
2026-05-13 13:13:25,779 INFO sqlalchemy.engine.Engine SELECT users.id, users.login, users.email 
FROM users 
WHERE users.id IN (?)
2026-05-13 13:13:25,779 INFO sqlalchemy.engine.Engine [cached since 867.2s ago] (2,)
2026-05-13 13:13:25,779 INFO sqlalchemy.engine.Engine SELECT projects.id, projects.number, projects.created_at, projects.updated_at 
FROM projects 
WHERE projects.id = ?
2026-05-13 13:13:25,779 INFO sqlalchemy.engine.Engine [cached since 864s ago] (3,)
2026-05-13 13:13:25,779 INFO sqlalchemy.engine.Engine SELECT datasets.id 
FROM datasets 
WHERE datasets.parent_id = ?
2026-05-13 13:13:25,779 INFO sqlalchemy.engine.Engine [cached since 864s ago] (222,)
2026-05-13 13:13:25,780 INFO sqlalchemy.engine.Engine SELECT samples.id, samples.key_value, samples.data_set_id, samples.created_at, samples.updated_at 
FROM samples 
WHERE samples.data_set_id = ?
2026-05-13 13:13:25,780 INFO sqlalchemy.engine.Engine [cached since 864s ago] (222,)
2026-05-13 13:13:25,781 INFO sqlalchemy.engine.Engine SELECT samples.id, samples.key_value, samples.data_set_id, samples.created_at, samples.updated_at 
FROM samples 
WHERE samples.data_set_id = ?
2026-05-13 13:13:25,781 INFO sqlalchemy.engine.Engine [cached since 864s ago] (222,)
2026-05-13 13:13:25,782 INFO sqlalchemy.engine.Engine SELECT samples.id, samples.key_value, samples.data_set_id, samples.created_at, samples.updated_at 
FROM samples 
WHERE samples.data_set_id = ?
2026-05-13 13:13:25,782 INFO sqlalchemy.engine.Engine [cached since 864s ago] (222,)
2026-05-13 13:13:25,783 INFO sqlalchemy.engine.Engine BEGIN (implicit)
2026-05-13 13:13:25,783 INFO sqlalchemy.engine.Engine SELECT datasets.id AS datasets_id, datasets.project_id AS datasets_project_id, datasets.parent_id AS datasets_parent_id, datasets.user_id AS datasets_user_id, datasets.name AS datasets_name, datasets.md5 AS datasets_md5, datasets.comment AS datasets_comment, datasets.num_samples AS datasets_num_samples, datasets.completed_samples AS datasets_completed_samples, datasets.sushi_app_name AS datasets_sushi_app_name, datasets.job_parameters AS datasets_job_parameters, datasets.bfabric_id AS datasets_bfabric_id, datasets.workunit_id AS datasets_workunit_id, datasets.order_ids AS datasets_order_ids, datasets.created_at AS datasets_created_at, datasets.updated_at AS datasets_updated_at 
FROM datasets 
WHERE datasets.id = ?
INFO:     130.60.193.7:61349 - "GET /datasets/222 HTTP/1.1" 200 OK
2026-05-13 13:13:25,784 INFO sqlalchemy.engine.Engine [cached since 864s ago] (222,)
2026-05-13 13:13:25,784 INFO sqlalchemy.engine.Engine ROLLBACK
INFO:     130.60.193.7:61351 - "GET /auth/me HTTP/1.1" 200 OK
2026-05-13 13:13:25,786 INFO sqlalchemy.engine.Engine SELECT datasets.id, datasets.project_id, datasets.parent_id, datasets.user_id, datasets.name, datasets.md5, datasets.comment, datasets.num_samples, datasets.completed_samples, datasets.sushi_app_name, datasets.job_parameters, datasets.bfabric_id, datasets.workunit_id, datasets.order_ids, datasets.created_at, datasets.updated_at 
FROM datasets 
WHERE datasets.parent_id = ?
2026-05-13 13:13:25,786 INFO sqlalchemy.engine.Engine [cached since 863.9s ago] (222,)
2026-05-13 13:13:25,792 INFO sqlalchemy.engine.Engine SELECT datasets.id, datasets.project_id, datasets.parent_id, datasets.user_id, datasets.name, datasets.md5, datasets.comment, datasets.num_samples, datasets.completed_samples, datasets.sushi_app_name, datasets.job_parameters, datasets.bfabric_id, datasets.workunit_id, datasets.order_ids, datasets.created_at, datasets.updated_at 
FROM datasets 
WHERE datasets.parent_id = ?
2026-05-13 13:13:25,792 INFO sqlalchemy.engine.Engine [cached since 863.9s ago] (224,)
2026-05-13 13:13:25,792 INFO sqlalchemy.engine.Engine SELECT datasets.id, datasets.project_id, datasets.parent_id, datasets.user_id, datasets.name, datasets.md5, datasets.comment, datasets.num_samples, datasets.completed_samples, datasets.sushi_app_name, datasets.job_parameters, datasets.bfabric_id, datasets.workunit_id, datasets.order_ids, datasets.created_at, datasets.updated_at 
FROM datasets 
WHERE datasets.parent_id = ?
2026-05-13 13:13:25,792 INFO sqlalchemy.engine.Engine [cached since 863.9s ago] (228,)
2026-05-13 13:13:25,793 INFO sqlalchemy.engine.Engine SELECT datasets.id, datasets.project_id, datasets.parent_id, datasets.user_id, datasets.name, datasets.md5, datasets.comment, datasets.num_samples, datasets.completed_samples, datasets.sushi_app_name, datasets.job_parameters, datasets.bfabric_id, datasets.workunit_id, datasets.order_ids, datasets.created_at, datasets.updated_at 
FROM datasets 
WHERE datasets.parent_id = ?
2026-05-13 13:13:25,793 INFO sqlalchemy.engine.Engine [cached since 863.9s ago] (243,)
2026-05-13 13:13:25,793 INFO sqlalchemy.engine.Engine SELECT datasets.id, datasets.project_id, datasets.parent_id, datasets.user_id, datasets.name, datasets.md5, datasets.comment, datasets.num_samples, datasets.completed_samples, datasets.sushi_app_name, datasets.job_parameters, datasets.bfabric_id, datasets.workunit_id, datasets.order_ids, datasets.created_at, datasets.updated_at 
FROM datasets 
WHERE datasets.parent_id = ?
2026-05-13 13:13:25,793 INFO sqlalchemy.engine.Engine [cached since 863.9s ago] (245,)
INFO:     130.60.193.7:61350 - "GET /datasets/222/tree HTTP/1.1" 200 OK
2026-05-13 13:13:25,794 INFO sqlalchemy.engine.Engine ROLLBACK
INFO:     130.60.193.7:61351 - "GET /projects/ HTTP/1.1" 200 OK
2026-05-13 13:13:45,704 INFO sqlalchemy.engine.Engine BEGIN (implicit)
2026-05-13 13:13:45,704 INFO sqlalchemy.engine.Engine SELECT count(*) AS count_1 
FROM datasets JOIN projects ON datasets.project_id = projects.id 
WHERE projects.number = ?
2026-05-13 13:13:45,704 INFO sqlalchemy.engine.Engine [cached since 887.2s ago] (1001,)
2026-05-13 13:13:45,704 INFO sqlalchemy.engine.Engine SELECT datasets.id, datasets.project_id, datasets.parent_id, datasets.user_id, datasets.name, datasets.md5, datasets.comment, datasets.num_samples, datasets.completed_samples, datasets.sushi_app_name, datasets.job_parameters, datasets.bfabric_id, datasets.workunit_id, datasets.order_ids, datasets.created_at, datasets.updated_at 
FROM datasets JOIN projects ON datasets.project_id = projects.id 
WHERE projects.number = ? ORDER BY datasets.created_at DESC
 LIMIT ? OFFSET ?
2026-05-13 13:13:45,705 INFO sqlalchemy.engine.Engine [cached since 887.2s ago] (1001, 10, 0)
2026-05-13 13:13:45,716 INFO sqlalchemy.engine.Engine SELECT users.id, users.login, users.email 
FROM users 
WHERE users.id IN (?)
2026-05-13 13:13:45,716 INFO sqlalchemy.engine.Engine [cached since 887.2s ago] (2,)
2026-05-13 13:13:45,717 INFO sqlalchemy.engine.Engine SELECT datasets.id, datasets.parent_id 
FROM datasets 
WHERE datasets.parent_id IN (?, ?, ?, ?, ?, ?, ?, ?, ?, ?)
2026-05-13 13:13:45,717 INFO sqlalchemy.engine.Engine [cached since 887.2s ago] (273, 272, 270, 269, 268, 267, 266, 265, 245, 243)
INFO:     130.60.193.7:61352 - "GET /projects/1001/datasets?q=&page=1&per=10 HTTP/1.1" 200 OK
2026-05-13 13:13:45,719 INFO sqlalchemy.engine.Engine ROLLBACK
INFO:     130.60.193.7:61364 - "GET /auth/login_options HTTP/1.1" 200 OK
2026-05-13 13:13:45,728 INFO sqlalchemy.engine.Engine BEGIN (implicit)
2026-05-13 13:13:45,728 INFO sqlalchemy.engine.Engine SELECT datasets.id, datasets.parent_id, datasets.name, datasets.comment 
FROM datasets JOIN projects ON datasets.project_id = projects.id 
WHERE projects.number = ?
2026-05-13 13:13:45,728 INFO sqlalchemy.engine.Engine [cached since 790.3s ago] (1001,)
2026-05-13 13:13:45,729 INFO sqlalchemy.engine.Engine SELECT datasets.parent_id, count(datasets.id) AS count_1 
FROM datasets 
WHERE datasets.parent_id IN (?, ?, ?, ?, ?, ?, ?, ?, ?, ?, ?, ?, ?, ?, ?, ?, ?, ?, ?, ?, ?, ?, ?, ?, ?, ?, ?, ?, ?, ?, ?, ?, ?, ?, ?, ?, ?, ?, ?, ?, ?, ?, ?, ?, ?, ?, ?, ?, ?, ?, ?, ?, ?, ?, ?, ?, ?, ?, ?, ?, ?, ?, ?) GROUP BY datasets.parent_id
2026-05-13 13:13:45,729 INFO sqlalchemy.engine.Engine [cached since 790.3s ago] (129, 130, 131, 132, 133, 137, 265, 266, 267, 141, 268, 269, 270, 17, 18, 19, 20, 145, 147, 23, 150, 151, 152, 153, 154, 155, 37, 39, 168, 169, 44, 172, 173, 47, 51, 179, 53, 54, 180, 182, 185, 186, 188, 189, 190, 199, 200, 201, 202, 203, 205, 206, 272, 220, 221, 222, 273, 224, 228, 234, 243, 245, 127)
INFO:     130.60.193.7:61365 - "GET /projects/1001/datasets/tree HTTP/1.1" 200 OK
2026-05-13 13:13:45,730 INFO sqlalchemy.engine.Engine ROLLBACK
INFO:     130.60.193.7:61364 - "GET /auth/me HTTP/1.1" 200 OK
INFO:     130.60.193.7:61364 - "GET /projects/ HTTP/1.1" 200 OK
2026-05-13 13:14:31,043 INFO sqlalchemy.engine.Engine BEGIN (implicit)
2026-05-13 13:14:31,043 INFO sqlalchemy.engine.Engine SELECT count(*) AS count_1 
FROM datasets JOIN projects ON datasets.project_id = projects.id 
WHERE projects.number = ?
2026-05-13 13:14:31,043 INFO sqlalchemy.engine.Engine [cached since 932.6s ago] (1001,)
2026-05-13 13:14:31,044 INFO sqlalchemy.engine.Engine SELECT datasets.id, datasets.project_id, datasets.parent_id, datasets.user_id, datasets.name, datasets.md5, datasets.comment, datasets.num_samples, datasets.completed_samples, datasets.sushi_app_name, datasets.job_parameters, datasets.bfabric_id, datasets.workunit_id, datasets.order_ids, datasets.created_at, datasets.updated_at 
FROM datasets JOIN projects ON datasets.project_id = projects.id 
WHERE projects.number = ? ORDER BY datasets.created_at DESC
 LIMIT ? OFFSET ?
2026-05-13 13:14:31,044 INFO sqlalchemy.engine.Engine [cached since 932.5s ago] (1001, 10, 0)
2026-05-13 13:14:31,056 INFO sqlalchemy.engine.Engine SELECT users.id, users.login, users.email 
FROM users 
WHERE users.id IN (?)
INFO:     130.60.193.7:61388 - "GET /auth/login_options HTTP/1.1" 200 OK
2026-05-13 13:14:31,056 INFO sqlalchemy.engine.Engine [cached since 932.5s ago] (2,)
2026-05-13 13:14:31,057 INFO sqlalchemy.engine.Engine SELECT datasets.id, datasets.parent_id 
FROM datasets 
WHERE datasets.parent_id IN (?, ?, ?, ?, ?, ?, ?, ?, ?, ?)
2026-05-13 13:14:31,057 INFO sqlalchemy.engine.Engine [cached since 932.5s ago] (273, 272, 270, 269, 268, 267, 266, 265, 245, 243)
2026-05-13 13:14:31,058 INFO sqlalchemy.engine.Engine BEGIN (implicit)
2026-05-13 13:14:31,058 INFO sqlalchemy.engine.Engine SELECT datasets.id, datasets.parent_id, datasets.name, datasets.comment 
FROM datasets JOIN projects ON datasets.project_id = projects.id 
WHERE projects.number = ?
2026-05-13 13:14:31,059 INFO sqlalchemy.engine.Engine [cached since 835.6s ago] (1001,)
INFO:     130.60.193.7:61386 - "GET /projects/1001/datasets?q=&page=1&per=10 HTTP/1.1" 200 OK
2026-05-13 13:14:31,059 INFO sqlalchemy.engine.Engine ROLLBACK
2026-05-13 13:14:31,060 INFO sqlalchemy.engine.Engine SELECT datasets.parent_id, count(datasets.id) AS count_1 
FROM datasets 
WHERE datasets.parent_id IN (?, ?, ?, ?, ?, ?, ?, ?, ?, ?, ?, ?, ?, ?, ?, ?, ?, ?, ?, ?, ?, ?, ?, ?, ?, ?, ?, ?, ?, ?, ?, ?, ?, ?, ?, ?, ?, ?, ?, ?, ?, ?, ?, ?, ?, ?, ?, ?, ?, ?, ?, ?, ?, ?, ?, ?, ?, ?, ?, ?, ?, ?, ?) GROUP BY datasets.parent_id
2026-05-13 13:14:31,060 INFO sqlalchemy.engine.Engine [cached since 835.6s ago] (129, 130, 131, 132, 133, 137, 265, 266, 267, 141, 268, 269, 270, 17, 18, 19, 20, 145, 147, 23, 150, 151, 152, 153, 154, 155, 37, 39, 168, 169, 44, 172, 173, 47, 51, 179, 53, 54, 180, 182, 185, 186, 188, 189, 190, 199, 200, 201, 202, 203, 205, 206, 272, 220, 221, 222, 273, 224, 228, 234, 243, 245, 127)
INFO:     130.60.193.7:61387 - "GET /projects/1001/datasets/tree HTTP/1.1" 200 OK
2026-05-13 13:14:31,061 INFO sqlalchemy.engine.Engine ROLLBACK
INFO:     130.60.193.7:61388 - "GET /auth/me HTTP/1.1" 200 OK
INFO:     130.60.193.7:61388 - "GET /projects/ HTTP/1.1" 200 OK
2026-05-13 13:15:48,641 INFO sqlalchemy.engine.Engine BEGIN (implicit)
2026-05-13 13:15:48,641 INFO sqlalchemy.engine.Engine SELECT count(*) AS count_1 
FROM datasets JOIN projects ON datasets.project_id = projects.id 
WHERE projects.number = ?
2026-05-13 13:15:48,641 INFO sqlalchemy.engine.Engine [cached since 1010s ago] (1001,)
2026-05-13 13:15:48,642 INFO sqlalchemy.engine.Engine SELECT datasets.id, datasets.project_id, datasets.parent_id, datasets.user_id, datasets.name, datasets.md5, datasets.comment, datasets.num_samples, datasets.completed_samples, datasets.sushi_app_name, datasets.job_parameters, datasets.bfabric_id, datasets.workunit_id, datasets.order_ids, datasets.created_at, datasets.updated_at 
FROM datasets JOIN projects ON datasets.project_id = projects.id 
WHERE projects.number = ? ORDER BY datasets.created_at DESC
 LIMIT ? OFFSET ?
2026-05-13 13:15:48,642 INFO sqlalchemy.engine.Engine [cached since 1010s ago] (1001, 10, 0)
2026-05-13 13:15:48,644 INFO sqlalchemy.engine.Engine BEGIN (implicit)
2026-05-13 13:15:48,644 INFO sqlalchemy.engine.Engine SELECT datasets.id, datasets.parent_id, datasets.name, datasets.comment 
FROM datasets JOIN projects ON datasets.project_id = projects.id 
WHERE projects.number = ?
2026-05-13 13:15:48,650 INFO sqlalchemy.engine.Engine [cached since 913.2s ago] (1001,)
2026-05-13 13:15:48,656 INFO sqlalchemy.engine.Engine SELECT users.id, users.login, users.email 
FROM users 
WHERE users.id IN (?)
INFO:     130.60.193.7:61413 - "GET /auth/login_options HTTP/1.1" 200 OK
2026-05-13 13:15:48,657 INFO sqlalchemy.engine.Engine [cached since 1010s ago] (2,)
2026-05-13 13:15:48,657 INFO sqlalchemy.engine.Engine SELECT datasets.parent_id, count(datasets.id) AS count_1 
FROM datasets 
WHERE datasets.parent_id IN (?, ?, ?, ?, ?, ?, ?, ?, ?, ?, ?, ?, ?, ?, ?, ?, ?, ?, ?, ?, ?, ?, ?, ?, ?, ?, ?, ?, ?, ?, ?, ?, ?, ?, ?, ?, ?, ?, ?, ?, ?, ?, ?, ?, ?, ?, ?, ?, ?, ?, ?, ?, ?, ?, ?, ?, ?, ?, ?, ?, ?, ?, ?) GROUP BY datasets.parent_id
2026-05-13 13:15:48,657 INFO sqlalchemy.engine.Engine SELECT datasets.id, datasets.parent_id 
FROM datasets 
WHERE datasets.parent_id IN (?, ?, ?, ?, ?, ?, ?, ?, ?, ?)
2026-05-13 13:15:48,657 INFO sqlalchemy.engine.Engine [cached since 913.2s ago] (129, 130, 131, 132, 133, 137, 265, 266, 267, 141, 268, 269, 270, 17, 18, 19, 20, 145, 147, 23, 150, 151, 152, 153, 154, 155, 37, 39, 168, 169, 44, 172, 173, 47, 51, 179, 53, 54, 180, 182, 185, 186, 188, 189, 190, 199, 200, 201, 202, 203, 205, 206, 272, 220, 221, 222, 273, 224, 228, 234, 243, 245, 127)
2026-05-13 13:15:48,658 INFO sqlalchemy.engine.Engine [cached since 1010s ago] (273, 272, 270, 269, 268, 267, 266, 265, 245, 243)
INFO:     130.60.193.7:61411 - "GET /projects/1001/datasets?q=&page=1&per=10 HTTP/1.1" 200 OK
2026-05-13 13:15:48,659 INFO sqlalchemy.engine.Engine ROLLBACK
INFO:     130.60.193.7:61412 - "GET /projects/1001/datasets/tree HTTP/1.1" 200 OK
2026-05-13 13:15:48,659 INFO sqlalchemy.engine.Engine ROLLBACK
INFO:     130.60.193.7:61413 - "GET /auth/me HTTP/1.1" 200 OK
INFO:     130.60.193.7:61413 - "GET /projects/ HTTP/1.1" 200 OK
2026-05-13 13:16:20,766 INFO sqlalchemy.engine.Engine BEGIN (implicit)
2026-05-13 13:16:20,766 INFO sqlalchemy.engine.Engine SELECT count(*) AS count_1 
FROM datasets JOIN projects ON datasets.project_id = projects.id 
WHERE projects.number = ?
2026-05-13 13:16:20,766 INFO sqlalchemy.engine.Engine [cached since 1042s ago] (1001,)
2026-05-13 13:16:20,766 INFO sqlalchemy.engine.Engine SELECT datasets.id, datasets.project_id, datasets.parent_id, datasets.user_id, datasets.name, datasets.md5, datasets.comment, datasets.num_samples, datasets.completed_samples, datasets.sushi_app_name, datasets.job_parameters, datasets.bfabric_id, datasets.workunit_id, datasets.order_ids, datasets.created_at, datasets.updated_at 
FROM datasets JOIN projects ON datasets.project_id = projects.id 
WHERE projects.number = ? ORDER BY datasets.created_at DESC
 LIMIT ? OFFSET ?
2026-05-13 13:16:20,767 INFO sqlalchemy.engine.Engine [cached since 1042s ago] (1001, 10, 0)
2026-05-13 13:16:20,779 INFO sqlalchemy.engine.Engine SELECT users.id, users.login, users.email 
FROM users 
WHERE users.id IN (?)
2026-05-13 13:16:20,779 INFO sqlalchemy.engine.Engine [cached since 1042s ago] (2,)
2026-05-13 13:16:20,780 INFO sqlalchemy.engine.Engine SELECT datasets.id, datasets.parent_id 
FROM datasets 
WHERE datasets.parent_id IN (?, ?, ?, ?, ?, ?, ?, ?, ?, ?)
2026-05-13 13:16:20,780 INFO sqlalchemy.engine.Engine [cached since 1042s ago] (273, 272, 270, 269, 268, 267, 266, 265, 245, 243)
INFO:     130.60.193.7:61430 - "GET /auth/login_options HTTP/1.1" 200 OK
INFO:     130.60.193.7:61428 - "GET /projects/1001/datasets?q=&page=1&per=10 HTTP/1.1" 200 OK
2026-05-13 13:16:20,783 INFO sqlalchemy.engine.Engine BEGIN (implicit)
2026-05-13 13:16:20,783 INFO sqlalchemy.engine.Engine ROLLBACK
2026-05-13 13:16:20,784 INFO sqlalchemy.engine.Engine SELECT datasets.id, datasets.parent_id, datasets.name, datasets.comment 
FROM datasets JOIN projects ON datasets.project_id = projects.id 
WHERE projects.number = ?
2026-05-13 13:16:20,784 INFO sqlalchemy.engine.Engine [cached since 945.3s ago] (1001,)
2026-05-13 13:16:20,785 INFO sqlalchemy.engine.Engine SELECT datasets.parent_id, count(datasets.id) AS count_1 
FROM datasets 
WHERE datasets.parent_id IN (?, ?, ?, ?, ?, ?, ?, ?, ?, ?, ?, ?, ?, ?, ?, ?, ?, ?, ?, ?, ?, ?, ?, ?, ?, ?, ?, ?, ?, ?, ?, ?, ?, ?, ?, ?, ?, ?, ?, ?, ?, ?, ?, ?, ?, ?, ?, ?, ?, ?, ?, ?, ?, ?, ?, ?, ?, ?, ?, ?, ?, ?, ?) GROUP BY datasets.parent_id
2026-05-13 13:16:20,785 INFO sqlalchemy.engine.Engine [cached since 945.3s ago] (129, 130, 131, 132, 133, 137, 265, 266, 267, 141, 268, 269, 270, 17, 18, 19, 20, 145, 147, 23, 150, 151, 152, 153, 154, 155, 37, 39, 168, 169, 44, 172, 173, 47, 51, 179, 53, 54, 180, 182, 185, 186, 188, 189, 190, 199, 200, 201, 202, 203, 205, 206, 272, 220, 221, 222, 273, 224, 228, 234, 243, 245, 127)
INFO:     130.60.193.7:61429 - "GET /projects/1001/datasets/tree HTTP/1.1" 200 OK
2026-05-13 13:16:20,786 INFO sqlalchemy.engine.Engine ROLLBACK
INFO:     130.60.193.7:61430 - "GET /auth/me HTTP/1.1" 200 OK
INFO:     130.60.193.7:61429 - "GET /projects/ HTTP/1.1" 200 OK
2026-05-13 13:17:29,441 INFO sqlalchemy.engine.Engine BEGIN (implicit)
2026-05-13 13:17:29,441 INFO sqlalchemy.engine.Engine SELECT count(*) AS count_1 
FROM datasets JOIN projects ON datasets.project_id = projects.id 
WHERE projects.number = ?
2026-05-13 13:17:29,441 INFO sqlalchemy.engine.Engine [cached since 1111s ago] (1001,)
2026-05-13 13:17:29,442 INFO sqlalchemy.engine.Engine SELECT datasets.id, datasets.project_id, datasets.parent_id, datasets.user_id, datasets.name, datasets.md5, datasets.comment, datasets.num_samples, datasets.completed_samples, datasets.sushi_app_name, datasets.job_parameters, datasets.bfabric_id, datasets.workunit_id, datasets.order_ids, datasets.created_at, datasets.updated_at 
FROM datasets JOIN projects ON datasets.project_id = projects.id 
WHERE projects.number = ? ORDER BY datasets.created_at DESC
 LIMIT ? OFFSET ?
2026-05-13 13:17:29,442 INFO sqlalchemy.engine.Engine [cached since 1111s ago] (1001, 10, 0)
INFO:     130.60.193.7:61456 - "GET /auth/login_options HTTP/1.1" 200 OK
2026-05-13 13:17:29,454 INFO sqlalchemy.engine.Engine SELECT users.id, users.login, users.email 
FROM users 
WHERE users.id IN (?)
2026-05-13 13:17:29,455 INFO sqlalchemy.engine.Engine [cached since 1111s ago] (2,)
2026-05-13 13:17:29,455 INFO sqlalchemy.engine.Engine BEGIN (implicit)
2026-05-13 13:17:29,456 INFO sqlalchemy.engine.Engine SELECT datasets.id, datasets.parent_id 
FROM datasets 
WHERE datasets.parent_id IN (?, ?, ?, ?, ?, ?, ?, ?, ?, ?)
2026-05-13 13:17:29,456 INFO sqlalchemy.engine.Engine SELECT datasets.id, datasets.parent_id, datasets.name, datasets.comment 
FROM datasets JOIN projects ON datasets.project_id = projects.id 
WHERE projects.number = ?
2026-05-13 13:17:29,456 INFO sqlalchemy.engine.Engine [cached since 1111s ago] (273, 272, 270, 269, 268, 267, 266, 265, 245, 243)
2026-05-13 13:17:29,456 INFO sqlalchemy.engine.Engine [cached since 1014s ago] (1001,)
INFO:     130.60.193.7:61454 - "GET /projects/1001/datasets?q=&page=1&per=10 HTTP/1.1" 200 OK
2026-05-13 13:17:29,457 INFO sqlalchemy.engine.Engine ROLLBACK
2026-05-13 13:17:29,458 INFO sqlalchemy.engine.Engine SELECT datasets.parent_id, count(datasets.id) AS count_1 
FROM datasets 
WHERE datasets.parent_id IN (?, ?, ?, ?, ?, ?, ?, ?, ?, ?, ?, ?, ?, ?, ?, ?, ?, ?, ?, ?, ?, ?, ?, ?, ?, ?, ?, ?, ?, ?, ?, ?, ?, ?, ?, ?, ?, ?, ?, ?, ?, ?, ?, ?, ?, ?, ?, ?, ?, ?, ?, ?, ?, ?, ?, ?, ?, ?, ?, ?, ?, ?, ?) GROUP BY datasets.parent_id
2026-05-13 13:17:29,458 INFO sqlalchemy.engine.Engine [cached since 1014s ago] (129, 130, 131, 132, 133, 137, 265, 266, 267, 141, 268, 269, 270, 17, 18, 19, 20, 145, 147, 23, 150, 151, 152, 153, 154, 155, 37, 39, 168, 169, 44, 172, 173, 47, 51, 179, 53, 54, 180, 182, 185, 186, 188, 189, 190, 199, 200, 201, 202, 203, 205, 206, 272, 220, 221, 222, 273, 224, 228, 234, 243, 245, 127)
INFO:     130.60.193.7:61455 - "GET /projects/1001/datasets/tree HTTP/1.1" 200 OK
2026-05-13 13:17:29,459 INFO sqlalchemy.engine.Engine ROLLBACK
INFO:     130.60.193.7:61456 - "GET /auth/me HTTP/1.1" 200 OK
INFO:     130.60.193.7:61456 - "GET /projects/ HTTP/1.1" 200 OK
2026-05-13 13:18:50,589 INFO sqlalchemy.engine.Engine BEGIN (implicit)
2026-05-13 13:18:50,589 INFO sqlalchemy.engine.Engine SELECT count(*) AS count_1 
FROM datasets JOIN projects ON datasets.project_id = projects.id 
WHERE projects.number = ?
2026-05-13 13:18:50,589 INFO sqlalchemy.engine.Engine [cached since 1192s ago] (1001,)
2026-05-13 13:18:50,590 INFO sqlalchemy.engine.Engine SELECT datasets.id, datasets.project_id, datasets.parent_id, datasets.user_id, datasets.name, datasets.md5, datasets.comment, datasets.num_samples, datasets.completed_samples, datasets.sushi_app_name, datasets.job_parameters, datasets.bfabric_id, datasets.workunit_id, datasets.order_ids, datasets.created_at, datasets.updated_at 
FROM datasets JOIN projects ON datasets.project_id = projects.id 
WHERE projects.number = ? ORDER BY datasets.created_at DESC
 LIMIT ? OFFSET ?
2026-05-13 13:18:50,590 INFO sqlalchemy.engine.Engine [cached since 1192s ago] (1001, 10, 0)
2026-05-13 13:18:50,600 INFO sqlalchemy.engine.Engine SELECT users.id, users.login, users.email 
FROM users 
WHERE users.id IN (?)
2026-05-13 13:18:50,601 INFO sqlalchemy.engine.Engine [cached since 1192s ago] (2,)
INFO:     130.60.193.7:61482 - "GET /auth/login_options HTTP/1.1" 200 OK
2026-05-13 13:18:50,603 INFO sqlalchemy.engine.Engine SELECT datasets.id, datasets.parent_id 
FROM datasets 
WHERE datasets.parent_id IN (?, ?, ?, ?, ?, ?, ?, ?, ?, ?)
2026-05-13 13:18:50,603 INFO sqlalchemy.engine.Engine [cached since 1192s ago] (273, 272, 270, 269, 268, 267, 266, 265, 245, 243)
2026-05-13 13:18:50,604 INFO sqlalchemy.engine.Engine BEGIN (implicit)
2026-05-13 13:18:50,604 INFO sqlalchemy.engine.Engine SELECT datasets.id, datasets.parent_id, datasets.name, datasets.comment 
FROM datasets JOIN projects ON datasets.project_id = projects.id 
WHERE projects.number = ?
INFO:     130.60.193.7:61480 - "GET /projects/1001/datasets?q=&page=1&per=10 HTTP/1.1" 200 OK
2026-05-13 13:18:50,604 INFO sqlalchemy.engine.Engine [cached since 1095s ago] (1001,)
2026-05-13 13:18:50,605 INFO sqlalchemy.engine.Engine SELECT datasets.parent_id, count(datasets.id) AS count_1 
FROM datasets 
WHERE datasets.parent_id IN (?, ?, ?, ?, ?, ?, ?, ?, ?, ?, ?, ?, ?, ?, ?, ?, ?, ?, ?, ?, ?, ?, ?, ?, ?, ?, ?, ?, ?, ?, ?, ?, ?, ?, ?, ?, ?, ?, ?, ?, ?, ?, ?, ?, ?, ?, ?, ?, ?, ?, ?, ?, ?, ?, ?, ?, ?, ?, ?, ?, ?, ?, ?) GROUP BY datasets.parent_id
2026-05-13 13:18:50,605 INFO sqlalchemy.engine.Engine [cached since 1095s ago] (129, 130, 131, 132, 133, 137, 265, 266, 267, 141, 268, 269, 270, 17, 18, 19, 20, 145, 147, 23, 150, 151, 152, 153, 154, 155, 37, 39, 168, 169, 44, 172, 173, 47, 51, 179, 53, 54, 180, 182, 185, 186, 188, 189, 190, 199, 200, 201, 202, 203, 205, 206, 272, 220, 221, 222, 273, 224, 228, 234, 243, 245, 127)
2026-05-13 13:18:50,605 INFO sqlalchemy.engine.Engine ROLLBACK
INFO:     130.60.193.7:61481 - "GET /projects/1001/datasets/tree HTTP/1.1" 200 OK
2026-05-13 13:18:50,606 INFO sqlalchemy.engine.Engine ROLLBACK
INFO:     130.60.193.7:61482 - "GET /auth/me HTTP/1.1" 200 OK
INFO:     130.60.193.7:61482 - "GET /projects/ HTTP/1.1" 200 OK
2026-05-13 13:19:57,442 INFO sqlalchemy.engine.Engine BEGIN (implicit)
2026-05-13 13:19:57,442 INFO sqlalchemy.engine.Engine SELECT datasets.id, datasets.parent_id, datasets.name, datasets.comment 
FROM datasets JOIN projects ON datasets.project_id = projects.id 
WHERE projects.number = ?
2026-05-13 13:19:57,442 INFO sqlalchemy.engine.Engine [cached since 1162s ago] (1001,)
2026-05-13 13:19:57,443 INFO sqlalchemy.engine.Engine SELECT datasets.parent_id, count(datasets.id) AS count_1 
FROM datasets 
WHERE datasets.parent_id IN (?, ?, ?, ?, ?, ?, ?, ?, ?, ?, ?, ?, ?, ?, ?, ?, ?, ?, ?, ?, ?, ?, ?, ?, ?, ?, ?, ?, ?, ?, ?, ?, ?, ?, ?, ?, ?, ?, ?, ?, ?, ?, ?, ?, ?, ?, ?, ?, ?, ?, ?, ?, ?, ?, ?, ?, ?, ?, ?, ?, ?, ?, ?) GROUP BY datasets.parent_id
2026-05-13 13:19:57,443 INFO sqlalchemy.engine.Engine [cached since 1162s ago] (129, 130, 131, 132, 133, 137, 265, 266, 267, 141, 268, 269, 270, 17, 18, 19, 20, 145, 147, 23, 150, 151, 152, 153, 154, 155, 37, 39, 168, 169, 44, 172, 173, 47, 51, 179, 53, 54, 180, 182, 185, 186, 188, 189, 190, 199, 200, 201, 202, 203, 205, 206, 272, 220, 221, 222, 273, 224, 228, 234, 243, 245, 127)
INFO:     130.60.193.7:61503 - "GET /projects/1001/datasets/tree HTTP/1.1" 200 OK
INFO:     130.60.193.7:61502 - "OPTIONS /projects/1001/datasets?q=&page=1&per=10 HTTP/1.1" 200 OK
2026-05-13 13:19:57,444 INFO sqlalchemy.engine.Engine ROLLBACK
INFO:     130.60.193.7:61504 - "OPTIONS /auth/login_options HTTP/1.1" 200 OK
2026-05-13 13:19:57,454 INFO sqlalchemy.engine.Engine BEGIN (implicit)
2026-05-13 13:19:57,454 INFO sqlalchemy.engine.Engine SELECT count(*) AS count_1 
FROM datasets JOIN projects ON datasets.project_id = projects.id 
WHERE projects.number = ?
2026-05-13 13:19:57,454 INFO sqlalchemy.engine.Engine [cached since 1259s ago] (1001,)
2026-05-13 13:19:57,454 INFO sqlalchemy.engine.Engine SELECT datasets.id, datasets.project_id, datasets.parent_id, datasets.user_id, datasets.name, datasets.md5, datasets.comment, datasets.num_samples, datasets.completed_samples, datasets.sushi_app_name, datasets.job_parameters, datasets.bfabric_id, datasets.workunit_id, datasets.order_ids, datasets.created_at, datasets.updated_at 
FROM datasets JOIN projects ON datasets.project_id = projects.id 
WHERE projects.number = ? ORDER BY datasets.created_at DESC
 LIMIT ? OFFSET ?
2026-05-13 13:19:57,454 INFO sqlalchemy.engine.Engine [cached since 1259s ago] (1001, 10, 0)
2026-05-13 13:19:57,465 INFO sqlalchemy.engine.Engine SELECT users.id, users.login, users.email 
FROM users 
WHERE users.id IN (?)
2026-05-13 13:19:57,465 INFO sqlalchemy.engine.Engine [cached since 1259s ago] (2,)
2026-05-13 13:19:57,465 INFO sqlalchemy.engine.Engine SELECT datasets.id, datasets.parent_id 
FROM datasets 
WHERE datasets.parent_id IN (?, ?, ?, ?, ?, ?, ?, ?, ?, ?)
2026-05-13 13:19:57,465 INFO sqlalchemy.engine.Engine [cached since 1259s ago] (273, 272, 270, 269, 268, 267, 266, 265, 245, 243)
INFO:     130.60.193.7:61503 - "GET /projects/1001/datasets?q=&page=1&per=10 HTTP/1.1" 200 OK
2026-05-13 13:19:57,466 INFO sqlalchemy.engine.Engine ROLLBACK
INFO:     130.60.193.7:61505 - "GET /auth/login_options HTTP/1.1" 200 OK
INFO:     130.60.193.7:61504 - "OPTIONS /auth/me HTTP/1.1" 200 OK
INFO:     130.60.193.7:61505 - "GET /auth/me HTTP/1.1" 200 OK
INFO:     130.60.193.7:61504 - "OPTIONS /projects/ HTTP/1.1" 200 OK
INFO:     130.60.193.7:61505 - "GET /projects/ HTTP/1.1" 200 OK
2026-05-13 13:21:26,687 INFO sqlalchemy.engine.Engine BEGIN (implicit)
2026-05-13 13:21:26,688 INFO sqlalchemy.engine.Engine SELECT datasets.id, datasets.parent_id, datasets.name, datasets.comment 
FROM datasets JOIN projects ON datasets.project_id = projects.id 
WHERE projects.number = ?
2026-05-13 13:21:26,688 INFO sqlalchemy.engine.Engine [cached since 1251s ago] (1001,)
INFO:     130.60.193.7:61699 - "GET /auth/login_options HTTP/1.1" 200 OK
2026-05-13 13:21:26,689 INFO sqlalchemy.engine.Engine SELECT datasets.parent_id, count(datasets.id) AS count_1 
FROM datasets 
WHERE datasets.parent_id IN (?, ?, ?, ?, ?, ?, ?, ?, ?, ?, ?, ?, ?, ?, ?, ?, ?, ?, ?, ?, ?, ?, ?, ?, ?, ?, ?, ?, ?, ?, ?, ?, ?, ?, ?, ?, ?, ?, ?, ?, ?, ?, ?, ?, ?, ?, ?, ?, ?, ?, ?, ?, ?, ?, ?, ?, ?, ?, ?, ?, ?, ?, ?) GROUP BY datasets.parent_id
2026-05-13 13:21:26,690 INFO sqlalchemy.engine.Engine [cached since 1251s ago] (129, 130, 131, 132, 133, 137, 265, 266, 267, 141, 268, 269, 270, 17, 18, 19, 20, 145, 147, 23, 150, 151, 152, 153, 154, 155, 37, 39, 168, 169, 44, 172, 173, 47, 51, 179, 53, 54, 180, 182, 185, 186, 188, 189, 190, 199, 200, 201, 202, 203, 205, 206, 272, 220, 221, 222, 273, 224, 228, 234, 243, 245, 127)
INFO:     130.60.193.7:61700 - "GET /projects/1001/datasets/tree HTTP/1.1" 200 OK
2026-05-13 13:21:26,691 INFO sqlalchemy.engine.Engine ROLLBACK
2026-05-13 13:21:26,691 INFO sqlalchemy.engine.Engine BEGIN (implicit)
2026-05-13 13:21:26,692 INFO sqlalchemy.engine.Engine SELECT count(*) AS count_1 
FROM datasets JOIN projects ON datasets.project_id = projects.id 
WHERE projects.number = ?
2026-05-13 13:21:26,692 INFO sqlalchemy.engine.Engine [cached since 1348s ago] (1001,)
2026-05-13 13:21:26,692 INFO sqlalchemy.engine.Engine SELECT datasets.id, datasets.project_id, datasets.parent_id, datasets.user_id, datasets.name, datasets.md5, datasets.comment, datasets.num_samples, datasets.completed_samples, datasets.sushi_app_name, datasets.job_parameters, datasets.bfabric_id, datasets.workunit_id, datasets.order_ids, datasets.created_at, datasets.updated_at 
FROM datasets JOIN projects ON datasets.project_id = projects.id 
WHERE projects.number = ? ORDER BY datasets.created_at DESC
 LIMIT ? OFFSET ?
2026-05-13 13:21:26,692 INFO sqlalchemy.engine.Engine [cached since 1348s ago] (1001, 10, 0)
2026-05-13 13:21:26,709 INFO sqlalchemy.engine.Engine SELECT users.id, users.login, users.email 
FROM users 
WHERE users.id IN (?)
2026-05-13 13:21:26,710 INFO sqlalchemy.engine.Engine [cached since 1348s ago] (2,)
INFO:     130.60.193.7:61700 - "GET /auth/me HTTP/1.1" 200 OK
2026-05-13 13:21:26,714 INFO sqlalchemy.engine.Engine SELECT datasets.id, datasets.parent_id 
FROM datasets 
WHERE datasets.parent_id IN (?, ?, ?, ?, ?, ?, ?, ?, ?, ?)
2026-05-13 13:21:26,714 INFO sqlalchemy.engine.Engine [cached since 1348s ago] (273, 272, 270, 269, 268, 267, 266, 265, 245, 243)
INFO:     130.60.193.7:61698 - "GET /projects/1001/datasets?q=&page=1&per=10 HTTP/1.1" 200 OK
2026-05-13 13:21:26,715 INFO sqlalchemy.engine.Engine ROLLBACK
INFO:     130.60.193.7:61698 - "GET /projects/ HTTP/1.1" 200 OK
INFO:     130.60.193.7:61803 - "OPTIONS /projects/1001/datasets/tree HTTP/1.1" 200 OK
INFO:     130.60.193.7:61802 - "GET /auth/login_options HTTP/1.1" 200 OK
2026-05-13 13:22:23,791 INFO sqlalchemy.engine.Engine BEGIN (implicit)
2026-05-13 13:22:23,791 INFO sqlalchemy.engine.Engine SELECT count(*) AS count_1 
FROM datasets JOIN projects ON datasets.project_id = projects.id 
WHERE projects.number = ?
2026-05-13 13:22:23,791 INFO sqlalchemy.engine.Engine [cached since 1405s ago] (1001,)
2026-05-13 13:22:23,791 INFO sqlalchemy.engine.Engine SELECT datasets.id, datasets.project_id, datasets.parent_id, datasets.user_id, datasets.name, datasets.md5, datasets.comment, datasets.num_samples, datasets.completed_samples, datasets.sushi_app_name, datasets.job_parameters, datasets.bfabric_id, datasets.workunit_id, datasets.order_ids, datasets.created_at, datasets.updated_at 
FROM datasets JOIN projects ON datasets.project_id = projects.id 
WHERE projects.number = ? ORDER BY datasets.created_at DESC
 LIMIT ? OFFSET ?
2026-05-13 13:22:23,792 INFO sqlalchemy.engine.Engine [cached since 1405s ago] (1001, 10, 0)
2026-05-13 13:22:23,802 INFO sqlalchemy.engine.Engine SELECT users.id, users.login, users.email 
FROM users 
WHERE users.id IN (?)
2026-05-13 13:22:23,802 INFO sqlalchemy.engine.Engine [cached since 1405s ago] (2,)
2026-05-13 13:22:23,802 INFO sqlalchemy.engine.Engine SELECT datasets.id, datasets.parent_id 
FROM datasets 
WHERE datasets.parent_id IN (?, ?, ?, ?, ?, ?, ?, ?, ?, ?)
2026-05-13 13:22:23,802 INFO sqlalchemy.engine.Engine [cached since 1405s ago] (273, 272, 270, 269, 268, 267, 266, 265, 245, 243)
INFO:     130.60.193.7:61804 - "GET /projects/1001/datasets?q=&page=1&per=10 HTTP/1.1" 200 OK
2026-05-13 13:22:23,806 INFO sqlalchemy.engine.Engine ROLLBACK
2026-05-13 13:22:23,812 INFO sqlalchemy.engine.Engine BEGIN (implicit)
2026-05-13 13:22:23,812 INFO sqlalchemy.engine.Engine SELECT datasets.id, datasets.parent_id, datasets.name, datasets.comment 
FROM datasets JOIN projects ON datasets.project_id = projects.id 
WHERE projects.number = ?
2026-05-13 13:22:23,813 INFO sqlalchemy.engine.Engine [cached since 1308s ago] (1001,)
2026-05-13 13:22:23,813 INFO sqlalchemy.engine.Engine SELECT datasets.parent_id, count(datasets.id) AS count_1 
FROM datasets 
WHERE datasets.parent_id IN (?, ?, ?, ?, ?, ?, ?, ?, ?, ?, ?, ?, ?, ?, ?, ?, ?, ?, ?, ?, ?, ?, ?, ?, ?, ?, ?, ?, ?, ?, ?, ?, ?, ?, ?, ?, ?, ?, ?, ?, ?, ?, ?, ?, ?, ?, ?, ?, ?, ?, ?, ?, ?, ?, ?, ?, ?, ?, ?, ?, ?, ?, ?) GROUP BY datasets.parent_id
2026-05-13 13:22:23,813 INFO sqlalchemy.engine.Engine [cached since 1308s ago] (129, 130, 131, 132, 133, 137, 265, 266, 267, 141, 268, 269, 270, 17, 18, 19, 20, 145, 147, 23, 150, 151, 152, 153, 154, 155, 37, 39, 168, 169, 44, 172, 173, 47, 51, 179, 53, 54, 180, 182, 185, 186, 188, 189, 190, 199, 200, 201, 202, 203, 205, 206, 272, 220, 221, 222, 273, 224, 228, 234, 243, 245, 127)
INFO:     130.60.193.7:61802 - "GET /projects/1001/datasets/tree HTTP/1.1" 200 OK
2026-05-13 13:22:23,814 INFO sqlalchemy.engine.Engine ROLLBACK
INFO:     130.60.193.7:61804 - "GET /auth/me HTTP/1.1" 200 OK
INFO:     130.60.193.7:61804 - "GET /projects/ HTTP/1.1" 200 OK
2026-05-13 13:23:15,925 INFO sqlalchemy.engine.Engine BEGIN (implicit)
2026-05-13 13:23:15,926 INFO sqlalchemy.engine.Engine SELECT count(*) AS count_1 
FROM datasets JOIN projects ON datasets.project_id = projects.id 
WHERE projects.number = ?
2026-05-13 13:23:15,926 INFO sqlalchemy.engine.Engine [cached since 1457s ago] (1001,)
2026-05-13 13:23:15,926 INFO sqlalchemy.engine.Engine SELECT datasets.id, datasets.project_id, datasets.parent_id, datasets.user_id, datasets.name, datasets.md5, datasets.comment, datasets.num_samples, datasets.completed_samples, datasets.sushi_app_name, datasets.job_parameters, datasets.bfabric_id, datasets.workunit_id, datasets.order_ids, datasets.created_at, datasets.updated_at 
FROM datasets JOIN projects ON datasets.project_id = projects.id 
WHERE projects.number = ? ORDER BY datasets.created_at DESC
 LIMIT ? OFFSET ?
2026-05-13 13:23:15,926 INFO sqlalchemy.engine.Engine [cached since 1457s ago] (1001, 10, 0)
2026-05-13 13:23:15,937 INFO sqlalchemy.engine.Engine SELECT users.id, users.login, users.email 
FROM users 
WHERE users.id IN (?)
2026-05-13 13:23:15,937 INFO sqlalchemy.engine.Engine [cached since 1457s ago] (2,)
2026-05-13 13:23:15,939 INFO sqlalchemy.engine.Engine SELECT datasets.id, datasets.parent_id 
FROM datasets 
WHERE datasets.parent_id IN (?, ?, ?, ?, ?, ?, ?, ?, ?, ?)
INFO:     130.60.193.7:61934 - "GET /auth/login_options HTTP/1.1" 200 OK
2026-05-13 13:23:15,939 INFO sqlalchemy.engine.Engine [cached since 1457s ago] (273, 272, 270, 269, 268, 267, 266, 265, 245, 243)
2026-05-13 13:23:15,941 INFO sqlalchemy.engine.Engine BEGIN (implicit)
2026-05-13 13:23:15,941 INFO sqlalchemy.engine.Engine SELECT datasets.id, datasets.parent_id, datasets.name, datasets.comment 
FROM datasets JOIN projects ON datasets.project_id = projects.id 
WHERE projects.number = ?
INFO:     130.60.193.7:61805 - "GET /projects/1001/datasets?q=&page=1&per=10 HTTP/1.1" 200 OK
2026-05-13 13:23:15,942 INFO sqlalchemy.engine.Engine [cached since 1361s ago] (1001,)
2026-05-13 13:23:15,942 INFO sqlalchemy.engine.Engine ROLLBACK
2026-05-13 13:23:15,943 INFO sqlalchemy.engine.Engine SELECT datasets.parent_id, count(datasets.id) AS count_1 
FROM datasets 
WHERE datasets.parent_id IN (?, ?, ?, ?, ?, ?, ?, ?, ?, ?, ?, ?, ?, ?, ?, ?, ?, ?, ?, ?, ?, ?, ?, ?, ?, ?, ?, ?, ?, ?, ?, ?, ?, ?, ?, ?, ?, ?, ?, ?, ?, ?, ?, ?, ?, ?, ?, ?, ?, ?, ?, ?, ?, ?, ?, ?, ?, ?, ?, ?, ?, ?, ?) GROUP BY datasets.parent_id
2026-05-13 13:23:15,943 INFO sqlalchemy.engine.Engine [cached since 1361s ago] (129, 130, 131, 132, 133, 137, 265, 266, 267, 141, 268, 269, 270, 17, 18, 19, 20, 145, 147, 23, 150, 151, 152, 153, 154, 155, 37, 39, 168, 169, 44, 172, 173, 47, 51, 179, 53, 54, 180, 182, 185, 186, 188, 189, 190, 199, 200, 201, 202, 203, 205, 206, 272, 220, 221, 222, 273, 224, 228, 234, 243, 245, 127)
INFO:     130.60.193.7:61933 - "GET /projects/1001/datasets/tree HTTP/1.1" 200 OK
2026-05-13 13:23:15,944 INFO sqlalchemy.engine.Engine ROLLBACK
INFO:     130.60.193.7:61934 - "GET /auth/me HTTP/1.1" 200 OK
INFO:     130.60.193.7:61934 - "GET /projects/ HTTP/1.1" 200 OK
INFO:     130.60.193.7:61950 - "GET /auth/login_options HTTP/1.1" 200 OK
2026-05-13 13:23:32,363 INFO sqlalchemy.engine.Engine BEGIN (implicit)
2026-05-13 13:23:32,364 INFO sqlalchemy.engine.Engine SELECT count(*) AS count_1 
FROM datasets JOIN projects ON datasets.project_id = projects.id 
WHERE projects.number = ?
2026-05-13 13:23:32,364 INFO sqlalchemy.engine.Engine [cached since 1474s ago] (1001,)
2026-05-13 13:23:32,364 INFO sqlalchemy.engine.Engine SELECT datasets.id, datasets.project_id, datasets.parent_id, datasets.user_id, datasets.name, datasets.md5, datasets.comment, datasets.num_samples, datasets.completed_samples, datasets.sushi_app_name, datasets.job_parameters, datasets.bfabric_id, datasets.workunit_id, datasets.order_ids, datasets.created_at, datasets.updated_at 
FROM datasets JOIN projects ON datasets.project_id = projects.id 
WHERE projects.number = ? ORDER BY datasets.created_at DESC
 LIMIT ? OFFSET ?
2026-05-13 13:23:32,364 INFO sqlalchemy.engine.Engine [cached since 1474s ago] (1001, 10, 0)
2026-05-13 13:23:32,365 INFO sqlalchemy.engine.Engine BEGIN (implicit)
2026-05-13 13:23:32,365 INFO sqlalchemy.engine.Engine SELECT datasets.id, datasets.parent_id, datasets.name, datasets.comment 
FROM datasets JOIN projects ON datasets.project_id = projects.id 
WHERE projects.number = ?
2026-05-13 13:23:32,366 INFO sqlalchemy.engine.Engine [cached since 1377s ago] (1001,)
2026-05-13 13:23:32,376 INFO sqlalchemy.engine.Engine SELECT users.id, users.login, users.email 
FROM users 
WHERE users.id IN (?)
2026-05-13 13:23:32,376 INFO sqlalchemy.engine.Engine [cached since 1474s ago] (2,)
2026-05-13 13:23:32,377 INFO sqlalchemy.engine.Engine SELECT datasets.id, datasets.parent_id 
FROM datasets 
WHERE datasets.parent_id IN (?, ?, ?, ?, ?, ?, ?, ?, ?, ?)
2026-05-13 13:23:32,377 INFO sqlalchemy.engine.Engine [cached since 1474s ago] (273, 272, 270, 269, 268, 267, 266, 265, 245, 243)
2026-05-13 13:23:32,378 INFO sqlalchemy.engine.Engine SELECT datasets.parent_id, count(datasets.id) AS count_1 
FROM datasets 
WHERE datasets.parent_id IN (?, ?, ?, ?, ?, ?, ?, ?, ?, ?, ?, ?, ?, ?, ?, ?, ?, ?, ?, ?, ?, ?, ?, ?, ?, ?, ?, ?, ?, ?, ?, ?, ?, ?, ?, ?, ?, ?, ?, ?, ?, ?, ?, ?, ?, ?, ?, ?, ?, ?, ?, ?, ?, ?, ?, ?, ?, ?, ?, ?, ?, ?, ?) GROUP BY datasets.parent_id
2026-05-13 13:23:32,378 INFO sqlalchemy.engine.Engine [cached since 1377s ago] (129, 130, 131, 132, 133, 137, 265, 266, 267, 141, 268, 269, 270, 17, 18, 19, 20, 145, 147, 23, 150, 151, 152, 153, 154, 155, 37, 39, 168, 169, 44, 172, 173, 47, 51, 179, 53, 54, 180, 182, 185, 186, 188, 189, 190, 199, 200, 201, 202, 203, 205, 206, 272, 220, 221, 222, 273, 224, 228, 234, 243, 245, 127)
INFO:     130.60.193.7:61948 - "GET /projects/1001/datasets?q=&page=1&per=10 HTTP/1.1" 200 OK
2026-05-13 13:23:32,379 INFO sqlalchemy.engine.Engine ROLLBACK
INFO:     130.60.193.7:61949 - "GET /projects/1001/datasets/tree HTTP/1.1" 200 OK
2026-05-13 13:23:32,380 INFO sqlalchemy.engine.Engine ROLLBACK
INFO:     130.60.193.7:61950 - "GET /auth/me HTTP/1.1" 200 OK
INFO:     130.60.193.7:61950 - "GET /projects/ HTTP/1.1" 200 OK
2026-05-13 13:24:41,197 INFO sqlalchemy.engine.Engine BEGIN (implicit)
2026-05-13 13:24:41,198 INFO sqlalchemy.engine.Engine SELECT count(*) AS count_1 
FROM datasets JOIN projects ON datasets.project_id = projects.id 
WHERE projects.number = ?
2026-05-13 13:24:41,198 INFO sqlalchemy.engine.Engine [cached since 1543s ago] (1001,)
2026-05-13 13:24:41,198 INFO sqlalchemy.engine.Engine SELECT datasets.id, datasets.project_id, datasets.parent_id, datasets.user_id, datasets.name, datasets.md5, datasets.comment, datasets.num_samples, datasets.completed_samples, datasets.sushi_app_name, datasets.job_parameters, datasets.bfabric_id, datasets.workunit_id, datasets.order_ids, datasets.created_at, datasets.updated_at 
FROM datasets JOIN projects ON datasets.project_id = projects.id 
WHERE projects.number = ? ORDER BY datasets.created_at DESC
 LIMIT ? OFFSET ?
2026-05-13 13:24:41,198 INFO sqlalchemy.engine.Engine [cached since 1543s ago] (1001, 10, 0)
2026-05-13 13:24:41,210 INFO sqlalchemy.engine.Engine SELECT users.id, users.login, users.email 
FROM users 
WHERE users.id IN (?)
2026-05-13 13:24:41,210 INFO sqlalchemy.engine.Engine [cached since 1543s ago] (2,)
2026-05-13 13:24:41,210 INFO sqlalchemy.engine.Engine SELECT datasets.id, datasets.parent_id 
FROM datasets 
WHERE datasets.parent_id IN (?, ?, ?, ?, ?, ?, ?, ?, ?, ?)
INFO:     130.60.193.7:61976 - "GET /auth/login_options HTTP/1.1" 200 OK
2026-05-13 13:24:41,211 INFO sqlalchemy.engine.Engine [cached since 1543s ago] (273, 272, 270, 269, 268, 267, 266, 265, 245, 243)
2026-05-13 13:24:41,212 INFO sqlalchemy.engine.Engine BEGIN (implicit)
2026-05-13 13:24:41,212 INFO sqlalchemy.engine.Engine SELECT datasets.id, datasets.parent_id, datasets.name, datasets.comment 
FROM datasets JOIN projects ON datasets.project_id = projects.id 
WHERE projects.number = ?
2026-05-13 13:24:41,212 INFO sqlalchemy.engine.Engine [cached since 1446s ago] (1001,)
INFO:     130.60.193.7:61974 - "GET /projects/1001/datasets?q=&page=1&per=10 HTTP/1.1" 200 OK
2026-05-13 13:24:41,213 INFO sqlalchemy.engine.Engine ROLLBACK
2026-05-13 13:24:41,214 INFO sqlalchemy.engine.Engine SELECT datasets.parent_id, count(datasets.id) AS count_1 
FROM datasets 
WHERE datasets.parent_id IN (?, ?, ?, ?, ?, ?, ?, ?, ?, ?, ?, ?, ?, ?, ?, ?, ?, ?, ?, ?, ?, ?, ?, ?, ?, ?, ?, ?, ?, ?, ?, ?, ?, ?, ?, ?, ?, ?, ?, ?, ?, ?, ?, ?, ?, ?, ?, ?, ?, ?, ?, ?, ?, ?, ?, ?, ?, ?, ?, ?, ?, ?, ?) GROUP BY datasets.parent_id
2026-05-13 13:24:41,214 INFO sqlalchemy.engine.Engine [cached since 1446s ago] (129, 130, 131, 132, 133, 137, 265, 266, 267, 141, 268, 269, 270, 17, 18, 19, 20, 145, 147, 23, 150, 151, 152, 153, 154, 155, 37, 39, 168, 169, 44, 172, 173, 47, 51, 179, 53, 54, 180, 182, 185, 186, 188, 189, 190, 199, 200, 201, 202, 203, 205, 206, 272, 220, 221, 222, 273, 224, 228, 234, 243, 245, 127)
INFO:     130.60.193.7:61975 - "GET /projects/1001/datasets/tree HTTP/1.1" 200 OK
2026-05-13 13:24:41,215 INFO sqlalchemy.engine.Engine ROLLBACK
INFO:     130.60.193.7:61976 - "GET /auth/me HTTP/1.1" 200 OK
INFO:     130.60.193.7:61975 - "GET /projects/ HTTP/1.1" 200 OK
2026-05-13 13:26:01,539 INFO sqlalchemy.engine.Engine BEGIN (implicit)
2026-05-13 13:26:01,540 INFO sqlalchemy.engine.Engine SELECT count(*) AS count_1 
FROM datasets JOIN projects ON datasets.project_id = projects.id 
WHERE projects.number = ?
2026-05-13 13:26:01,540 INFO sqlalchemy.engine.Engine [cached since 1623s ago] (1001,)
2026-05-13 13:26:01,540 INFO sqlalchemy.engine.Engine SELECT datasets.id, datasets.project_id, datasets.parent_id, datasets.user_id, datasets.name, datasets.md5, datasets.comment, datasets.num_samples, datasets.completed_samples, datasets.sushi_app_name, datasets.job_parameters, datasets.bfabric_id, datasets.workunit_id, datasets.order_ids, datasets.created_at, datasets.updated_at 
FROM datasets JOIN projects ON datasets.project_id = projects.id 
WHERE projects.number = ? ORDER BY datasets.created_at DESC
 LIMIT ? OFFSET ?
2026-05-13 13:26:01,540 INFO sqlalchemy.engine.Engine [cached since 1623s ago] (1001, 10, 0)
2026-05-13 13:26:01,543 INFO sqlalchemy.engine.Engine BEGIN (implicit)
INFO:     130.60.193.7:62001 - "GET /auth/login_options HTTP/1.1" 200 OK
2026-05-13 13:26:01,549 INFO sqlalchemy.engine.Engine SELECT datasets.id, datasets.parent_id, datasets.name, datasets.comment 
FROM datasets JOIN projects ON datasets.project_id = projects.id 
WHERE projects.number = ?
2026-05-13 13:26:01,554 INFO sqlalchemy.engine.Engine SELECT users.id, users.login, users.email 
FROM users 
WHERE users.id IN (?)
2026-05-13 13:26:01,555 INFO sqlalchemy.engine.Engine [cached since 1526s ago] (1001,)
2026-05-13 13:26:01,555 INFO sqlalchemy.engine.Engine [cached since 1623s ago] (2,)
2026-05-13 13:26:01,556 INFO sqlalchemy.engine.Engine SELECT datasets.id, datasets.parent_id 
FROM datasets 
WHERE datasets.parent_id IN (?, ?, ?, ?, ?, ?, ?, ?, ?, ?)
2026-05-13 13:26:01,556 INFO sqlalchemy.engine.Engine [cached since 1623s ago] (273, 272, 270, 269, 268, 267, 266, 265, 245, 243)
INFO:     130.60.193.7:61999 - "GET /projects/1001/datasets?q=&page=1&per=10 HTTP/1.1" 200 OK
2026-05-13 13:26:01,557 INFO sqlalchemy.engine.Engine ROLLBACK
2026-05-13 13:26:01,557 INFO sqlalchemy.engine.Engine SELECT datasets.parent_id, count(datasets.id) AS count_1 
FROM datasets 
WHERE datasets.parent_id IN (?, ?, ?, ?, ?, ?, ?, ?, ?, ?, ?, ?, ?, ?, ?, ?, ?, ?, ?, ?, ?, ?, ?, ?, ?, ?, ?, ?, ?, ?, ?, ?, ?, ?, ?, ?, ?, ?, ?, ?, ?, ?, ?, ?, ?, ?, ?, ?, ?, ?, ?, ?, ?, ?, ?, ?, ?, ?, ?, ?, ?, ?, ?) GROUP BY datasets.parent_id
2026-05-13 13:26:01,558 INFO sqlalchemy.engine.Engine [cached since 1526s ago] (129, 130, 131, 132, 133, 137, 265, 266, 267, 141, 268, 269, 270, 17, 18, 19, 20, 145, 147, 23, 150, 151, 152, 153, 154, 155, 37, 39, 168, 169, 44, 172, 173, 47, 51, 179, 53, 54, 180, 182, 185, 186, 188, 189, 190, 199, 200, 201, 202, 203, 205, 206, 272, 220, 221, 222, 273, 224, 228, 234, 243, 245, 127)
INFO:     130.60.193.7:62000 - "GET /projects/1001/datasets/tree HTTP/1.1" 200 OK
2026-05-13 13:26:01,558 INFO sqlalchemy.engine.Engine ROLLBACK
INFO:     130.60.193.7:62001 - "GET /auth/me HTTP/1.1" 200 OK
INFO:     130.60.193.7:62001 - "GET /projects/ HTTP/1.1" 200 OK
2026-05-13 13:27:24,825 INFO sqlalchemy.engine.Engine BEGIN (implicit)
2026-05-13 13:27:24,825 INFO sqlalchemy.engine.Engine SELECT count(*) AS count_1 
FROM datasets JOIN projects ON datasets.project_id = projects.id 
WHERE projects.number = ?
2026-05-13 13:27:24,825 INFO sqlalchemy.engine.Engine [cached since 1706s ago] (1001,)
2026-05-13 13:27:24,826 INFO sqlalchemy.engine.Engine SELECT datasets.id, datasets.project_id, datasets.parent_id, datasets.user_id, datasets.name, datasets.md5, datasets.comment, datasets.num_samples, datasets.completed_samples, datasets.sushi_app_name, datasets.job_parameters, datasets.bfabric_id, datasets.workunit_id, datasets.order_ids, datasets.created_at, datasets.updated_at 
FROM datasets JOIN projects ON datasets.project_id = projects.id 
WHERE projects.number = ? ORDER BY datasets.created_at DESC
 LIMIT ? OFFSET ?
2026-05-13 13:27:24,826 INFO sqlalchemy.engine.Engine [cached since 1706s ago] (1001, 10, 0)
2026-05-13 13:27:24,838 INFO sqlalchemy.engine.Engine SELECT users.id, users.login, users.email 
FROM users 
WHERE users.id IN (?)
INFO:     130.60.193.7:62028 - "GET /auth/login_options HTTP/1.1" 200 OK
2026-05-13 13:27:24,838 INFO sqlalchemy.engine.Engine [cached since 1706s ago] (2,)
2026-05-13 13:27:24,840 INFO sqlalchemy.engine.Engine SELECT datasets.id, datasets.parent_id 
FROM datasets 
WHERE datasets.parent_id IN (?, ?, ?, ?, ?, ?, ?, ?, ?, ?)
2026-05-13 13:27:24,840 INFO sqlalchemy.engine.Engine [cached since 1706s ago] (273, 272, 270, 269, 268, 267, 266, 265, 245, 243)
2026-05-13 13:27:24,840 INFO sqlalchemy.engine.Engine BEGIN (implicit)
2026-05-13 13:27:24,841 INFO sqlalchemy.engine.Engine SELECT datasets.id, datasets.parent_id, datasets.name, datasets.comment 
FROM datasets JOIN projects ON datasets.project_id = projects.id 
WHERE projects.number = ?
2026-05-13 13:27:24,841 INFO sqlalchemy.engine.Engine [cached since 1609s ago] (1001,)
2026-05-13 13:27:24,841 INFO sqlalchemy.engine.Engine SELECT datasets.parent_id, count(datasets.id) AS count_1 
FROM datasets 
WHERE datasets.parent_id IN (?, ?, ?, ?, ?, ?, ?, ?, ?, ?, ?, ?, ?, ?, ?, ?, ?, ?, ?, ?, ?, ?, ?, ?, ?, ?, ?, ?, ?, ?, ?, ?, ?, ?, ?, ?, ?, ?, ?, ?, ?, ?, ?, ?, ?, ?, ?, ?, ?, ?, ?, ?, ?, ?, ?, ?, ?, ?, ?, ?, ?, ?, ?) GROUP BY datasets.parent_id
2026-05-13 13:27:24,841 INFO sqlalchemy.engine.Engine [cached since 1609s ago] (129, 130, 131, 132, 133, 137, 265, 266, 267, 141, 268, 269, 270, 17, 18, 19, 20, 145, 147, 23, 150, 151, 152, 153, 154, 155, 37, 39, 168, 169, 44, 172, 173, 47, 51, 179, 53, 54, 180, 182, 185, 186, 188, 189, 190, 199, 200, 201, 202, 203, 205, 206, 272, 220, 221, 222, 273, 224, 228, 234, 243, 245, 127)
INFO:     130.60.193.7:62029 - "GET /projects/1001/datasets/tree HTTP/1.1" 200 OK
2026-05-13 13:27:24,843 INFO sqlalchemy.engine.Engine ROLLBACK
INFO:     130.60.193.7:62027 - "GET /projects/1001/datasets?q=&page=1&per=10 HTTP/1.1" 200 OK
2026-05-13 13:27:24,843 INFO sqlalchemy.engine.Engine ROLLBACK
INFO:     130.60.193.7:62028 - "GET /auth/me HTTP/1.1" 200 OK
INFO:     130.60.193.7:62028 - "GET /projects/ HTTP/1.1" 200 OK
2026-05-13 13:28:30,983 INFO sqlalchemy.engine.Engine BEGIN (implicit)
2026-05-13 13:28:30,984 INFO sqlalchemy.engine.Engine SELECT count(*) AS count_1 
FROM datasets JOIN projects ON datasets.project_id = projects.id 
WHERE projects.number = ?
2026-05-13 13:28:30,984 INFO sqlalchemy.engine.Engine [cached since 1772s ago] (1001,)
2026-05-13 13:28:30,984 INFO sqlalchemy.engine.Engine SELECT datasets.id, datasets.project_id, datasets.parent_id, datasets.user_id, datasets.name, datasets.md5, datasets.comment, datasets.num_samples, datasets.completed_samples, datasets.sushi_app_name, datasets.job_parameters, datasets.bfabric_id, datasets.workunit_id, datasets.order_ids, datasets.created_at, datasets.updated_at 
FROM datasets JOIN projects ON datasets.project_id = projects.id 
WHERE projects.number = ? ORDER BY datasets.created_at DESC
 LIMIT ? OFFSET ?
2026-05-13 13:28:30,985 INFO sqlalchemy.engine.Engine [cached since 1772s ago] (1001, 10, 0)
INFO:     130.60.193.7:62053 - "GET /auth/login_options HTTP/1.1" 200 OK
2026-05-13 13:28:30,987 INFO sqlalchemy.engine.Engine BEGIN (implicit)
2026-05-13 13:28:30,988 INFO sqlalchemy.engine.Engine SELECT datasets.id, datasets.parent_id, datasets.name, datasets.comment 
FROM datasets JOIN projects ON datasets.project_id = projects.id 
WHERE projects.number = ?
2026-05-13 13:28:30,988 INFO sqlalchemy.engine.Engine [cached since 1676s ago] (1001,)
2026-05-13 13:28:30,998 INFO sqlalchemy.engine.Engine SELECT users.id, users.login, users.email 
FROM users 
WHERE users.id IN (?)
2026-05-13 13:28:30,998 INFO sqlalchemy.engine.Engine [cached since 1772s ago] (2,)
2026-05-13 13:28:30,999 INFO sqlalchemy.engine.Engine SELECT datasets.id, datasets.parent_id 
FROM datasets 
WHERE datasets.parent_id IN (?, ?, ?, ?, ?, ?, ?, ?, ?, ?)
2026-05-13 13:28:30,999 INFO sqlalchemy.engine.Engine [cached since 1772s ago] (273, 272, 270, 269, 268, 267, 266, 265, 245, 243)
INFO:     130.60.193.7:62054 - "GET /projects/1001/datasets?q=&page=1&per=10 HTTP/1.1" 200 OK
2026-05-13 13:28:31,000 INFO sqlalchemy.engine.Engine ROLLBACK
2026-05-13 13:28:31,001 INFO sqlalchemy.engine.Engine SELECT datasets.parent_id, count(datasets.id) AS count_1 
FROM datasets 
WHERE datasets.parent_id IN (?, ?, ?, ?, ?, ?, ?, ?, ?, ?, ?, ?, ?, ?, ?, ?, ?, ?, ?, ?, ?, ?, ?, ?, ?, ?, ?, ?, ?, ?, ?, ?, ?, ?, ?, ?, ?, ?, ?, ?, ?, ?, ?, ?, ?, ?, ?, ?, ?, ?, ?, ?, ?, ?, ?, ?, ?, ?, ?, ?, ?, ?, ?) GROUP BY datasets.parent_id
2026-05-13 13:28:31,001 INFO sqlalchemy.engine.Engine [cached since 1676s ago] (129, 130, 131, 132, 133, 137, 265, 266, 267, 141, 268, 269, 270, 17, 18, 19, 20, 145, 147, 23, 150, 151, 152, 153, 154, 155, 37, 39, 168, 169, 44, 172, 173, 47, 51, 179, 53, 54, 180, 182, 185, 186, 188, 189, 190, 199, 200, 201, 202, 203, 205, 206, 272, 220, 221, 222, 273, 224, 228, 234, 243, 245, 127)
INFO:     130.60.193.7:62052 - "GET /projects/1001/datasets/tree HTTP/1.1" 200 OK
2026-05-13 13:28:31,001 INFO sqlalchemy.engine.Engine ROLLBACK
INFO:     130.60.193.7:62053 - "GET /auth/me HTTP/1.1" 200 OK
INFO:     130.60.193.7:62053 - "GET /projects/ HTTP/1.1" 200 OK
2026-05-13 13:29:17,453 INFO sqlalchemy.engine.Engine BEGIN (implicit)
2026-05-13 13:29:17,453 INFO sqlalchemy.engine.Engine SELECT count(*) AS count_1 
FROM datasets JOIN projects ON datasets.project_id = projects.id 
WHERE projects.number = ?
2026-05-13 13:29:17,453 INFO sqlalchemy.engine.Engine [cached since 1819s ago] (1001,)
2026-05-13 13:29:17,453 INFO sqlalchemy.engine.Engine SELECT datasets.id, datasets.project_id, datasets.parent_id, datasets.user_id, datasets.name, datasets.md5, datasets.comment, datasets.num_samples, datasets.completed_samples, datasets.sushi_app_name, datasets.job_parameters, datasets.bfabric_id, datasets.workunit_id, datasets.order_ids, datasets.created_at, datasets.updated_at 
FROM datasets JOIN projects ON datasets.project_id = projects.id 
WHERE projects.number = ? ORDER BY datasets.created_at DESC
 LIMIT ? OFFSET ?
2026-05-13 13:29:17,454 INFO sqlalchemy.engine.Engine [cached since 1819s ago] (1001, 10, 0)
INFO:     130.60.193.7:62074 - "GET /auth/login_options HTTP/1.1" 200 OK
2026-05-13 13:29:17,467 INFO sqlalchemy.engine.Engine SELECT users.id, users.login, users.email 
FROM users 
WHERE users.id IN (?)
2026-05-13 13:29:17,467 INFO sqlalchemy.engine.Engine [cached since 1819s ago] (2,)
2026-05-13 13:29:17,467 INFO sqlalchemy.engine.Engine BEGIN (implicit)
2026-05-13 13:29:17,468 INFO sqlalchemy.engine.Engine SELECT datasets.id, datasets.parent_id 
FROM datasets 
WHERE datasets.parent_id IN (?, ?, ?, ?, ?, ?, ?, ?, ?, ?)
2026-05-13 13:29:17,468 INFO sqlalchemy.engine.Engine SELECT datasets.id, datasets.parent_id, datasets.name, datasets.comment 
FROM datasets JOIN projects ON datasets.project_id = projects.id 
WHERE projects.number = ?
2026-05-13 13:29:17,468 INFO sqlalchemy.engine.Engine [cached since 1819s ago] (273, 272, 270, 269, 268, 267, 266, 265, 245, 243)
2026-05-13 13:29:17,468 INFO sqlalchemy.engine.Engine [cached since 1722s ago] (1001,)
INFO:     130.60.193.7:62072 - "GET /projects/1001/datasets?q=&page=1&per=10 HTTP/1.1" 200 OK
2026-05-13 13:29:17,469 INFO sqlalchemy.engine.Engine ROLLBACK
2026-05-13 13:29:17,470 INFO sqlalchemy.engine.Engine SELECT datasets.parent_id, count(datasets.id) AS count_1 
FROM datasets 
WHERE datasets.parent_id IN (?, ?, ?, ?, ?, ?, ?, ?, ?, ?, ?, ?, ?, ?, ?, ?, ?, ?, ?, ?, ?, ?, ?, ?, ?, ?, ?, ?, ?, ?, ?, ?, ?, ?, ?, ?, ?, ?, ?, ?, ?, ?, ?, ?, ?, ?, ?, ?, ?, ?, ?, ?, ?, ?, ?, ?, ?, ?, ?, ?, ?, ?, ?) GROUP BY datasets.parent_id
2026-05-13 13:29:17,470 INFO sqlalchemy.engine.Engine [cached since 1722s ago] (129, 130, 131, 132, 133, 137, 265, 266, 267, 141, 268, 269, 270, 17, 18, 19, 20, 145, 147, 23, 150, 151, 152, 153, 154, 155, 37, 39, 168, 169, 44, 172, 173, 47, 51, 179, 53, 54, 180, 182, 185, 186, 188, 189, 190, 199, 200, 201, 202, 203, 205, 206, 272, 220, 221, 222, 273, 224, 228, 234, 243, 245, 127)
INFO:     130.60.193.7:62073 - "GET /projects/1001/datasets/tree HTTP/1.1" 200 OK
2026-05-13 13:29:17,470 INFO sqlalchemy.engine.Engine ROLLBACK
INFO:     130.60.193.7:62074 - "GET /auth/me HTTP/1.1" 200 OK
INFO:     130.60.193.7:62074 - "GET /projects/ HTTP/1.1" 200 OK
2026-05-13 13:29:36,524 INFO sqlalchemy.engine.Engine BEGIN (implicit)
2026-05-13 13:29:36,525 INFO sqlalchemy.engine.Engine SELECT count(*) AS count_1 
FROM datasets JOIN projects ON datasets.project_id = projects.id 
WHERE projects.number = ?
2026-05-13 13:29:36,525 INFO sqlalchemy.engine.Engine [cached since 1838s ago] (1001,)
2026-05-13 13:29:36,525 INFO sqlalchemy.engine.Engine SELECT datasets.id, datasets.project_id, datasets.parent_id, datasets.user_id, datasets.name, datasets.md5, datasets.comment, datasets.num_samples, datasets.completed_samples, datasets.sushi_app_name, datasets.job_parameters, datasets.bfabric_id, datasets.workunit_id, datasets.order_ids, datasets.created_at, datasets.updated_at 
FROM datasets JOIN projects ON datasets.project_id = projects.id 
WHERE projects.number = ? ORDER BY datasets.created_at DESC
 LIMIT ? OFFSET ?
2026-05-13 13:29:36,525 INFO sqlalchemy.engine.Engine [cached since 1838s ago] (1001, 10, 0)
2026-05-13 13:29:36,537 INFO sqlalchemy.engine.Engine SELECT users.id, users.login, users.email 
FROM users 
WHERE users.id IN (?)
2026-05-13 13:29:36,537 INFO sqlalchemy.engine.Engine [cached since 1838s ago] (2,)
2026-05-13 13:29:36,537 INFO sqlalchemy.engine.Engine SELECT datasets.id, datasets.parent_id 
FROM datasets 
WHERE datasets.parent_id IN (?, ?, ?, ?, ?, ?, ?, ?, ?, ?)
2026-05-13 13:29:36,537 INFO sqlalchemy.engine.Engine [cached since 1838s ago] (273, 272, 270, 269, 268, 267, 266, 265, 245, 243)
INFO:     130.60.193.7:62088 - "GET /auth/login_options HTTP/1.1" 200 OK
INFO:     130.60.193.7:62086 - "GET /projects/1001/datasets?q=&page=1&per=10 HTTP/1.1" 200 OK
2026-05-13 13:29:36,539 INFO sqlalchemy.engine.Engine ROLLBACK
2026-05-13 13:29:36,540 INFO sqlalchemy.engine.Engine BEGIN (implicit)
2026-05-13 13:29:36,540 INFO sqlalchemy.engine.Engine SELECT datasets.id, datasets.parent_id, datasets.name, datasets.comment 
FROM datasets JOIN projects ON datasets.project_id = projects.id 
WHERE projects.number = ?
2026-05-13 13:29:36,540 INFO sqlalchemy.engine.Engine [cached since 1741s ago] (1001,)
2026-05-13 13:29:36,541 INFO sqlalchemy.engine.Engine SELECT datasets.parent_id, count(datasets.id) AS count_1 
FROM datasets 
WHERE datasets.parent_id IN (?, ?, ?, ?, ?, ?, ?, ?, ?, ?, ?, ?, ?, ?, ?, ?, ?, ?, ?, ?, ?, ?, ?, ?, ?, ?, ?, ?, ?, ?, ?, ?, ?, ?, ?, ?, ?, ?, ?, ?, ?, ?, ?, ?, ?, ?, ?, ?, ?, ?, ?, ?, ?, ?, ?, ?, ?, ?, ?, ?, ?, ?, ?) GROUP BY datasets.parent_id
2026-05-13 13:29:36,541 INFO sqlalchemy.engine.Engine [cached since 1741s ago] (129, 130, 131, 132, 133, 137, 265, 266, 267, 141, 268, 269, 270, 17, 18, 19, 20, 145, 147, 23, 150, 151, 152, 153, 154, 155, 37, 39, 168, 169, 44, 172, 173, 47, 51, 179, 53, 54, 180, 182, 185, 186, 188, 189, 190, 199, 200, 201, 202, 203, 205, 206, 272, 220, 221, 222, 273, 224, 228, 234, 243, 245, 127)
INFO:     130.60.193.7:62087 - "GET /projects/1001/datasets/tree HTTP/1.1" 200 OK
2026-05-13 13:29:36,542 INFO sqlalchemy.engine.Engine ROLLBACK
INFO:     130.60.193.7:62088 - "GET /auth/me HTTP/1.1" 200 OK
INFO:     130.60.193.7:62088 - "GET /projects/ HTTP/1.1" 200 OK
